ValveID,Service_Fluid,Operating_Pressure_bar,Operating_Temperature_C,DeltaP_bar,Cv,Leakage_Class,Cavitation_or_Noise_Requirement,AntiCavitation_Trim,LowNoise_Trim,Flashing_Risk,Valve_Type,NPS_inch,DN_mm,Pressure_Class_ASME,Bore,End_Connection,FaceToFace_Standard,Body_Material_Grade,Body_Material_Group,Trim_Material,Hardfacing_or_Coating,Seat_Type,NACE_MR0175,Chloride_Resistance_Required,Erosion_Resistance_Required,Cr_pct,Ni_pct,Mo_pct,C_pct,Actuator_Type,Fail_Action,Spring_Return,Positioner,Solenoid,Limit_Switch,Proximity_Sensor,Partial_Stroke_Test,Air_Set,Booster,Volume_Tank,ASME_B16_34,API_598_Testing,API_607_FireSafe,Fugitive_Emissions_Packing,NDT_Level,PMI,Heat_Treatment,ThirdParty_Inspection,Documentation_Pack,Manufacturing_Route,Machining_Complexity_1to5,Tolerance_Class,LeadTime_Weeks,Capacity_Load_Fraction,Routing_Operations_Count,Vendor_Brand_Tier,Foundry_Route,Localization_Fraction,Price_INR
V00001,Water,11.49,24,1.44,75,ISO Class V,None,0,0,0,Check,1.5,40,150,Reduced port,Socket-weld,ASME B16.10,CS/WCB,Carbon steel,SS316,None,PTFE,0,0,0,0.2,0.2,0.1,0.25,Manual,N/A,0,0,0,0,0,0,0,0,0,1,1,0,0,UT,0,0,1,Standard,Casting,1,Tight,4,0.74,12,Generic-India,Domestic,0.75,31512
V00002,Air,72.25,69.4,18.78,222.6,ISO Class V,None,0,0,0,Control,6,150,600,Full bore,Lug,API 6D,SS304,Stainless steel,Alloy 20,ENP (Electroless Nickel),PTFE,0,0,0,18,8,0.3,0.07,Electric,Fail-open,0,0,0,1,0,0,0,0,0,1,1,0,0,PT,0,0,1,Standard,Casting,5,Tight,5,0.76,18,Generic-India,Domestic,0.74,1140045
V00003,Water,181.66,80.6,12.85,54,ISO Class IV,None,0,0,0,Check,2,50,2500,Reduced port,Butt-weld,ISO 5752,SS316,Stainless steel,SS316,None,Metal seat,0,0,0,17,12,2.5,0.06,Manual,N/A,0,1,0,0,0,0,0,0,0,1,1,0,0,None,1,0,0,Full (EN10204 3.1 + QAP/ITP),Forging,3,Standard,15,0.76,16,Generic-India,Domestic,0.84,435152
V00004,Natural Gas,9.06,84.1,1.16,15.5,ISO Class II,None,0,0,0,Needle,0.5,15,150,Reduced port,Butt-weld,ASME B16.10,CS/WCB,Carbon steel,SS410,Ceramic coating,PTFE,1,0,0,0.2,0.2,0.1,0.25,Electric,Fail-open,1,0,0,1,0,0,0,0,0,1,0,0,0,PT+MT,1,0,0,Basic,Forging,4,Tight,8,0.62,10,Generic-India,Domestic,0.88,44886
V00005,Air,99.11,33.4,9.31,34.5,ISO Class IV,None,0,0,0,Check,1,25,900,Reduced port,Threaded,ASME B16.10,CS/WCB,Carbon steel,SS316,Tungsten carbide,Elastomer (NBR/EPDM),0,0,0,0.2,0.2,0.1,0.25,Pneumatic,Fail-open,0,1,1,1,1,0,1,1,0,1,1,0,0,RT,0,0,0,Basic,Forging,3,Tight,11,0.75,17,MidTier-India,Domestic,0.76,144221
V00006,Air,12.61,13.6,2.55,127.2,ISO Class III,None,0,0,0,Globe,6,150,150,Reduced port,Lug,ASME B16.10,A105,Carbon steel,SS316,None,Metal seat,0,0,0,0.2,0.1,0.05,0.2,Pneumatic,Fail-open,0,0,1,1,0,0,1,1,0,1,1,0,0,None,0,0,0,Full (EN10204 3.1 + QAP/ITP),Casting,2,Standard,7,0.9,10,Imported-Standard,Import,0.5,185549
V00007,Water,24.98,54.1,8.44,64.1,ISO Class III,None,0,0,0,Globe,2,50,300,Reduced port,Socket-weld,MSS SP-97,CS/WCB,Carbon steel,SS410,None,Elastomer (NBR/EPDM),0,0,0,0.2,0.2,0.1,0.25,Manual,N/A,0,0,0,0,0,0,0,0,0,1,1,0,1,MT,0,1,0,Full (EN10204 3.1 + QAP/ITP),Forging,4,Tight,7,0.66,18,Generic-India,Domestic,0.71,64374
V00008,Water,6.57,27,0.72,349.2,ISO Class III,None,0,0,0,Butterfly,10,250,150,Full bore,Flanged,ISO 5752,A105,Carbon steel,SS410,Tungsten carbide,Elastomer (NBR/EPDM),0,0,0,0.2,0.1,0.05,0.2,Manual,N/A,0,0,0,0,1,0,0,0,0,1,1,0,0,MT,0,1,0,Full (EN10204 3.1 + QAP/ITP),Casting,4,Standard,7,0.74,17,MidTier-India,Domestic,0.69,202544
V00009,Steam,109.87,198.2,6.27,19.1,ISO Class II,None,0,0,0,Check,1,25,1500,Reduced port,Butt-weld,ASME B16.10,A105,Carbon steel,Duplex 2205,Tungsten carbide,Metal seat,0,0,0,0.2,0.1,0.05,0.2,Gearbox,N/A,0,0,0,0,0,0,0,0,0,1,1,0,0,PT+MT,1,0,0,Basic,Forging,4,Tight,12,0.78,16,Imported-Standard,Import,0.45,165330
V00010,Water,48.33,48,0.05,170.8,ISO Class IV,None,0,0,0,Ball,10,250,600,Reduced port,Butt-weld,ASME B16.10,SS304,Stainless steel,SS316,Stellite,Elastomer (NBR/EPDM),0,0,0,18,8,0.3,0.07,Manual,N/A,0,0,0,0,0,0,0,0,0,1,1,0,0,None,0,1,0,Basic,Casting,1,Standard,5,0.77,9,Generic-India,Domestic,0.67,620091
V00011,Hydrocarbon,74.34,171.6,8.17,46.5,ISO Class V,None,0,0,0,Control,2,50,900,Full bore,Flanged,ASME B16.10,Duplex 2205,Duplex SS,Nickel Alloy 625,None,Elastomer (NBR/EPDM),0,0,0,22,5.5,3,0.03,Pneumatic,Fail-open,1,1,1,1,0,1,1,1,0,1,1,0,0,None,1,1,0,Standard,Forging,4,Tight,11,0.82,13,Generic-India,Domestic,0.8,824766
V00012,Slurry,44.33,62.2,7.56,325.5,ISO Class VI,None,0,0,0,Control,12,300,900,Reduced port,Flanged,ASME B16.10,Duplex 2205,Duplex SS,Stellite hardfaced,ENP (Electroless Nickel),Elastomer (NBR/EPDM),0,0,1,22,5.5,3,0.03,Pneumatic,Fail-in-place,1,1,1,1,0,1,1,1,1,1,1,0,1,None,0,0,0,Full (EN10204 3.1 + QAP/ITP),Forging,5,Tight,16,0.69,17,Generic-India,Domestic,0.79,2800000
V00013,Natural Gas,71.43,145,11.99,383.6,ISO Class VI,None,0,0,0,Check,20,500,600,Reduced port,Flanged,ASME B16.10,Bronze,Copper alloy,SS316,None,PTFE,1,0,0,0.2,0.8,0.1,0.02,Manual,N/A,0,0,0,0,0,0,0,0,0,1,1,0,1,MT,1,0,0,Standard,Casting,2,Tight,5,0.67,7,Premium-India,Domestic,0.88,906272
V00014,Steam,43.64,159.1,4.31,477.5,ISO Class III,None,0,0,0,Ball,10,250,900,Full bore,Flanged,ASME B16.10,CS/WCB,Carbon steel,SS316,None,PEEK,0,0,0,0.2,0.2,0.1,0.25,Gearbox,N/A,0,1,0,0,0,0,0,0,0,0,1,0,0,UT,0,0,0,Standard,Forging,5,Standard,17,0.77,9,Generic-India,Domestic,0.32,792489
V00015,Natural Gas,20.59,90.9,0.89,123,ISO Class V,None,0,0,0,Gate,4,100,300,Reduced port,Threaded,ASME B16.10,CS/WCB,Carbon steel,SS316,None,PTFE,1,0,0,0.2,0.2,0.1,0.25,Manual,N/A,0,0,0,0,0,0,0,0,0,1,1,0,0,RT,1,0,0,Basic,Forging,4,Tight,8,0.7,9,MidTier-India,Domestic,0.42,114984
V00016,Steam,55.11,326.1,4.84,509.6,ISO Class V,None,0,0,0,Gate,10,250,600,Reduced port,Flanged,API 6D,Bronze,Copper alloy,Nickel Alloy 625,Stellite,Metal seat,0,0,0,0.2,0.8,0.1,0.02,Manual,N/A,0,0,0,0,0,0,0,0,0,1,1,0,0,RT,0,0,0,Basic,Casting,2,Tight,4,0.6,10,Generic-India,Domestic,0.98,528833
V00017,Air,13.32,27.4,1.81,38.9,ISO Class IV,None,0,0,0,Ball,1,25,150,Full bore,Socket-weld,ASME B16.10,A105,Carbon steel,SS410,None,PTFE,0,0,0,0.2,0.1,0.05,0.2,Electric,Fail-close,0,1,0,1,0,0,0,0,0,0,1,1,1,PT+MT,0,0,0,Standard,Casting,3,Standard,8,0.64,16,MidTier-India,Domestic,0.66,60461
V00018,Steam,32.64,230.4,5.7,211.2,ISO Class II,None,0,0,0,Gate,6,150,600,Full bore,Butt-weld,API 6D,CS/WCB,Carbon steel,SS410,Stellite,Metal seat,0,0,0,0.2,0.2,0.1,0.25,Gearbox,N/A,0,0,0,0,0,0,0,0,0,1,1,0,0,RT,1,0,0,Basic,Casting,3,Tight,9,0.88,15,Generic-India,Domestic,0.67,423102
V00019,Corrosive (Acid),63.97,156.8,5.82,113.3,ISO Class VI,None,0,0,0,Check,6,150,600,Full bore,Flanged,ASME B16.10,SS316,Stainless steel,Stellite hardfaced,Stellite,PTFE,0,1,0,17,12,2.5,0.06,Pneumatic,Fail-open,1,0,1,1,0,0,1,1,0,1,1,0,0,None,1,1,0,Standard,Casting,1,Tight,13,0.93,13,Premium-India,Domestic,0.67,983261
V00020,Water,53.66,27.6,6.36,219.4,ISO Class IV,None,0,0,0,Check,8,200,900,Reduced port,Flanged,ISO 5752,CS/WCB,Carbon steel,SS410,None,PTFE,0,0,0,0.2,0.2,0.1,0.25,Manual,N/A,0,0,0,0,1,0,0,0,0,1,1,0,0,RT,1,0,1,Standard,Casting,3,Standard,8,0.76,21,Premium-India,Domestic,0.77,441927
V00021,Slurry,3.44,58.5,0.1,189.2,ISO Class VI,None,0,0,0,Ball,10,250,150,Full bore,Flanged,API 6D,CS/WCB,Carbon steel,SS316,ENP (Electroless Nickel),Metal seat,0,0,0,0.2,0.2,0.1,0.25,Pneumatic,Fail-open,1,0,1,1,0,0,1,1,1,0,1,0,0,MT,1,0,0,Standard,Forging,2,Tight,7,0.83,7,Generic-India,Domestic,0.76,440993
V00022,Hydrocarbon,50.08,190.2,5.62,89.7,ISO Class III,None,0,0,0,Ball,1.5,40,600,Full bore,Butt-weld,ISO 5752,CS/WCB,Carbon steel,Stellite hardfaced,None,Metal seat,0,0,0,0.2,0.2,0.1,0.25,Manual,N/A,0,0,0,0,0,0,0,0,0,1,1,0,1,MT,0,0,0,Basic,Casting,3,Standard,6,0.69,15,MidTier-India,Domestic,0.79,93961
V00023,Oxygen,28.88,46.8,6.67,304.8,ISO Class VI,None,0,0,0,Ball,4,100,300,Reduced port,Butt-weld,API 6D,SS316,Stainless steel,SS410,None,PTFE,0,1,0,17,12,2.5,0.06,Manual,N/A,0,0,0,0,0,0,0,0,0,1,0,0,0,PT+MT,0,0,0,Standard,Casting,2,Tight,7,0.54,11,MidTier-India,Domestic,0.81,244790
V00024,Natural Gas,177.98,74.2,0.05,547.9,ISO Class III,None,0,0,0,Butterfly,18,450,2500,Reduced port,Lug,ISO 5752,Duplex 2205,Duplex SS,SS316,None,PTFE,0,0,0,22,5.5,3,0.03,Manual,N/A,0,0,0,0,0,0,0,0,0,1,1,0,0,UT,1,0,0,Standard,Forging,3,Standard,9,0.61,14,MidTier-India,Domestic,0.4,1210766
V00025,Slurry,17.73,21.4,0.25,748.5,ISO Class II,None,0,0,0,Check,10,250,150,Reduced port,Flanged,API 6D,CS/WCB,Carbon steel,SS316,Stellite,PTFE,0,0,1,0.2,0.2,0.1,0.25,Manual,N/A,0,0,0,0,0,0,0,0,0,1,1,0,1,UT+RT,0,1,1,Standard,Casting,5,Standard,4,0.68,16,Imported-Standard,Import,0.61,236664
V00026,Slurry,51.6,83.3,5.47,27.6,ISO Class IV,None,0,0,0,Check,1,25,600,Full bore,Butt-weld,ASME B16.10,CS/WCB,Carbon steel,Stellite hardfaced,ENP (Electroless Nickel),Metal seat,0,0,1,0.2,0.2,0.1,0.25,Manual,N/A,0,1,0,0,0,0,0,0,0,1,1,1,0,MT,1,0,0,Standard,Casting,3,Standard,4,0.69,13,Imported-Standard,Import,0.38,95079
V00027,Water,161.89,75.3,44.25,84.8,ISO Class IV,None,0,0,0,Control,3,80,1500,Full bore,Socket-weld,MSS SP-97,SS316,Stainless steel,SS316,None,PTFE,0,1,0,17,12,2.5,0.06,Gearbox,N/A,0,1,0,0,0,0,0,0,0,1,1,0,0,None,1,1,0,Standard,Forging,4,Tight,13,0.76,23,MidTier-India,Domestic,0.98,944241
V00028,Natural Gas,157.96,66.6,13.13,303.5,ISO Class IV,None,0,0,0,Control,8,200,1500,Full bore,Butt-weld,ISO 5752,A105,Carbon steel,Stellite hardfaced,None,Metal seat,0,0,0,0.2,0.1,0.05,0.2,Hydraulic,Fail-close,0,0,0,0,0,0,0,0,0,1,1,0,0,MT,0,0,0,Standard,Casting,4,Tight,13,0.83,21,Imported-Standard,Import,0.18,1750823
V00029,Corrosive (Acid),30.47,82.6,1.9,625.2,ISO Class I,None,0,0,0,Check,20,500,300,Reduced port,Flanged,ISO 5752,Nickel Alloy 625,Nickel alloy,SS410,None,PTFE,0,1,0,21.5,60,9,0.02,Manual,N/A,0,0,0,0,1,0,0,0,0,1,1,0,1,UT+RT,1,0,0,Standard,Forging,4,Tight,13,0.41,13,Generic-India,Domestic,0.79,1451442
V00030,Hydrocarbon,205.3,-3,20.46,855,ISO Class V,None,0,0,0,Gate,12,300,2500,Full bore,Flanged,API 6D,SS304,Stainless steel,SS410,Stellite,Elastomer (NBR/EPDM),0,0,0,18,8,0.3,0.07,Pneumatic,Fail-open,0,0,1,1,0,0,1,1,0,1,1,0,0,UT+RT,1,0,1,Basic,Casting,1,Tight,16,0.68,14,Generic-India,Domestic,0.54,2383763
V00031,Water,199.92,64.6,36.77,445,ISO Class IV,None,0,0,0,Ball,8,200,1500,Full bore,Flanged,ASME B16.10,A105,Carbon steel,Stellite hardfaced,None,Metal seat,0,0,0,0.2,0.1,0.05,0.2,Pneumatic,Fail-open,0,0,1,1,0,0,1,1,0,1,1,1,0,PT+MT,0,0,0,Standard,Casting,4,Standard,16,0.82,13,MidTier-India,Domestic,0.76,1044822
V00032,Slurry,111.4,24.7,14.14,240.5,ISO Class IV,None,0,0,0,Butterfly,8,200,900,Reduced port,Wafer,API 6D,SS316,Stainless steel,Stellite hardfaced,Stellite,Elastomer (NBR/EPDM),0,1,1,17,12,2.5,0.06,Gearbox,N/A,0,0,0,0,0,0,0,0,0,1,1,0,0,None,0,1,0,Full (EN10204 3.1 + QAP/ITP),Forging,4,Standard,10,0.94,18,Imported-Standard,Import,0.11,543799
V00033,Hydrocarbon,6.44,83.7,3.07,62.5,ISO Class VI,Low-noise trim,0,1,1,Control,2,50,150,Reduced port,Socket-weld,MSS SP-97,SS304,Stainless steel,SS410,ENP (Electroless Nickel),Metal seat,0,0,0,18,8,0.3,0.07,Pneumatic,Fail-close,1,1,1,1,0,1,1,0,0,1,1,0,0,None,1,0,1,Basic,Casting,3,Tight,5,0.72,16,Imported-Standard,Import,0.25,419298
V00034,Natural Gas,193.28,162.6,0.05,37.6,ISO Class III,None,0,0,0,Ball,1,25,1500,Full bore,Butt-weld,ISO 5752,CS/WCB,Carbon steel,Duplex 2205,Stellite,PEEK,1,0,0,0.2,0.2,0.1,0.25,Manual,N/A,0,0,0,0,0,0,0,0,0,1,1,1,0,PT,0,1,1,Basic,Forging,3,Standard,13,0.47,11,MidTier-India,Domestic,0.87,121964
V00035,Steam,41.6,242.1,15.68,20.5,ISO Class II,Low-noise trim,0,1,0,Needle,1,25,300,Reduced port,Butt-weld,API 6D,A105,Carbon steel,SS316,ENP (Electroless Nickel),Metal seat,0,0,0,0.2,0.1,0.05,0.2,Manual,N/A,0,0,0,0,0,0,0,0,0,1,1,0,0,PT+MT,0,1,0,Basic,Casting,4,Standard,11,0.75,15,Premium-India,Domestic,0.8,49173
V00036,Water,9.95,46.2,1.02,410.9,ISO Class III,None,0,0,0,Gate,8,200,150,Full bore,Flanged,ISO 5752,A105,Carbon steel,Stellite hardfaced,None,PEEK,0,0,0,0.2,0.1,0.05,0.2,Manual,N/A,0,0,0,1,0,0,0,0,0,1,1,0,0,PT+MT,0,0,0,Standard,Casting,2,Tight,8,0.9,10,Generic-India,Domestic,0.59,184235
V00037,Air,35.8,50.3,5.72,36.1,ISO Class IV,None,0,0,0,Gate,0.75,20,300,Full bore,Butt-weld,MSS SP-97,A105,Carbon steel,Duplex 2205,Stellite,Metal seat,0,0,0,0.2,0.1,0.05,0.2,Gearbox,N/A,0,1,0,0,0,0,0,0,0,1,1,0,0,PT,0,0,0,Standard,Casting,4,Standard,10,0.95,13,Imported-Standard,Domestic,0.35,90583
V00038,Water,47.7,52.7,21.29,14.3,ISO Class VI,Anti-cavitation trim,1,1,0,Control,1,25,600,Full bore,Flanged,ASME B16.10,SS316,Stainless steel,Stellite hardfaced,ENP (Electroless Nickel),PEEK,0,1,0,17,12,2.5,0.06,Pneumatic,Fail-close,1,1,1,1,0,1,1,0,0,1,1,0,1,PT,1,0,0,Standard,Forging,2,Tight,3,0.62,23,Imported-Standard,Import,0.43,588988
V00039,Water,45.24,0,3.77,370.8,ISO Class II,None,0,0,0,Check,14,350,900,Reduced port,Flanged,ASME B16.10,CS/WCB,Carbon steel,SS316,ENP (Electroless Nickel),PTFE,0,0,0,0.2,0.2,0.1,0.25,Manual,N/A,0,0,0,0,0,0,0,0,0,1,1,0,0,RT,1,0,0,Basic,Casting,4,Standard,10,0.74,18,Premium-India,Domestic,0.8,683762
V00040,Hydrocarbon,43.16,107.4,3.96,142.1,ISO Class II,None,0,0,0,Ball,3,80,600,Full bore,Threaded,ASME B16.10,CS/WCB,Carbon steel,Stellite hardfaced,None,PTFE,0,0,0,0.2,0.2,0.1,0.25,Manual,N/A,0,0,0,0,0,0,0,0,0,1,1,0,0,RT,0,0,0,Standard,Forging,3,Tight,10,0.69,13,Generic-India,Domestic,0.92,102387
V00041,Water,80.74,12.9,0.2,19.7,ISO Class VI,None,0,0,0,Control,1,25,1500,Reduced port,Butt-weld,API 6D,CS/WCB,Carbon steel,SS316,None,Metal seat,0,0,0,0.2,0.2,0.1,0.25,Electric,Fail-close,1,1,0,1,0,0,0,0,0,1,1,0,0,None,0,0,0,Standard,Forging,5,Tight,9,0.85,29,Generic-India,Domestic,0.74,393652
V00042,Slurry,57.79,34.9,2.56,134.6,ISO Class V,None,0,0,0,Butterfly,8,200,600,Full bore,Flanged,ASME B16.10,CS/WCB,Carbon steel,Alloy 20,ENP (Electroless Nickel),PTFE,0,0,0,0.2,0.2,0.1,0.25,Pneumatic,Fail-close,1,0,1,1,0,0,1,1,1,1,1,0,0,UT+RT,0,0,0,Standard,Casting,2,Tight,7,0.82,23,Generic-India,Domestic,0.47,602484
V00043,Natural Gas,37,153.2,2.67,21.6,ISO Class I,None,0,0,0,Gate,1.5,40,600,Full bore,Threaded,ISO 5752,SS304,Stainless steel,Alloy 20,None,PTFE,0,0,0,18,8,0.3,0.07,Pneumatic,Fail-in-place,0,0,1,1,0,0,1,0,0,1,1,0,0,None,1,0,0,Standard,Casting,4,Standard,6,0.66,9,MidTier-India,Domestic,0.62,238905
V00044,Natural Gas,26.31,143,2.68,356,ISO Class III,None,0,0,0,Butterfly,6,150,300,Full bore,Wafer,API 6D,SS304,Stainless steel,Stellite hardfaced,None,Metal seat,1,0,0,18,8,0.3,0.07,Manual,N/A,0,0,0,0,0,0,0,0,0,1,1,0,0,PT+MT,1,0,0,Full (EN10204 3.1 + QAP/ITP),Casting,3,Standard,4,0.85,12,Imported-Standard,Import,0.52,279871
V00045,Corrosive (Acid),26.85,97.4,5.29,500.3,ISO Class IV,None,0,0,0,Check,6,150,300,Full bore,Socket-weld,ASME B16.10,SS316,Stainless steel,SS316,None,Metal seat,0,1,0,17,12,2.5,0.06,Manual,N/A,0,0,0,0,0,0,0,0,0,1,1,0,0,None,1,0,0,Basic,Forging,3,Standard,8,0.85,10,Imported-Standard,Domestic,0.82,302495
V00046,Natural Gas,30.93,61.7,0.05,180.4,ISO Class III,None,0,0,0,Butterfly,14,350,300,Reduced port,Wafer,ASME B16.10,A105,Carbon steel,SS316,ENP (Electroless Nickel),PTFE,1,0,0,0.2,0.1,0.05,0.2,Manual,N/A,0,1,1,0,0,0,0,0,0,1,1,1,0,UT+RT,0,0,0,Full (EN10204 3.1 + QAP/ITP),Casting,2,Standard,7,0.68,24,Imported-Standard,Import,0.52,290304
V00047,Hydrocarbon,156.21,91.5,9.83,53.4,ISO Class II,None,0,0,0,Ball,1.5,40,1500,Reduced port,Flanged,ASME B16.10,A105,Carbon steel,SS316,None,Metal seat,0,0,0,0.2,0.1,0.05,0.2,Manual,N/A,0,1,0,0,1,0,0,0,0,1,1,1,0,None,1,0,0,Standard,Forging,4,Standard,10,0.58,14,Generic-India,Domestic,0.98,187869
V00048,Steam,82.41,225.5,9.46,319.2,ISO Class V,None,0,0,0,Gate,10,250,600,Full bore,Flanged,ASME B16.10,CS/WCB,Carbon steel,SS316,None,Metal seat,0,0,0,0.2,0.2,0.1,0.25,Manual,N/A,0,0,0,0,0,0,0,0,0,1,1,0,0,UT,0,0,0,Basic,Forging,3,Tight,6,0.77,10,Generic-India,Domestic,0.88,485639
V00049,Natural Gas,62.83,100,6.74,684,ISO Class III,None,0,0,0,Butterfly,24,600,600,Reduced port,Wafer,MSS SP-97,CS/WCB,Carbon steel,SS316,ENP (Electroless Nickel),Metal seat,1,0,0,0.2,0.2,0.1,0.25,Gearbox,N/A,0,0,0,0,0,0,0,0,0,1,1,0,0,PT,0,0,0,Basic,Forging,4,Standard,3,0.68,5,Generic-India,Domestic,0.45,809858
V00050,Water,181.34,32,0.05,10,ISO Class IV,None,0,0,0,Gate,0.5,15,1500,Reduced port,Lug,ASME B16.10,SS316,Stainless steel,SS316,None,PEEK,0,1,0,17,12,2.5,0.06,Manual,N/A,0,0,0,0,0,0,0,0,0,1,1,1,0,MT,1,0,1,Standard,Forging,2,Standard,19,0.77,11,MidTier-India,Domestic,0.84,70946
V00051,Air,9.43,52.5,2.24,65.9,ISO Class V,None,0,0,0,Control,2,50,150,Reduced port,Flanged,ASME B16.10,SS316,Stainless steel,SS410,None,Elastomer (NBR/EPDM),0,1,0,17,12,2.5,0.06,Hydraulic,Fail-open,1,1,0,0,0,0,0,0,0,1,1,1,0,UT,1,0,0,Standard,Casting,4,Tight,10,0.64,27,MidTier-India,Domestic,0.56,267081
V00052,Air,201.56,45.2,33.1,375.7,ISO Class III,None,0,0,0,Butterfly,14,350,1500,Reduced port,Lug,ASME B16.10,CS/WCB,Carbon steel,Stellite hardfaced,None,Metal seat,0,0,0,0.2,0.2,0.1,0.25,Pneumatic,Fail-close,0,0,1,1,0,0,1,1,0,1,1,1,0,PT+MT,0,0,1,Standard,Forging,5,Standard,13,0.75,22,Generic-India,Domestic,0.68,967934
V00053,Corrosive (Acid),8.92,102.6,0.05,87.3,ISO Class I,None,0,0,0,Check,2,50,150,Reduced port,Butt-weld,ISO 5752,Duplex 2205,Duplex SS,Nickel Alloy 625,Stellite,PEEK,0,1,0,22,5.5,3,0.03,Manual,N/A,0,0,0,0,0,0,0,0,0,1,1,0,0,UT,0,0,1,Standard,Casting,3,Standard,15,0.63,6,Imported-Standard,Domestic,0.58,137287
V00054,Hydrocarbon,79.21,102.3,17.91,26.8,ISO Class III,Low-noise trim,0,1,0,Needle,1,25,900,Reduced port,Threaded,ASME B16.10,Bronze,Copper alloy,SS410,Tungsten carbide,Metal seat,0,0,0,0.2,0.8,0.1,0.02,Manual,N/A,0,0,0,0,0,0,0,0,0,1,1,0,0,UT,1,0,0,Standard,Forging,2,Standard,10,0.8,16,Generic-India,Domestic,0.86,96662
V00055,Water,93.46,47.8,19.06,76.8,ISO Class V,None,0,0,0,Control,4,100,600,Reduced port,Threaded,ISO 5752,CS/WCB,Carbon steel,SS316,Stellite,PTFE,0,0,0,0.2,0.2,0.1,0.25,Pneumatic,Fail-close,0,1,1,1,0,1,1,0,0,1,1,0,1,MT,1,0,0,Basic,Casting,3,Tight,4,0.61,21,MidTier-India,Domestic,0.82,606173
V00056,Water,21.02,72.5,2.61,365.7,ISO Class V,None,0,0,0,Butterfly,12,300,300,Reduced port,Lug,MSS SP-97,CS/WCB,Carbon steel,SS410,Stellite,Metal seat,0,0,0,0.2,0.2,0.1,0.25,Manual,N/A,0,0,0,0,0,0,0,0,0,1,1,0,1,None,0,0,0,Standard,Casting,2,Tight,10,0.74,7,MidTier-India,Domestic,0.74,245374
V00057,Steam,98.95,231.4,0.05,179.2,ISO Class IV,None,0,0,0,Butterfly,3,80,1500,Full bore,Flanged,ASME B16.10,CS/WCB,Carbon steel,Duplex 2205,Tungsten carbide,Metal seat,0,0,0,0.2,0.2,0.1,0.25,Manual,N/A,0,0,0,0,0,0,0,0,0,1,1,0,0,MT,0,0,0,Standard,Forging,4,Standard,11,0.43,8,Generic-India,Domestic,0.69,205146
V00058,Hydrocarbon,288.4,259.8,21.2,9.3,ISO Class III,Low-noise trim,0,1,0,Needle,0.5,15,2500,Reduced port,Flanged,ISO 5752,CS/WCB,Carbon steel,Duplex 2205,None,Metal seat,0,0,0,0.2,0.2,0.1,0.25,Gearbox,N/A,0,0,0,0,0,0,0,0,0,1,1,0,1,RT,0,0,1,Standard,Forging,3,Standard,18,0.57,15,Generic-India,Domestic,0.98,72292
V00059,Steam,135.75,194.6,23.34,132.9,ISO Class V,None,0,0,0,Control,4,100,2500,Reduced port,Threaded,API 6D,CS/WCB,Carbon steel,Duplex 2205,Ceramic coating,Metal seat,0,0,0,0.2,0.2,0.1,0.25,Electric,Fail-close,1,0,0,1,0,0,0,0,0,1,1,0,0,None,1,0,0,Basic,Forging,4,Tight,5,0.65,27,Generic-India,Domestic,0.62,989054
V00060,Natural Gas,165.09,173.4,17.65,122.7,ISO Class V,None,0,0,0,Check,8,200,1500,Full bore,Butt-weld,ASME B16.10,CS/WCB,Carbon steel,SS316,Stellite,PTFE,0,0,0,0.2,0.2,0.1,0.25,Manual,N/A,0,1,0,0,0,0,0,0,0,1,1,0,0,None,0,0,0,Full (EN10204 3.1 + QAP/ITP),Casting,4,Tight,10,0.55,16,Generic-India,Domestic,0.59,465361
V00061,Hydrocarbon,34.6,136.9,5.46,83.1,ISO Class VI,Low-noise trim,0,1,0,Globe,2,50,300,Full bore,Flanged,API 6D,CS/WCB,Carbon steel,Nickel Alloy 625,ENP (Electroless Nickel),Elastomer (NBR/EPDM),1,0,0,0.2,0.2,0.1,0.25,Manual,N/A,0,0,0,0,0,0,0,0,0,1,1,0,0,PT+MT,0,0,0,Standard,Casting,2,Tight,8,0.75,11,Premium-India,Domestic,0.84,93841
V00062,Hydrocarbon,48.54,215.4,0.85,33.2,ISO Class V,None,0,0,0,Butterfly,3,80,600,Reduced port,Wafer,ASME B16.10,A105,Carbon steel,Nickel Alloy 625,None,PEEK,1,0,0,0.2,0.1,0.05,0.2,Manual,N/A,0,0,1,0,0,0,0,0,0,1,0,0,0,RT,1,1,0,Full (EN10204 3.1 + QAP/ITP),Casting,5,Tight,16,0.67,5,Imported-Standard,Import,0.3,155327
V00063,Natural Gas,219.22,42.1,25.16,580.5,ISO Class VI,None,0,0,0,Ball,14,350,2500,Full bore,Butt-weld,API 6D,CS/WCB,Carbon steel,Nickel Alloy 625,None,Elastomer (NBR/EPDM),0,0,0,0.2,0.2,0.1,0.25,Manual,N/A,0,1,0,0,0,0,0,0,0,1,1,0,0,None,0,0,0,Standard,Casting,1,Tight,14,0.95,15,Imported-Standard,Import,0.3,1133991
V00064,Natural Gas,101.09,-1.1,27.77,21.8,ISO Class III,None,0,0,0,Control,1,25,900,Full bore,Flanged,ASME B16.10,CS/WCB,Carbon steel,SS316,ENP (Electroless Nickel),Elastomer (NBR/EPDM),0,0,0,0.2,0.2,0.1,0.25,Electric,Fail-open,0,0,0,1,0,0,0,0,0,1,1,0,1,UT,0,0,1,Standard,Forging,5,Tight,7,0.92,14,MidTier-India,Domestic,0.81,253958
V00065,Water,59.36,80.3,11.96,13.8,ISO Class IV,None,0,0,0,Globe,1,25,600,Reduced port,Flanged,ASME B16.10,A105,Carbon steel,Stellite hardfaced,None,Metal seat,0,0,0,0.2,0.1,0.05,0.2,Pneumatic,Fail-in-place,0,0,1,1,0,0,1,0,0,1,1,0,0,MT,0,0,0,Standard,Casting,3,Standard,5,0.68,14,MidTier-India,Domestic,0.41,103399
V00066,Natural Gas,64.95,83.4,0.05,373,ISO Class IV,None,0,0,0,Gate,8,200,600,Full bore,Flanged,ASME B16.10,SS304,Stainless steel,Stellite hardfaced,None,Elastomer (NBR/EPDM),1,0,0,18,8,0.3,0.07,Manual,N/A,0,0,0,0,1,0,0,0,0,1,0,1,0,PT,1,0,1,Standard,Casting,3,Tight,6,0.56,18,MidTier-India,Domestic,0.82,839418
V00067,Slurry,63.81,71.6,14.36,66.5,ISO Class V,None,0,0,0,Control,2,50,600,Reduced port,Butt-weld,ASME B16.10,CS/WCB,Carbon steel,Duplex 2205,None,PEEK,0,0,0,0.2,0.2,0.1,0.25,Manual,N/A,0,0,0,0,0,0,0,0,0,1,1,0,0,None,1,0,0,Standard,Casting,5,Tight,12,0.66,18,Imported-Standard,Import,0.28,261431
V00068,Water,15.57,38.5,0.85,28.3,ISO Class IV,None,0,0,0,Gate,0.75,20,150,Full bore,Socket-weld,ISO 5752,CS/WCB,Carbon steel,SS316,None,Elastomer (NBR/EPDM),0,0,0,0.2,0.2,0.1,0.25,Manual,N/A,0,0,0,0,0,0,0,0,0,1,1,0,0,None,0,0,0,Basic,Casting,3,Tight,11,0.45,10,Imported-Standard,Import,0.23,21112
V00069,Natural Gas,160.03,55.9,10.87,162.1,ISO Class VI,None,0,0,0,Check,3,80,2500,Reduced port,Socket-weld,ASME B16.10,CS/WCB,Carbon steel,SS316,None,PEEK,0,0,0,0.2,0.2,0.1,0.25,Pneumatic,Fail-open,1,0,1,1,1,0,1,1,0,1,1,0,0,None,0,0,1,Full (EN10204 3.1 + QAP/ITP),Forging,3,Tight,9,0.85,9,Generic-India,Domestic,0.57,600685
V00070,Water,52.03,66.2,4.12,67.4,ISO Class IV,None,0,0,0,Check,1.5,40,600,Full bore,Threaded,ISO 5752,SS316,Stainless steel,Alloy 20,None,Elastomer (NBR/EPDM),0,0,0,17,12,2.5,0.06,Electric,Fail-open,1,1,0,1,1,0,0,0,0,1,1,0,0,PT+MT,1,0,0,Standard,Casting,2,Standard,8,0.69,8,MidTier-India,Domestic,0.44,215999
V00071,Water,24.83,24.4,1.84,1305.8,ISO Class V,None,0,0,0,Butterfly,24,600,300,Full bore,Flanged,ASME B16.10,A105,Carbon steel,SS316,None,Metal seat,0,0,0,0.2,0.1,0.05,0.2,Electric,Fail-close,0,0,0,1,0,0,0,0,0,1,1,0,0,None,1,1,0,Standard,Casting,1,Tight,4,0.61,21,Imported-Standard,Domestic,0.81,1013540
V00072,Natural Gas,35.17,41.6,3.76,403.4,ISO Class IV,None,0,0,0,Check,12,300,600,Full bore,Flanged,ISO 5752,Duplex 2205,Duplex SS,Stellite hardfaced,ENP (Electroless Nickel),PTFE,1,0,0,22,5.5,3,0.03,Gearbox,N/A,0,0,0,0,0,0,0,0,0,1,1,0,0,None,1,0,0,Basic,Forging,5,Standard,10,0.75,15,Imported-Standard,Import,0.47,1397995
V00073,Slurry,4.91,0,1.97,56.8,ISO Class III,Low-noise trim,0,1,1,Control,1.5,40,150,Full bore,Flanged,ASME B16.10,CS/WCB,Carbon steel,Alloy 20,Ceramic coating,Metal seat,0,0,1,0.2,0.2,0.1,0.25,Electric,Fail-close,1,0,0,1,0,0,0,0,0,1,0,0,0,MT,0,0,0,Full (EN10204 3.1 + QAP/ITP),Casting,3,Tight,2,0.73,26,MidTier-India,Domestic,0.85,167033
V00074,Water,99.26,50.3,6.16,207.4,ISO Class III,None,0,0,0,Gate,10,250,1500,Full bore,Flanged,ISO 5752,Duplex 2205,Duplex SS,Alloy 20,None,Elastomer (NBR/EPDM),0,0,0,22,5.5,3,0.03,Electric,Fail-close,1,0,0,1,0,0,0,0,0,1,1,0,0,PT+MT,0,0,0,Full (EN10204 3.1 + QAP/ITP),Casting,5,Standard,17,0.86,9,Imported-Premium,Domestic,0.92,2800000
V00075,Corrosive (Acid),64.23,142.5,7.59,365.5,ISO Class VI,None,0,0,0,Butterfly,8,200,600,Reduced port,Wafer,ASME B16.10,SS316,Stainless steel,Nickel Alloy 625,None,PTFE,0,1,0,17,12,2.5,0.06,Manual,N/A,0,0,0,0,0,0,0,0,0,1,1,0,0,RT,1,0,0,Basic,Casting,4,Tight,9,0.51,14,Generic-India,Domestic,0.64,270804
V00076,Steam,43.49,323.7,7.03,36.7,ISO Class III,None,0,0,0,Ball,1,25,300,Full bore,Butt-weld,ASME B16.10,CS/WCB,Carbon steel,SS316,Stellite,Metal seat,0,0,0,0.2,0.2,0.1,0.25,Manual,N/A,0,0,0,0,1,0,0,0,0,1,1,0,0,PT,0,0,0,Basic,Casting,5,Standard,8,0.74,9,MidTier-India,Domestic,0.83,71278
V00077,Steam,32.18,216.9,2.42,110.3,ISO Class IV,None,0,0,0,Gate,1.5,40,600,Full bore,Flanged,ASME B16.10,Duplex 2205,Duplex SS,SS316,Stellite,Metal seat,0,0,0,22,5.5,3,0.03,Manual,N/A,0,0,0,1,0,0,0,0,0,1,1,0,0,PT+MT,1,0,0,Standard,Casting,5,Standard,12,0.73,13,MidTier-India,Domestic,0.53,238800
V00078,Natural Gas,42.4,32.5,13.85,43,ISO Class V,None,0,0,0,Control,1.5,40,600,Reduced port,Butt-weld,API 6D,Bronze,Copper alloy,Duplex 2205,Stellite,PTFE,0,0,0,0.2,0.8,0.1,0.02,Pneumatic,Fail-in-place,1,1,1,1,0,1,1,0,0,1,1,0,0,RT,1,0,1,Standard,Casting,2,Tight,8,0.84,28,MidTier-India,Domestic,0.96,464556
V00079,Hydrocarbon,60.88,44.1,18.37,85.6,ISO Class IV,None,0,0,0,Control,3,80,900,Reduced port,Threaded,API 6D,CS/WCB,Carbon steel,Stellite hardfaced,Stellite,PTFE,0,0,0,0.2,0.2,0.1,0.25,Manual,N/A,0,1,0,0,0,0,0,0,0,1,1,0,0,MT,0,0,0,Standard,Forging,5,Tight,11,0.7,13,MidTier-India,Domestic,0.79,300513
V00080,Air,22.74,56.3,3.97,60.2,ISO Class I,None,0,0,0,Control,3,80,300,Full bore,Flanged,MSS SP-97,CS/WCB,Carbon steel,Nickel Alloy 625,None,Metal seat,0,0,0,0.2,0.2,0.1,0.25,Pneumatic,Fail-open,1,1,1,1,0,1,1,0,0,1,1,0,0,UT+RT,0,0,0,Standard,Casting,4,Tight,7,0.75,22,Imported-Premium,Domestic,0.52,582013
V00081,Water,343.74,20.9,0.2,52.1,ISO Class II,None,0,0,0,Globe,4,100,2500,Full bore,Flanged,API 6D,CS/WCB,Carbon steel,SS316,Stellite,Metal seat,0,0,0,0.2,0.2,0.1,0.25,Pneumatic,Fail-close,1,0,1,1,0,0,1,1,0,1,0,0,1,None,0,0,0,Full (EN10204 3.1 + QAP/ITP),Forging,3,Standard,11,0.87,5,MidTier-India,Domestic,0.83,1140617
V00082,Air,17.7,40.5,0.62,262.8,ISO Class V,None,0,0,0,Butterfly,12,300,300,Reduced port,Lug,API 6D,CS/WCB,Carbon steel,Alloy 20,None,Metal seat,0,0,0,0.2,0.2,0.1,0.25,Manual,N/A,0,0,0,0,0,0,0,0,0,1,0,0,0,UT,0,0,1,Standard,Casting,3,Tight,12,0.94,12,Generic-India,Domestic,0.98,220145
V00083,Natural Gas,44.15,113.5,3.88,19.3,ISO Class I,None,0,0,0,Ball,0.5,15,300,Reduced port,Flanged,MSS SP-97,A105,Carbon steel,Duplex 2205,Stellite,PTFE,1,0,0,0.2,0.1,0.05,0.2,Manual,N/A,0,0,0,0,0,0,0,0,0,1,1,0,0,RT,1,0,0,Basic,Forging,5,Tight,11,0.64,19,MidTier-India,Domestic,0.68,36993
V00084,Water,72.78,50.8,21.24,100.5,ISO Class VI,None,0,0,0,Control,4,100,600,Reduced port,Flanged,ISO 5752,CS/WCB,Carbon steel,Nickel Alloy 625,None,Metal seat,0,0,0,0.2,0.2,0.1,0.25,Electric,Fail-close,1,0,0,1,0,0,0,0,0,1,1,0,0,None,0,0,0,Basic,Casting,4,Tight,9,0.49,24,Generic-India,Domestic,0.55,413988
V00085,Steam,27.51,225,1.06,666.4,ISO Class II,None,0,0,0,Butterfly,14,350,300,Reduced port,Flanged,API 6D,CS/WCB,Carbon steel,Nickel Alloy 625,ENP (Electroless Nickel),PEEK,0,0,0,0.2,0.2,0.1,0.25,Hydraulic,Fail-in-place,0,1,0,0,0,0,0,0,0,1,1,0,0,None,0,0,0,Full (EN10204 3.1 + QAP/ITP),Casting,1,Standard,7,0.65,14,Generic-India,Domestic,0.81,469253
V00086,Steam,34.7,223.8,0.2,126,ISO Class I,None,0,0,0,Control,10,250,300,Reduced port,Butt-weld,ISO 5752,A105,Carbon steel,Stellite hardfaced,None,Metal seat,0,0,0,0.2,0.1,0.05,0.2,Pneumatic,Fail-open,0,1,1,1,0,1,1,1,0,1,1,0,0,MT,0,0,0,Basic,Casting,4,Tight,7,0.71,22,Imported-Standard,Import,0.49,959815
V00087,Slurry,6.44,27.2,1.89,116,ISO Class VI,None,0,0,0,Globe,3,80,150,Reduced port,Flanged,ASME B16.10,SS316,Stainless steel,SS316,Tungsten carbide,Metal seat,0,1,0,17,12,2.5,0.06,Gearbox,N/A,0,1,0,0,0,0,0,0,0,1,1,0,1,None,0,0,0,Standard,Casting,2,Tight,2,0.52,10,Premium-India,Domestic,0.64,217035
V00088,Oxygen,10.58,30.6,4.31,59.2,ISO Class V,Anti-cavitation trim,1,0,0,Control,3,80,150,Full bore,Threaded,ISO 5752,SS304,Stainless steel,SS316,Ceramic coating,PTFE,0,0,0,18,8,0.3,0.07,Pneumatic,Fail-open,1,1,1,1,0,1,1,0,0,1,1,0,0,UT,1,0,0,Standard,Casting,3,Tight,9,0.54,25,MidTier-India,Domestic,0.77,409167
V00089,Steam,42.63,182.7,23.83,11.6,ISO Class I,None,0,0,0,Needle,0.5,15,300,Reduced port,Butt-weld,ISO 5752,SS316,Stainless steel,Stellite hardfaced,Stellite,Metal seat,0,1,0,17,12,2.5,0.06,Pneumatic,Fail-close,0,0,1,1,0,0,1,0,0,1,1,0,0,UT,0,1,1,Full (EN10204 3.1 + QAP/ITP),Casting,1,Tight,8,0.59,10,MidTier-India,Domestic,0.83,86282
V00090,Hydrocarbon,186.15,189.1,27.82,500,ISO Class V,None,0,0,0,Ball,8,200,2500,Full bore,Flanged,ASME B16.10,CS/WCB,Carbon steel,SS316,ENP (Electroless Nickel),PTFE,0,0,0,0.2,0.2,0.1,0.25,Manual,N/A,0,0,0,0,0,0,0,0,0,1,1,0,0,None,1,0,0,Standard,Forging,4,Tight,15,0.68,10,Premium-India,Domestic,0.77,837778
V00091,Hydrocarbon,132.62,251.8,9.26,236.7,ISO Class I,None,0,0,0,Gate,6,150,1500,Full bore,Flanged,ASME B16.10,SS316,Stainless steel,SS316,ENP (Electroless Nickel),Metal seat,0,1,0,17,12,2.5,0.06,Gearbox,N/A,0,0,1,0,0,0,0,0,0,1,1,0,0,None,1,0,0,Standard,Forging,3,Standard,10,0.72,16,Generic-India,Domestic,0.98,1044342
V00092,Air,30.89,64.7,0.34,23.6,ISO Class III,None,0,0,0,Check,0.75,20,300,Reduced port,Butt-weld,ASME B16.10,CS/WCB,Carbon steel,SS316,Stellite,PEEK,0,0,0,0.2,0.2,0.1,0.25,Manual,N/A,0,0,0,0,0,0,0,0,0,1,1,0,1,UT+RT,0,1,0,Standard,Casting,4,Standard,11,0.75,18,Premium-India,Domestic,0.85,58162
V00093,Water,30.71,41.1,3.08,17.5,ISO Class VI,None,0,0,0,Ball,2,50,300,Reduced port,Flanged,MSS SP-97,Bronze,Copper alloy,SS316,None,Metal seat,0,0,0,0.2,0.8,0.1,0.02,Pneumatic,Fail-open,1,0,1,1,0,0,1,0,0,1,1,0,0,UT,0,0,0,Full (EN10204 3.1 + QAP/ITP),Forging,3,Tight,2,0.51,16,Generic-India,Domestic,0.85,214200
V00094,Natural Gas,21.51,215.9,1.1,134.8,ISO Class V,None,0,0,0,Gate,1.5,40,300,Reduced port,Threaded,ASME B16.10,SS316,Stainless steel,Stellite hardfaced,Stellite,Metal seat,0,0,0,17,12,2.5,0.06,Manual,N/A,0,0,1,0,0,0,0,0,0,1,1,0,0,PT,1,0,0,Basic,Forging,3,Tight,9,0.91,15,Generic-India,Domestic,0.55,97023
V00095,Natural Gas,27.72,24.5,1.79,562.8,ISO Class II,None,0,0,0,Butterfly,24,600,300,Reduced port,Wafer,API 6D,SS316,Stainless steel,SS316,None,Metal seat,0,1,0,17,12,2.5,0.06,Manual,N/A,0,0,0,0,0,0,0,0,0,1,1,0,0,None,0,0,0,Standard,Casting,4,Standard,8,0.69,13,Imported-Standard,Import,0.38,687074
V00096,Steam,37.75,157.5,5.52,54.4,ISO Class IV,None,0,0,0,Gate,2,50,600,Reduced port,Flanged,ASME B16.10,CS/WCB,Carbon steel,Duplex 2205,ENP (Electroless Nickel),Metal seat,0,0,0,0.2,0.2,0.1,0.25,Manual,N/A,0,0,0,0,0,0,0,0,0,1,0,0,0,UT,0,0,0,Standard,Casting,1,Standard,9,0.78,6,Imported-Standard,Import,0.38,138217
V00097,Slurry,31.49,79,1.24,280.7,ISO Class I,None,0,0,0,Globe,10,250,300,Full bore,Flanged,API 6D,SS304,Stainless steel,SS410,None,PTFE,0,0,0,18,8,0.3,0.07,Manual,N/A,0,0,0,0,0,0,0,0,0,1,1,0,0,MT,0,0,0,Basic,Forging,3,Standard,7,0.82,21,MidTier-India,Domestic,0.98,517399
V00098,Corrosive (Acid),54.09,97.6,19.74,313,ISO Class IV,Anti-cavitation trim,1,1,1,Control,12,300,600,Full bore,Flanged,ASME B16.10,SS316,Stainless steel,SS316,Tungsten carbide,PEEK,0,0,0,17,12,2.5,0.06,Hydraulic,Fail-close,1,1,1,0,0,0,0,0,0,1,1,1,0,PT+MT,0,0,0,Standard,Forging,4,Tight,10,0.71,18,Imported-Standard,Domestic,0.88,2800000
V00099,Corrosive (Acid),93.52,113.5,5.38,644.4,ISO Class I,None,0,0,0,Butterfly,14,350,900,Reduced port,Lug,API 6D,Duplex 2205,Duplex SS,SS316,Ceramic coating,Metal seat,0,1,0,22,5.5,3,0.03,Manual,N/A,0,0,0,0,0,0,0,0,0,1,0,1,0,None,1,1,1,Standard,Casting,4,Standard,7,0.89,11,Imported-Standard,Import,0.1,1095455
V00100,Slurry,18.68,61.6,3.9,222.2,ISO Class VI,None,0,0,0,Control,10,250,300,Full bore,Flanged,ASME B16.10,CS/WCB,Carbon steel,SS316,Tungsten carbide,PEEK,0,0,1,0.2,0.2,0.1,0.25,Pneumatic,Fail-open,1,1,1,1,0,1,1,1,1,1,1,0,0,None,0,0,0,Standard,Forging,5,Tight,9,0.76,25,Imported-Premium,Import,0.05,1790653
V00101,Oxygen,8.04,41.1,2,18,ISO Class VI,None,0,0,0,Needle,0.5,15,300,Reduced port,Flanged,ISO 5752,SS316,Stainless steel,Stellite hardfaced,None,Metal seat,0,0,0,17,12,2.5,0.06,Electric,Fail-open,1,0,0,1,0,0,0,0,0,1,1,0,0,None,0,0,0,Full (EN10204 3.1 + QAP/ITP),Forging,4,Tight,9,0.66,16,MidTier-India,Domestic,0.64,78706
V00102,Air,37.1,36.1,4.76,33.3,ISO Class V,None,0,0,0,Ball,0.75,20,300,Reduced port,Socket-weld,ASME B16.10,CS/WCB,Carbon steel,Stellite hardfaced,None,Metal seat,0,0,0,0.2,0.2,0.1,0.25,Electric,Fail-open,0,0,0,1,0,0,0,0,0,1,0,0,0,MT,0,1,0,Full (EN10204 3.1 + QAP/ITP),Casting,2,Tight,11,0.8,15,Generic-India,Domestic,0.6,55354
V00103,Water,46.23,63.6,4.93,174.8,ISO Class V,None,0,0,0,Globe,6,150,600,Full bore,Flanged,ASME B16.10,CS/WCB,Carbon steel,Alloy 20,ENP (Electroless Nickel),Metal seat,0,0,0,0.2,0.2,0.1,0.25,Gearbox,N/A,0,0,0,0,0,0,0,0,0,1,0,0,0,None,1,0,0,Standard,Casting,2,Tight,7,0.73,26,Generic-India,Domestic,0.47,429696
V00104,Water,29.43,60.3,2.56,720.1,ISO Class III,None,0,0,0,Butterfly,18,450,300,Reduced port,Wafer,ASME B16.10,CS/WCB,Carbon steel,SS316,ENP (Electroless Nickel),PTFE,0,0,0,0.2,0.2,0.1,0.25,Manual,N/A,0,0,0,1,0,0,0,0,0,1,1,1,0,MT,1,0,1,Standard,Casting,3,Tight,12,0.67,20,Premium-India,Domestic,0.62,351664
V00105,Slurry,36.42,73.7,6.07,506.1,ISO Class IV,None,0,0,0,Butterfly,16,400,600,Reduced port,Wafer,ASME B16.10,Bronze,Copper alloy,Nickel Alloy 625,ENP (Electroless Nickel),Metal seat,0,0,1,0.2,0.8,0.1,0.02,Hydraulic,Fail-close,1,0,0,0,1,0,0,0,0,1,0,0,0,None,0,0,0,Standard,Casting,3,Standard,5,0.69,6,MidTier-India,Domestic,0.57,1126330
V00106,Water,120.48,120.2,5.4,249.9,ISO Class VI,None,0,0,0,Ball,4,100,900,Full bore,Wafer,ASME B16.10,CS/WCB,Carbon steel,Duplex 2205,None,PTFE,0,0,0,0.2,0.2,0.1,0.25,Manual,N/A,0,0,0,0,0,0,0,0,0,1,1,0,0,UT+RT,0,0,0,Full (EN10204 3.1 + QAP/ITP),Forging,3,Tight,8,0.77,14,Imported-Standard,Domestic,0.77,244266
V00107,Steam,30.43,127.4,10.59,45.4,ISO Class V,None,0,0,0,Control,2,50,600,Reduced port,Flanged,ASME B16.10,Bronze,Copper alloy,SS410,ENP (Electroless Nickel),Metal seat,0,0,0,0.2,0.8,0.1,0.02,Pneumatic,Fail-close,0,1,1,1,0,1,1,0,0,1,1,0,1,UT+RT,0,0,0,Standard,Casting,3,Tight,8,0.82,22,Imported-Standard,Import,0.25,855128
V00108,Water,127.64,62.4,17.67,572.7,ISO Class II,None,0,0,0,Gate,10,250,900,Reduced port,Flanged,API 6D,CS/WCB,Carbon steel,Stellite hardfaced,None,PTFE,0,0,0,0.2,0.2,0.1,0.25,Manual,N/A,0,0,0,0,0,0,0,0,0,1,1,0,0,PT+MT,0,0,0,Standard,Casting,4,Standard,10,0.79,17,Imported-Premium,Import,0.19,647418
V00109,Hydrocarbon,31.21,64.4,4.94,71.7,ISO Class I,None,0,0,0,Check,1.5,40,600,Reduced port,Threaded,ASME B16.10,Duplex 2205,Duplex SS,Stellite hardfaced,Stellite,Metal seat,0,1,0,22,5.5,3,0.03,Manual,N/A,0,1,0,0,0,0,0,0,0,1,1,0,0,UT+RT,0,0,0,Standard,Forging,5,Standard,9,0.69,15,MidTier-India,Domestic,0.77,218074
V00110,Steam,9.21,241.1,0.19,30.1,ISO Class VI,None,0,0,0,Check,0.75,20,150,Reduced port,Socket-weld,ASME B16.10,SS316,Stainless steel,Nickel Alloy 625,None,Metal seat,0,1,0,17,12,2.5,0.06,Pneumatic,Fail-in-place,1,0,1,1,0,0,1,0,0,1,1,0,1,None,0,0,0,Standard,Casting,3,Tight,6,0.69,13,Generic-India,Domestic,0.7,91454
V00111,Steam,81.44,205.4,0.05,65.7,ISO Class VI,None,0,0,0,Check,3,80,900,Reduced port,Socket-weld,ISO 5752,SS304,Stainless steel,Stellite hardfaced,None,Metal seat,0,0,0,18,8,0.3,0.07,Manual,N/A,0,0,0,0,0,0,0,0,0,1,1,0,0,RT,0,0,0,Basic,Forging,3,Tight,6,0.89,13,Generic-India,Domestic,0.98,261413
V00112,Natural Gas,56.78,113.8,14.23,365,ISO Class VI,None,0,0,0,Control,8,200,600,Reduced port,Flanged,ASME B16.10,SS304,Stainless steel,SS410,None,Metal seat,1,0,0,18,8,0.3,0.07,Pneumatic,Fail-open,0,1,1,1,0,1,1,1,0,1,1,0,1,RT,0,0,0,Standard,Casting,2,Tight,2,0.65,21,Generic-India,Domestic,0.89,1916034
V00113,Water,24.52,75.5,9.92,160,ISO Class VI,Low-noise trim,0,1,0,Control,6,150,300,Reduced port,Flanged,ASME B16.10,CS/WCB,Carbon steel,SS316,None,Metal seat,0,0,0,0.2,0.2,0.1,0.25,Pneumatic,Fail-in-place,0,1,1,1,0,1,1,1,0,1,1,0,0,None,0,0,0,Standard,Casting,5,Tight,9,0.65,26,Generic-India,Domestic,0.75,782193
V00114,Air,27.75,14.6,0.24,55.6,ISO Class VI,None,0,0,0,Check,2,50,1500,Reduced port,Flanged,ASME B16.10,CS/WCB,Carbon steel,Nickel Alloy 625,Tungsten carbide,PTFE,0,0,0,0.2,0.2,0.1,0.25,Manual,N/A,0,0,0,0,0,0,0,0,0,1,1,0,0,UT+RT,0,0,0,Full (EN10204 3.1 + QAP/ITP),Forging,3,Tight,6,0.6,10,Premium-India,Domestic,0.98,279773
V00115,Water,24.27,40.9,0.27,83.3,ISO Class III,None,0,0,0,Check,6,150,300,Reduced port,Butt-weld,ASME B16.10,SS316,Stainless steel,Stellite hardfaced,None,PTFE,0,1,0,17,12,2.5,0.06,Manual,N/A,0,0,0,0,0,0,0,0,0,1,0,0,0,None,0,0,0,Basic,Casting,3,Standard,5,0.71,6,Generic-India,Domestic,0.6,227362
V00116,Water,31.41,60.4,0.05,962.2,ISO Class I,None,0,0,0,Butterfly,20,500,300,Reduced port,Lug,ISO 5752,SS316,Stainless steel,SS316,None,PTFE,0,1,0,17,12,2.5,0.06,Manual,N/A,0,0,0,1,0,0,0,0,0,1,0,0,0,None,1,0,0,Basic,Forging,2,Standard,10,0.72,7,Imported-Standard,Import,0.3,538414
V00117,Steam,67.35,211.5,32.31,106.7,ISO Class V,None,0,0,0,Globe,3,80,600,Full bore,Threaded,ASME B16.10,Bronze,Copper alloy,SS316,None,PEEK,0,0,0,0.2,0.8,0.1,0.02,Pneumatic,Fail-close,1,0,1,1,0,0,1,0,0,1,1,0,0,UT,1,0,0,Standard,Casting,3,Tight,10,0.95,24,Generic-India,Domestic,0.5,343817
V00118,Corrosive (Acid),15.53,27.1,0.05,473.6,ISO Class VI,None,0,0,0,Check,18,450,150,Full bore,Flanged,ASME B16.10,SS316,Stainless steel,SS316,Stellite,PEEK,0,1,0,17,12,2.5,0.06,Manual,N/A,0,0,1,0,0,0,0,0,0,1,1,0,0,None,0,0,0,Standard,Casting,4,Tight,8,0.64,11,Imported-Premium,Domestic,0.61,714892
V00119,Water,145.35,57.4,19.36,262.8,ISO Class V,None,0,0,0,Check,10,250,900,Reduced port,Flanged,ASME B16.10,Bronze,Copper alloy,SS316,None,PTFE,0,0,0,0.2,0.8,0.1,0.02,Manual,N/A,0,0,0,0,0,0,0,0,0,1,1,0,0,UT,0,0,0,Basic,Casting,3,Tight,6,0.4,7,MidTier-India,Domestic,0.39,429915
V00120,Steam,17.08,299.5,1.32,175.6,ISO Class IV,None,0,0,0,Check,3,80,300,Full bore,Lug,ASME B16.10,CS/WCB,Carbon steel,Duplex 2205,Stellite,Metal seat,0,0,0,0.2,0.2,0.1,0.25,Manual,N/A,0,0,0,0,0,0,0,0,0,1,1,0,1,None,0,0,0,Basic,Casting,3,Standard,10,0.61,17,Premium-India,Domestic,0.9,104211
V00121,Air,165.93,64.2,7.8,19.8,ISO Class III,None,0,0,0,Gate,1,25,1500,Reduced port,Butt-weld,API 6D,CS/WCB,Carbon steel,SS410,Tungsten carbide,Elastomer (NBR/EPDM),0,0,0,0.2,0.2,0.1,0.25,Manual,N/A,0,0,0,0,1,0,0,0,0,1,1,0,0,PT+MT,1,0,0,Full (EN10204 3.1 + QAP/ITP),Forging,2,Standard,13,0.62,14,MidTier-India,Domestic,0.86,111802
V00122,Water,84.59,81.9,1.69,139.7,ISO Class VI,None,0,0,0,Check,2,50,600,Full bore,Butt-weld,MSS SP-97,Duplex 2205,Duplex SS,Stellite hardfaced,None,Elastomer (NBR/EPDM),0,1,0,22,5.5,3,0.03,Manual,N/A,0,0,0,0,0,0,0,0,0,1,1,0,0,PT+MT,1,0,0,Basic,Casting,3,Tight,14,0.73,12,Premium-India,Domestic,0.39,210522
V00123,Hydrocarbon,27.47,187.7,13.12,37.8,ISO Class IV,None,0,0,0,Needle,2,50,600,Full bore,Flanged,ASME B16.10,A105,Carbon steel,Stellite hardfaced,None,PEEK,1,0,0,0.2,0.1,0.05,0.2,Manual,N/A,0,0,0,0,0,0,0,0,0,1,1,0,0,None,0,0,0,Standard,Casting,3,Standard,6,0.64,18,Generic-India,Domestic,0.74,153463
V00124,Water,47.25,75,12.5,264.2,ISO Class VI,None,0,0,0,Control,8,200,600,Reduced port,Butt-weld,ASME B16.10,SS304,Stainless steel,Stellite hardfaced,None,PTFE,0,0,0,18,8,0.3,0.07,Electric,Fail-close,1,1,0,1,0,0,0,0,0,0,1,0,1,UT+RT,1,1,0,Standard,Forging,3,Tight,8,0.71,19,MidTier-India,Domestic,0.88,1617408
V00125,Corrosive (Acid),15.71,152.5,0.9,619.8,ISO Class II,None,0,0,0,Check,16,400,150,Full bore,Flanged,ASME B16.10,Duplex 2205,Duplex SS,SS410,None,PEEK,0,0,0,22,5.5,3,0.03,Manual,N/A,0,0,0,0,0,0,0,0,0,1,1,0,1,UT,1,0,0,Standard,Forging,3,Standard,13,0.65,22,Generic-India,Domestic,0.82,489763
V00126,Water,39.01,0,0.2,99.1,ISO Class IV,None,0,0,0,Globe,3,80,300,Full bore,Flanged,ASME B16.10,CS/WCB,Carbon steel,SS410,None,PEEK,0,0,0,0.2,0.2,0.1,0.25,Pneumatic,Fail-in-place,1,1,1,1,0,0,1,0,0,1,1,1,0,UT,1,0,0,Full (EN10204 3.1 + QAP/ITP),Forging,3,Standard,9,0.56,14,MidTier-India,Domestic,0.98,312023
V00127,Slurry,29.61,46.8,1.67,100.5,ISO Class V,None,0,0,0,Ball,8,200,300,Full bore,Flanged,ISO 5752,CS/WCB,Carbon steel,Duplex 2205,Tungsten carbide,Metal seat,0,0,1,0.2,0.2,0.1,0.25,Manual,N/A,0,0,0,0,0,0,0,0,0,1,1,0,0,UT,1,0,0,Full (EN10204 3.1 + QAP/ITP),Casting,3,Tight,11,0.53,11,Generic-India,Domestic,0.52,263555
V00128,Steam,10.63,94.9,1.24,183.9,ISO Class V,None,0,0,0,Butterfly,4,100,150,Reduced port,Lug,ASME B16.10,CS/WCB,Carbon steel,SS410,Stellite,Metal seat,0,0,0,0.2,0.2,0.1,0.25,Manual,N/A,0,0,0,0,0,0,0,0,0,1,1,0,0,PT+MT,0,0,0,Basic,Forging,3,Tight,2,0.6,20,MidTier-India,Domestic,0.19,83949
V00129,Hydrocarbon,34.44,176.3,1.36,117.8,ISO Class II,None,0,0,0,Ball,3,80,600,Reduced port,Flanged,ASME B16.10,Bronze,Copper alloy,SS316,Stellite,Elastomer (NBR/EPDM),1,0,0,0.2,0.8,0.1,0.02,Pneumatic,Fail-close,1,0,1,1,0,0,1,0,0,1,0,0,0,PT+MT,0,0,1,Standard,Casting,4,Standard,14,0.7,16,MidTier-India,Domestic,0.45,569656
V00130,Steam,21.07,186.4,5.2,144.7,ISO Class II,Low-noise trim,0,1,0,Globe,10,250,300,Reduced port,Butt-weld,ISO 5752,Bronze,Copper alloy,Duplex 2205,None,Metal seat,0,0,0,0.2,0.8,0.1,0.02,Manual,N/A,0,0,0,0,0,0,0,0,0,1,1,0,0,PT+MT,0,0,0,Basic,Casting,3,Standard,11,0.76,6,MidTier-India,Domestic,0.73,405327
V00131,Natural Gas,10.81,44.8,1.43,18.5,ISO Class II,None,0,0,0,Ball,0.5,15,300,Full bore,Threaded,ISO 5752,CS/WCB,Carbon steel,Stellite hardfaced,ENP (Electroless Nickel),PTFE,0,0,0,0.2,0.2,0.1,0.25,Manual,N/A,0,0,0,0,0,0,0,0,0,1,0,0,0,UT+RT,0,0,0,Standard,Casting,3,Standard,14,0.78,17,MidTier-India,Domestic,0.98,26934
V00132,Slurry,41.45,72.8,4.41,310.1,ISO Class VI,None,0,0,0,Butterfly,12,300,600,Reduced port,Wafer,ASME B16.10,CS/WCB,Carbon steel,Stellite hardfaced,ENP (Electroless Nickel),Metal seat,0,0,1,0.2,0.2,0.1,0.25,Manual,N/A,0,0,0,0,0,0,0,0,0,1,1,0,0,PT,0,1,0,Full (EN10204 3.1 + QAP/ITP),Casting,2,Tight,15,0.76,10,MidTier-India,Domestic,0.93,288421
V00133,Water,9.59,64.1,0.05,115.1,ISO Class III,None,0,0,0,Ball,3,80,150,Full bore,Flanged,ISO 5752,CS/WCB,Carbon steel,Duplex 2205,None,Metal seat,0,0,0,0.2,0.2,0.1,0.25,Hydraulic,Fail-open,1,0,0,0,0,0,0,0,0,1,1,0,0,UT,1,0,0,Full (EN10204 3.1 + QAP/ITP),Casting,5,Standard,9,0.67,11,Imported-Standard,Import,0.29,226542
V00134,Air,9.16,72.9,0.05,579.2,ISO Class II,None,0,0,0,Butterfly,12,300,150,Reduced port,Wafer,ASME B16.10,CS/WCB,Carbon steel,SS410,Stellite,Metal seat,0,0,0,0.2,0.2,0.1,0.25,Manual,N/A,0,0,0,0,0,0,0,0,0,1,1,1,0,None,0,0,0,Basic,Casting,3,Standard,9,0.58,21,Generic-India,Domestic,0.98,171951
V00135,Oxygen,14.14,64.9,4.4,57,ISO Class VI,None,0,0,0,Globe,4,100,300,Full bore,Socket-weld,ASME B16.10,SS316,Stainless steel,Nickel Alloy 625,ENP (Electroless Nickel),PTFE,0,1,0,17,12,2.5,0.06,Pneumatic,Fail-close,1,0,1,1,0,0,1,0,0,1,1,0,0,UT,0,0,0,Basic,Forging,3,Tight,9,0.79,15,MidTier-India,Domestic,0.81,533812
V00136,Water,39.3,0,2.4,22.8,ISO Class IV,None,0,0,0,Ball,0.75,20,300,Reduced port,Flanged,ASME B16.10,CS/WCB,Carbon steel,Duplex 2205,None,PTFE,0,0,0,0.2,0.2,0.1,0.25,Pneumatic,Fail-in-place,1,0,1,1,0,0,1,0,0,1,0,0,0,UT+RT,1,0,0,Standard,Forging,1,Standard,8,0.87,9,Generic-India,Domestic,0.82,56817
V00137,Natural Gas,109.41,223.4,18.45,44.1,ISO Class III,None,0,0,0,Globe,1.5,40,1500,Full bore,Threaded,ASME B16.10,SS316,Stainless steel,Stellite hardfaced,Stellite,Metal seat,0,1,0,17,12,2.5,0.06,Pneumatic,Fail-open,0,0,1,1,0,0,1,1,0,1,1,0,0,None,1,0,0,Standard,Forging,1,Standard,19,0.7,17,MidTier-India,Domestic,0.47,426877
V00138,Steam,25.08,207.8,1.27,201.7,ISO Class V,None,0,0,0,Butterfly,8,200,300,Reduced port,Lug,API 6D,SS316,Stainless steel,SS410,Stellite,Metal seat,0,0,0,17,12,2.5,0.06,Manual,N/A,0,0,0,0,0,0,0,0,0,1,1,0,0,None,1,0,0,Basic,Casting,4,Tight,9,0.8,14,Generic-India,Domestic,0.85,273643
V00139,Oxygen,48.45,-7,7.54,242.4,ISO Class V,None,0,0,0,Ball,4,100,300,Reduced port,Wafer,API 6D,SS316,Stainless steel,SS316,Stellite,Metal seat,0,0,0,17,12,2.5,0.06,Manual,N/A,0,0,0,0,0,0,0,0,0,0,1,0,0,PT+MT,1,0,0,Standard,Casting,2,Tight,15,0.84,19,Premium-India,Domestic,0.76,217546
V00140,Water,78.38,59.8,12.86,53.3,ISO Class VI,None,0,0,0,Gate,1.5,40,900,Reduced port,Flanged,ASME B16.10,SS316,Stainless steel,SS316,Tungsten carbide,PTFE,0,0,0,17,12,2.5,0.06,Manual,N/A,0,0,0,0,1,0,0,0,0,1,1,0,0,MT,1,1,0,Standard,Forging,2,Tight,10,0.83,17,Imported-Standard,Import,0.46,213316
V00141,Natural Gas,7.27,59.2,0.05,437.2,ISO Class II,None,0,0,0,Butterfly,12,300,150,Reduced port,Wafer,MSS SP-97,SS316,Stainless steel,SS316,None,Elastomer (NBR/EPDM),0,0,0,17,12,2.5,0.06,Pneumatic,Fail-open,0,0,1,1,0,0,1,1,0,1,1,0,0,PT+MT,0,1,0,Full (EN10204 3.1 + QAP/ITP),Casting,3,Standard,7,0.37,8,Premium-India,Domestic,0.97,374476
V00142,Water,11.68,15.2,5.44,35.7,ISO Class V,None,0,0,1,Control,1.5,40,150,Reduced port,Socket-weld,API 6D,SS316,Stainless steel,Duplex 2205,None,PTFE,0,1,0,17,12,2.5,0.06,Pneumatic,Fail-in-place,1,1,1,1,0,1,1,0,0,1,1,1,0,None,1,0,0,Standard,Casting,4,Tight,15,0.9,18,MidTier-India,Domestic,0.63,223663
V00143,Hydrocarbon,272.76,112.6,15.35,63.4,ISO Class IV,None,0,0,0,Ball,1,25,2500,Reduced port,Butt-weld,ASME B16.10,CS/WCB,Carbon steel,Alloy 20,None,PTFE,0,0,0,0.2,0.2,0.1,0.25,Manual,N/A,0,0,0,0,0,0,0,0,0,1,1,0,0,UT+RT,0,0,0,Standard,Forging,3,Standard,20,0.93,16,Generic-India,Domestic,0.94,115064
V00144,Steam,20.21,247.6,2.82,100,ISO Class II,None,0,0,0,Ball,3,80,300,Full bore,Lug,ISO 5752,CS/WCB,Carbon steel,Duplex 2205,Ceramic coating,Metal seat,0,0,0,0.2,0.2,0.1,0.25,Manual,N/A,0,0,0,0,0,0,0,0,0,1,1,0,0,UT+RT,0,0,0,Basic,Casting,1,Standard,4,0.55,5,Imported-Premium,Import,0.37,197359
V00145,Water,232.72,0,15.95,304.4,ISO Class II,None,0,0,0,Gate,10,250,2500,Reduced port,Flanged,ASME B16.10,SS304,Stainless steel,SS410,Stellite,PTFE,0,0,0,18,8,0.3,0.07,Pneumatic,Fail-in-place,0,0,1,1,0,0,1,1,0,1,1,0,0,UT,1,0,0,Basic,Casting,5,Standard,8,0.67,23,Generic-India,Domestic,0.84,2634077
V00146,Hydrocarbon,58.2,143.1,7.37,34.1,ISO Class V,None,0,0,0,Ball,1.5,40,600,Full bore,Flanged,MSS SP-97,CS/WCB,Carbon steel,SS316,None,PEEK,1,0,0,0.2,0.2,0.1,0.25,Electric,Fail-close,0,0,0,1,0,0,0,0,0,1,1,0,0,RT,0,0,0,Standard,Forging,4,Tight,4,0.76,15,Generic-India,Domestic,0.63,228375
V00147,Steam,8.32,155.7,0.49,79.7,ISO Class V,None,0,0,0,Ball,4,100,150,Reduced port,Flanged,ISO 5752,CS/WCB,Carbon steel,Duplex 2205,Ceramic coating,Metal seat,0,0,0,0.2,0.2,0.1,0.25,Manual,N/A,0,0,1,0,0,0,0,0,0,1,1,0,0,MT,0,0,0,Standard,Forging,3,Tight,5,0.81,8,MidTier-India,Domestic,0.64,129712
V00148,Steam,14.98,239.8,1.01,61.5,ISO Class V,None,0,0,0,Ball,1.5,40,150,Full bore,Threaded,ASME B16.10,CS/WCB,Carbon steel,Nickel Alloy 625,Tungsten carbide,Metal seat,0,0,0,0.2,0.2,0.1,0.25,Manual,N/A,0,0,0,0,0,0,0,0,0,1,1,0,0,None,0,0,0,Basic,Casting,1,Tight,8,0.95,15,Generic-India,Domestic,0.76,47900
V00149,Slurry,72.54,0.1,0.2,161.5,ISO Class IV,None,0,0,0,Control,6,150,600,Reduced port,Threaded,ASME B16.10,SS304,Stainless steel,SS316,None,PTFE,0,0,1,18,8,0.3,0.07,Pneumatic,Fail-close,0,1,1,1,0,1,1,1,0,0,1,0,0,None,1,0,0,Basic,Casting,3,Tight,12,0.68,13,Generic-India,Domestic,0.2,930367
V00150,Corrosive (Acid),26.32,58.8,3.81,1347.9,ISO Class V,None,0,0,0,Ball,24,600,300,Reduced port,Flanged,MSS SP-97,SS316,Stainless steel,Stellite hardfaced,None,PTFE,0,0,0,17,12,2.5,0.06,Pneumatic,Fail-in-place,1,0,1,1,0,0,1,1,1,1,1,0,0,None,0,0,0,Full (EN10204 3.1 + QAP/ITP),Casting,3,Tight,2,0.79,17,Premium-India,Domestic,0.81,2318758
V00151,Steam,6.47,340.5,0.15,183.5,ISO Class VI,None,0,0,0,Ball,4,100,150,Full bore,Butt-weld,API 6D,CS/WCB,Carbon steel,Nickel Alloy 625,ENP (Electroless Nickel),Metal seat,0,0,0,0.2,0.2,0.1,0.25,Manual,N/A,0,0,0,0,0,0,0,0,0,1,1,0,0,RT,0,0,0,Basic,Casting,1,Tight,5,0.9,13,Generic-India,Domestic,0.92,114162
V00152,Slurry,54.17,100.9,3.56,352.7,ISO Class I,None,0,0,0,Check,24,600,600,Reduced port,Flanged,ISO 5752,CS/WCB,Carbon steel,SS316,Ceramic coating,PEEK,0,0,1,0.2,0.2,0.1,0.25,Pneumatic,Fail-close,0,0,1,1,0,0,1,1,0,1,1,0,0,None,0,0,0,Basic,Casting,2,Standard,10,0.77,6,Imported-Standard,Import,0.24,1429669
V00153,Water,24.69,15.6,1.04,141.6,ISO Class II,None,0,0,0,Butterfly,6,150,300,Full bore,Wafer,API 6D,CS/WCB,Carbon steel,SS316,None,Elastomer (NBR/EPDM),0,0,0,0.2,0.2,0.1,0.25,Pneumatic,Fail-open,1,0,1,1,0,0,1,1,0,1,1,0,0,UT,0,0,0,Standard,Casting,4,Tight,10,0.7,12,Generic-India,Domestic,0.78,207341
V00154,Water,6.53,26.5,1.01,49.9,ISO Class V,None,0,0,0,Control,3,80,150,Reduced port,Threaded,ASME B16.10,SS316,Stainless steel,SS316,None,PTFE,0,0,0,17,12,2.5,0.06,Electric,Fail-open,0,1,0,1,0,0,0,0,0,1,1,1,0,PT,1,0,0,Basic,Casting,4,Tight,10,0.53,23,Generic-India,Domestic,0.71,304781
V00155,Oxygen,55.86,-3.6,3.39,25.3,ISO Class IV,None,0,0,0,Control,1,25,600,Full bore,Butt-weld,API 6D,SS316,Stainless steel,Stellite hardfaced,None,PTFE,0,1,0,17,12,2.5,0.06,Pneumatic,Fail-close,1,1,1,1,0,1,1,0,0,1,1,0,0,None,1,0,0,Basic,Forging,5,Tight,2,0.76,29,Generic-India,Domestic,0.86,376445
V00156,Hydrocarbon,80.86,6.5,0.05,100.1,ISO Class IV,None,0,0,0,Ball,2,50,900,Full bore,Butt-weld,ISO 5752,Duplex 2205,Duplex SS,SS316,Ceramic coating,PTFE,0,1,0,22,5.5,3,0.03,Hydraulic,Fail-close,0,1,0,0,0,0,0,0,0,1,0,1,0,None,1,0,1,Basic,Forging,3,Standard,11,0.55,7,MidTier-India,Domestic,0.72,631555
V00157,Steam,31.52,247.2,9.4,108.7,ISO Class V,None,0,0,0,Globe,4,100,300,Reduced port,Flanged,ISO 5752,SS316,Stainless steel,Stellite hardfaced,None,Metal seat,0,1,0,17,12,2.5,0.06,Pneumatic,Fail-in-place,1,0,1,1,0,0,1,0,0,1,0,0,1,None,1,0,0,Full (EN10204 3.1 + QAP/ITP),Casting,5,Tight,5,0.71,20,Premium-India,Domestic,0.98,471956
V00158,Water,25.18,84,2.78,286.1,ISO Class III,None,0,0,0,Check,8,200,300,Reduced port,Flanged,ASME B16.10,A105,Carbon steel,SS316,None,PEEK,0,0,0,0.2,0.1,0.05,0.2,Manual,N/A,0,0,0,0,0,0,0,0,0,1,1,0,0,MT,0,0,0,Standard,Forging,3,Standard,7,0.75,13,Generic-India,Domestic,0.74,206434
V00159,Natural Gas,21.83,157.2,5.56,206.1,ISO Class IV,None,0,0,0,Butterfly,14,350,300,Full bore,Lug,ASME B16.10,SS316,Stainless steel,SS316,Tungsten carbide,Metal seat,1,1,0,17,12,2.5,0.06,Manual,N/A,0,0,0,0,0,0,0,0,0,1,1,1,0,None,0,0,0,Standard,Forging,3,Tight,6,0.79,14,Generic-India,Domestic,0.9,602388
V00160,Slurry,89.45,94,0.05,937.9,ISO Class V,None,0,0,0,Gate,14,350,900,Reduced port,Flanged,ASME B16.10,A105,Carbon steel,SS316,None,PTFE,0,0,0,0.2,0.1,0.05,0.2,Manual,N/A,0,0,0,0,0,0,0,0,0,1,0,0,0,None,0,0,1,Standard,Casting,3,Tight,11,0.57,10,Premium-India,Domestic,0.78,623632
V00161,Natural Gas,153.24,195.9,0.05,76.1,ISO Class IV,None,0,0,0,Gate,1.5,40,1500,Full bore,Threaded,ISO 5752,SS316,Stainless steel,SS316,None,Elastomer (NBR/EPDM),0,0,0,17,12,2.5,0.06,Pneumatic,Fail-close,0,0,1,1,0,0,1,1,0,1,0,0,0,None,0,0,0,Standard,Forging,3,Standard,12,0.78,5,Generic-India,Domestic,0.88,236839
V00162,Natural Gas,57.08,111.7,24.28,35.2,ISO Class V,None,0,0,0,Needle,1.5,40,600,Reduced port,Threaded,ASME B16.10,A105,Carbon steel,SS316,None,Elastomer (NBR/EPDM),1,0,0,0.2,0.1,0.05,0.2,Manual,N/A,0,0,1,0,0,0,0,0,0,1,1,0,1,PT+MT,0,0,0,Basic,Casting,2,Tight,6,0.87,17,Imported-Standard,Import,0.29,85577
V00163,Hydrocarbon,5.09,147.2,0.05,137.8,ISO Class VI,None,0,0,0,Ball,3,80,150,Full bore,Lug,ISO 5752,Duplex 2205,Duplex SS,SS316,Stellite,Elastomer (NBR/EPDM),0,0,0,22,5.5,3,0.03,Pneumatic,Fail-close,1,1,1,1,0,0,1,0,0,1,1,1,1,PT+MT,0,0,0,Basic,Forging,4,Tight,19,0.59,13,MidTier-India,Domestic,0.98,426601
V00164,Air,8.07,55.6,0.65,55.8,ISO Class IV,None,0,0,0,Ball,1.5,40,150,Reduced port,Flanged,ASME B16.10,A105,Carbon steel,Alloy 20,Stellite,PTFE,0,0,0,0.2,0.1,0.05,0.2,Pneumatic,Fail-close,0,0,1,1,0,0,1,0,0,1,0,0,0,RT,1,0,0,Full (EN10204 3.1 + QAP/ITP),Forging,2,Tight,8,0.53,15,MidTier-India,Domestic,0.84,92102
V00165,Natural Gas,26.45,189.2,2.69,35.4,ISO Class I,None,0,0,0,Ball,1.5,40,600,Full bore,Threaded,ASME B16.10,SS316,Stainless steel,Stellite hardfaced,Stellite,PTFE,1,1,0,17,12,2.5,0.06,Manual,N/A,0,0,0,0,1,0,0,0,0,1,1,0,0,MT,1,0,0,Standard,Casting,3,Tight,3,0.6,11,MidTier-India,Domestic,0.98,161603
V00166,Air,33.93,36.5,3.22,92.2,ISO Class II,None,0,0,0,Butterfly,3,80,300,Reduced port,Flanged,API 6D,CS/WCB,Carbon steel,Stellite hardfaced,Tungsten carbide,PTFE,0,0,0,0.2,0.2,0.1,0.25,Manual,N/A,0,0,0,0,0,0,0,0,0,1,1,0,0,UT,1,0,0,Basic,Casting,4,Standard,6,0.53,7,MidTier-India,Domestic,0.64,89026
V00167,Natural Gas,63.63,87.4,14.16,239.7,ISO Class VI,None,0,0,0,Butterfly,16,400,600,Full bore,Wafer,ISO 5752,Duplex 2205,Duplex SS,Alloy 20,Stellite,Metal seat,1,0,0,22,5.5,3,0.03,Gearbox,N/A,0,0,0,0,0,0,0,0,0,1,0,0,0,UT,0,0,1,Standard,Casting,4,Tight,8,0.74,5,Imported-Standard,Domestic,0.8,1749956
V00168,Natural Gas,8.9,138.2,1.26,304.2,ISO Class IV,None,0,0,0,Butterfly,10,250,150,Reduced port,Wafer,API 6D,A105,Carbon steel,Stellite hardfaced,None,Metal seat,1,0,0,0.2,0.1,0.05,0.2,Manual,N/A,0,1,0,0,0,0,0,0,0,1,0,0,0,UT,0,0,0,Standard,Casting,2,Standard,2,0.8,13,MidTier-India,Domestic,0.55,150300
V00169,Water,22.69,36.8,7.74,31.3,ISO Class IV,None,0,0,0,Control,2,50,300,Full bore,Flanged,API 6D,CS/WCB,Carbon steel,SS316,Stellite,Metal seat,0,0,0,0.2,0.2,0.1,0.25,Pneumatic,Fail-close,1,1,1,1,0,1,1,0,0,1,1,0,1,MT,0,1,1,Standard,Casting,5,Tight,4,0.64,32,Generic-India,Domestic,0.98,412981
V00170,Oxygen,7.23,24.1,0.61,333.1,ISO Class V,None,0,0,0,Butterfly,10,250,150,Reduced port,Lug,ASME B16.10,SS304,Stainless steel,Stellite hardfaced,Ceramic coating,PTFE,0,0,0,18,8,0.3,0.07,Manual,N/A,0,0,0,0,0,0,0,0,0,1,1,0,0,UT,0,0,0,Standard,Casting,3,Tight,8,0.69,7,MidTier-India,Domestic,0.65,275455
V00171,Water,15.49,45.3,0.48,206.6,ISO Class V,None,0,0,0,Ball,6,150,300,Full bore,Butt-weld,ASME B16.10,CS/WCB,Carbon steel,SS316,Stellite,Elastomer (NBR/EPDM),0,0,0,0.2,0.2,0.1,0.25,Pneumatic,Fail-close,1,0,1,1,0,0,1,1,0,1,1,1,0,RT,1,0,0,Basic,Casting,3,Tight,12,0.78,7,Generic-India,Domestic,0.88,379303
V00172,Corrosive (Acid),8.48,95.7,0.43,587.3,ISO Class VI,None,0,0,0,Check,12,300,150,Full bore,Flanged,MSS SP-97,Duplex 2205,Duplex SS,Stellite hardfaced,Stellite,PTFE,0,1,0,22,5.5,3,0.03,Pneumatic,Fail-close,1,0,1,1,0,0,1,1,1,1,1,0,0,PT+MT,0,0,0,Standard,Forging,3,Tight,8,0.65,19,Imported-Standard,Import,0.44,1353586
V00173,Natural Gas,48.45,47.8,4.08,57.9,ISO Class VI,None,0,0,0,Gate,3,80,300,Reduced port,Threaded,ISO 5752,CS/WCB,Carbon steel,Stellite hardfaced,ENP (Electroless Nickel),Elastomer (NBR/EPDM),1,0,0,0.2,0.2,0.1,0.25,Manual,N/A,0,0,0,0,0,0,0,0,0,0,1,0,0,None,0,0,0,Standard,Casting,2,Tight,6,0.59,9,MidTier-India,Domestic,0.72,75358
V00174,Slurry,13.33,32.5,3.31,53.5,ISO Class II,None,0,0,0,Ball,2,50,150,Full bore,Flanged,ASME B16.10,CS/WCB,Carbon steel,SS316,None,PTFE,0,0,1,0.2,0.2,0.1,0.25,Manual,N/A,0,0,0,0,0,0,0,0,0,1,1,0,0,None,0,0,0,Standard,Casting,3,Standard,4,0.92,20,MidTier-India,Domestic,0.81,52615
V00175,Air,89.95,22,42.22,132.7,ISO Class IV,None,0,0,0,Globe,4,100,900,Full bore,Butt-weld,ISO 5752,SS316,Stainless steel,Stellite hardfaced,None,Elastomer (NBR/EPDM),0,1,0,17,12,2.5,0.06,Pneumatic,Fail-open,1,1,1,1,0,0,1,1,0,1,1,0,0,None,0,1,0,Full (EN10204 3.1 + QAP/ITP),Forging,3,Standard,2,0.6,17,Premium-India,Domestic,0.98,1039445
V00176,Corrosive (Acid),13.44,95.1,1.89,186.3,ISO Class I,None,0,0,0,Check,12,300,300,Full bore,Flanged,ASME B16.10,SS316,Stainless steel,Stellite hardfaced,Stellite,PTFE,0,0,0,17,12,2.5,0.06,Pneumatic,Fail-close,0,0,1,1,0,0,1,1,0,1,1,0,0,MT,1,0,0,Standard,Casting,3,Standard,9,0.68,5,MidTier-India,Domestic,0.68,843004
V00177,Air,53.38,35.9,9.8,49.3,ISO Class II,None,0,0,0,Control,2,50,600,Reduced port,Wafer,ASME B16.10,A105,Carbon steel,Duplex 2205,Stellite,Elastomer (NBR/EPDM),0,0,0,0.2,0.1,0.05,0.2,Pneumatic,Fail-in-place,0,1,1,1,0,1,1,0,0,1,1,0,0,UT,0,0,1,Full (EN10204 3.1 + QAP/ITP),Casting,5,Tight,7,0.67,20,Generic-India,Domestic,0.37,359164
V00178,Water,28.04,51,11.05,37.9,ISO Class IV,None,0,0,0,Globe,3,80,300,Reduced port,Flanged,ASME B16.10,A105,Carbon steel,Nickel Alloy 625,None,Elastomer (NBR/EPDM),0,0,0,0.2,0.1,0.05,0.2,Pneumatic,Fail-in-place,0,0,1,1,0,0,1,0,0,1,1,0,0,PT,0,0,0,Standard,Casting,1,Tight,9,0.72,15,Imported-Standard,Domestic,0.66,212961
V00179,Natural Gas,36.61,153.9,2.36,25.4,ISO Class III,None,0,0,0,Check,2,50,300,Reduced port,Butt-weld,ASME B16.10,CS/WCB,Carbon steel,SS410,Tungsten carbide,Elastomer (NBR/EPDM),0,0,0,0.2,0.2,0.1,0.25,Hydraulic,Fail-close,0,0,0,0,0,0,0,0,0,1,1,0,0,PT,0,0,0,Standard,Casting,4,Standard,12,0.8,10,MidTier-India,Domestic,0.88,155123
V00180,Steam,84.72,167.4,5.63,275,ISO Class IV,None,0,0,0,Butterfly,6,150,600,Full bore,Flanged,ASME B16.10,CS/WCB,Carbon steel,Duplex 2205,None,PEEK,0,0,0,0.2,0.2,0.1,0.25,Manual,N/A,0,0,0,0,0,0,0,0,0,1,1,1,1,RT,0,0,1,Basic,Casting,3,Standard,5,0.77,17,Imported-Premium,Domestic,0.77,385121
V00181,Corrosive (Acid),9.57,153.9,0.25,37.7,ISO Class III,None,0,0,0,Check,1.5,40,150,Reduced port,Threaded,ASME B16.10,SS316,Stainless steel,Stellite hardfaced,None,Metal seat,0,1,0,17,12,2.5,0.06,Manual,N/A,0,0,1,0,0,0,0,0,0,1,0,0,0,None,1,0,0,Basic,Casting,3,Standard,11,0.54,7,Imported-Standard,Import,0.05,64801
V00182,Steam,6.63,196.9,2.31,199.7,ISO Class II,None,0,0,0,Globe,10,250,150,Full bore,Flanged,ASME B16.10,SS304,Stainless steel,SS316,Stellite,Metal seat,0,0,0,18,8,0.3,0.07,Pneumatic,Fail-in-place,0,0,1,1,0,0,1,1,0,1,1,0,1,RT,0,0,0,Basic,Casting,3,Standard,7,0.8,16,MidTier-India,Domestic,0.61,697878
V00183,Water,37.63,59.8,1.52,47.2,ISO Class IV,None,0,0,0,Control,1.5,40,300,Reduced port,Threaded,ASME B16.10,CS/WCB,Carbon steel,Stellite hardfaced,None,Metal seat,0,0,0,0.2,0.2,0.1,0.25,Electric,Fail-open,1,0,0,1,1,0,0,0,0,1,0,1,0,PT+MT,0,1,0,Basic,Casting,3,Tight,12,0.84,20,Generic-India,Domestic,0.71,163456
V00184,Natural Gas,73.94,136.5,9.78,203.5,ISO Class V,None,0,0,0,Check,8,200,900,Full bore,Flanged,ASME B16.10,SS316,Stainless steel,SS316,None,PTFE,1,0,0,17,12,2.5,0.06,Manual,N/A,0,0,0,0,0,0,0,0,0,1,0,0,1,UT,1,1,0,Standard,Casting,2,Tight,4,0.59,5,Imported-Standard,Domestic,0.9,961602
V00185,Slurry,342.79,11.2,42.33,248.4,ISO Class VI,None,0,0,0,Check,4,100,2500,Full bore,Socket-weld,ASME B16.10,Duplex 2205,Duplex SS,Stellite hardfaced,Tungsten carbide,Metal seat,0,1,1,22,5.5,3,0.03,Pneumatic,Fail-open,0,0,1,1,0,0,1,1,0,1,1,0,1,None,0,0,1,Standard,Forging,3,Tight,10,0.48,15,Generic-India,Domestic,0.54,1478662
V00186,Water,5.11,63.6,0.72,368.4,ISO Class IV,None,0,0,0,Butterfly,16,400,150,Reduced port,Flanged,ASME B16.10,CS/WCB,Carbon steel,Alloy 20,None,PTFE,0,0,0,0.2,0.2,0.1,0.25,Pneumatic,Fail-open,1,1,1,1,0,0,1,1,1,1,1,1,0,MT,1,0,0,Standard,Forging,2,Standard,2,0.69,11,MidTier-India,Domestic,0.44,520959
V00187,Oxygen,23.92,7.7,1.12,424.3,ISO Class VI,None,0,0,0,Gate,8,200,300,Reduced port,Flanged,ASME B16.10,SS304,Stainless steel,Nickel Alloy 625,None,PTFE,0,0,0,18,8,0.3,0.07,Electric,Fail-open,0,0,0,1,0,0,0,0,0,0,1,0,0,PT+MT,1,0,0,Standard,Casting,4,Tight,8,0.79,8,Generic-India,Domestic,0.76,618232
V00188,Hydrocarbon,47.47,150.5,6.31,119.5,ISO Class I,None,0,0,0,Globe,4,100,600,Reduced port,Flanged,ISO 5752,CS/WCB,Carbon steel,Nickel Alloy 625,None,Metal seat,1,0,0,0.2,0.2,0.1,0.25,Manual,N/A,0,0,0,0,0,0,0,0,0,1,1,0,0,PT+MT,0,0,0,Standard,Forging,4,Standard,2,0.86,5,Premium-India,Domestic,0.63,305280
V00189,Water,25.14,13.3,2.16,17.9,ISO Class V,None,0,0,0,Globe,0.5,15,300,Full bore,Butt-weld,API 6D,SS304,Stainless steel,SS316,None,PEEK,0,0,0,18,8,0.3,0.07,Manual,N/A,0,0,0,0,1,0,0,0,0,1,1,1,0,None,1,0,0,Standard,Casting,1,Tight,11,0.71,8,Generic-India,Domestic,0.63,40968
V00190,Natural Gas,72,171.3,0.2,130.2,ISO Class III,None,0,0,0,Globe,6,150,600,Full bore,Wafer,ASME B16.10,SS304,Stainless steel,Alloy 20,ENP (Electroless Nickel),Metal seat,0,0,0,18,8,0.3,0.07,Manual,N/A,0,0,0,0,0,0,0,0,0,1,1,0,0,None,1,0,0,Full (EN10204 3.1 + QAP/ITP),Casting,2,Standard,12,0.56,22,Generic-India,Domestic,0.74,280909
V00191,Oxygen,43.67,16,0.15,478.5,ISO Class IV,None,0,0,0,Butterfly,14,350,600,Full bore,Wafer,ASME B16.10,SS316,Stainless steel,SS410,ENP (Electroless Nickel),PTFE,0,0,0,17,12,2.5,0.06,Pneumatic,Fail-close,0,0,1,1,0,0,1,1,0,1,1,0,0,UT,0,0,0,Standard,Casting,2,Tight,2,0.67,5,Imported-Standard,Domestic,0.6,1104777
V00192,Slurry,60.16,120,5.02,36.6,ISO Class IV,None,0,0,0,Check,1,25,900,Reduced port,Flanged,API 6D,A105,Carbon steel,SS316,None,PTFE,0,0,0,0.2,0.1,0.05,0.2,Pneumatic,Fail-open,0,0,1,1,0,0,1,1,0,1,1,0,0,PT+MT,0,1,0,Standard,Forging,1,Standard,6,0.75,9,Premium-India,Domestic,0.93,110330
V00193,Oxygen,9.47,22.4,0.85,24.5,ISO Class IV,None,0,0,0,Check,1,25,150,Reduced port,Flanged,ASME B16.10,SS316,Stainless steel,SS316,Tungsten carbide,PEEK,0,1,0,17,12,2.5,0.06,Gearbox,N/A,0,0,0,1,0,0,0,0,0,1,1,0,1,UT,1,0,0,Standard,Casting,3,Standard,7,0.63,16,MidTier-India,Domestic,0.8,75355
V00194,Air,48.2,69.9,10.34,33.7,ISO Class I,None,0,0,0,Control,1.5,40,600,Full bore,Lug,ASME B16.10,SS316,Stainless steel,SS316,None,PTFE,0,1,0,17,12,2.5,0.06,Electric,Fail-close,0,0,0,1,0,0,0,0,0,1,0,0,0,None,0,0,0,Full (EN10204 3.1 + QAP/ITP),Casting,4,Tight,13,0.56,26,Generic-India,Domestic,0.79,405476
V00195,Corrosive (Acid),32.54,88.5,1.51,597.8,ISO Class V,None,0,0,0,Butterfly,18,450,300,Reduced port,Wafer,API 6D,Nickel Alloy 625,Nickel alloy,SS316,Tungsten carbide,PTFE,0,0,0,21.5,60,9,0.02,Manual,N/A,0,0,1,0,0,0,0,0,0,1,0,1,0,None,1,0,1,Basic,Casting,4,Tight,8,0.69,15,MidTier-India,Domestic,0.6,1038104
V00196,Water,5.8,59.8,0.65,145.4,ISO Class V,None,0,0,0,Ball,4,100,150,Reduced port,Flanged,ASME B16.10,CS/WCB,Carbon steel,Duplex 2205,Tungsten carbide,PTFE,0,0,0,0.2,0.2,0.1,0.25,Electric,Fail-open,1,0,0,1,0,0,0,0,0,1,1,0,0,MT,0,0,0,Standard,Casting,4,Tight,8,0.77,16,Generic-India,Domestic,0.73,186696
V00197,Corrosive (Acid),96.75,57.4,3.87,557.4,ISO Class VI,None,0,0,0,Check,14,350,600,Reduced port,Flanged,ASME B16.10,SS316,Stainless steel,Nickel Alloy 625,None,Metal seat,0,0,0,17,12,2.5,0.06,Manual,N/A,0,0,0,0,0,0,0,0,0,1,1,1,0,None,0,0,0,Basic,Casting,3,Tight,4,0.85,14,Imported-Standard,Domestic,0.53,1069009
V00198,Hydrocarbon,33.79,31.5,17.46,94.4,ISO Class V,Anti-cavitation trim,1,1,0,Control,3,80,300,Full bore,Threaded,ASME B16.10,CS/WCB,Carbon steel,Stellite hardfaced,None,Metal seat,0,0,0,0.2,0.2,0.1,0.25,Hydraulic,Fail-close,0,0,0,0,1,0,0,0,0,1,1,1,1,UT,0,0,0,Basic,Casting,4,Tight,13,0.74,19,Generic-India,Domestic,0.87,334276
V00199,Water,10.5,30.3,0.92,126.9,ISO Class III,None,0,0,0,Ball,4,100,150,Full bore,Flanged,ASME B16.10,CS/WCB,Carbon steel,SS316,Tungsten carbide,PTFE,0,0,0,0.2,0.2,0.1,0.25,Manual,N/A,0,0,0,0,0,0,0,0,0,1,1,0,0,MT,0,1,1,Standard,Casting,1,Standard,4,0.79,5,Imported-Standard,Import,0.38,124722
V00200,Hydrocarbon,14.92,85.5,1.78,328.7,ISO Class IV,None,0,0,0,Check,12,300,150,Full bore,Flanged,ISO 5752,CS/WCB,Carbon steel,SS316,None,PTFE,0,0,0,0.2,0.2,0.1,0.25,Manual,N/A,0,1,0,0,0,0,0,0,0,1,1,0,0,None,0,0,1,Full (EN10204 3.1 + QAP/ITP),Casting,3,Standard,10,0.66,19,Imported-Standard,Import,0.2,262709
V00201,Steam,304.33,259.6,59.34,46.5,ISO Class V,None,0,0,0,Ball,2,50,2500,Reduced port,Flanged,ASME B16.10,Bronze,Copper alloy,Stellite hardfaced,None,Metal seat,0,0,0,0.2,0.8,0.1,0.02,Electric,Fail-close,1,0,0,1,0,0,0,0,0,1,1,1,1,None,1,0,0,Standard,Forging,1,Tight,7,0.8,16,Imported-Standard,Import,0.37,614999
V00202,Hydrocarbon,13.07,34.3,1.95,1895.6,ISO Class II,None,0,0,0,Butterfly,16,400,150,Reduced port,Wafer,ASME B16.10,SS304,Stainless steel,Stellite hardfaced,None,PTFE,0,0,0,18,8,0.3,0.07,Manual,N/A,0,0,0,1,0,0,0,0,0,1,1,1,0,MT,1,0,0,Basic,Forging,3,Standard,10,0.66,5,Premium-India,Domestic,0.63,260086
V00203,Air,29.53,93.1,2.85,699.3,ISO Class III,None,0,0,0,Butterfly,18,450,600,Full bore,Lug,ASME B16.10,A105,Carbon steel,Stellite hardfaced,None,Metal seat,0,0,0,0.2,0.1,0.05,0.2,Manual,N/A,0,1,0,0,0,0,0,0,0,1,1,0,0,MT,1,0,0,Basic,Casting,3,Standard,7,0.84,14,MidTier-India,Domestic,0.86,499620
V00204,Corrosive (Acid),9.28,9.7,0.2,91.3,ISO Class V,None,0,0,0,Control,4,100,150,Full bore,Socket-weld,API 6D,Duplex 2205,Duplex SS,SS316,None,PTFE,0,1,0,22,5.5,3,0.03,Pneumatic,Fail-in-place,0,1,1,1,0,1,1,0,0,1,1,0,0,UT+RT,0,0,0,Standard,Casting,5,Tight,9,0.73,11,MidTier-India,Domestic,0.57,685130
V00205,Corrosive (Acid),31.6,22.3,2.83,726.3,ISO Class III,None,0,0,0,Gate,14,350,300,Reduced port,Flanged,ISO 5752,Duplex 2205,Duplex SS,Stellite hardfaced,None,PEEK,0,0,0,22,5.5,3,0.03,Pneumatic,Fail-open,1,0,1,1,0,0,1,1,1,1,0,0,0,RT,0,0,1,Basic,Casting,5,Standard,13,0.64,16,MidTier-India,Domestic,0.79,1697056
V00206,Water,10.9,70.5,0.93,69.9,ISO Class IV,None,0,0,0,Gate,1.5,40,150,Reduced port,Threaded,ISO 5752,CS/WCB,Carbon steel,Nickel Alloy 625,None,PTFE,0,0,0,0.2,0.2,0.1,0.25,Manual,N/A,0,0,1,1,0,0,0,0,0,1,1,0,0,MT,0,0,0,Basic,Casting,4,Standard,6,0.5,22,Imported-Standard,Import,0.39,39117
V00207,Water,21.5,69.3,4.47,15.7,ISO Class V,None,0,0,0,Needle,0.75,20,300,Reduced port,Flanged,ASME B16.10,Bronze,Copper alloy,SS316,None,PTFE,0,0,0,0.2,0.8,0.1,0.02,Manual,N/A,0,0,0,1,0,0,0,0,0,1,0,0,0,MT,0,0,0,Basic,Casting,5,Tight,5,0.62,15,Generic-India,Domestic,0.83,62584
V00208,Natural Gas,36.42,133.9,11.78,22.8,ISO Class V,None,0,0,0,Needle,1,25,300,Full bore,Flanged,ISO 5752,A105,Carbon steel,Stellite hardfaced,None,Elastomer (NBR/EPDM),0,0,0,0.2,0.1,0.05,0.2,Manual,N/A,0,0,0,0,0,0,0,0,0,1,1,0,1,PT+MT,0,1,0,Standard,Forging,3,Tight,8,0.75,18,Generic-India,Domestic,0.86,45962
V00209,Hydrocarbon,61.87,124.7,15.21,53.5,ISO Class V,None,0,0,0,Control,2,50,900,Reduced port,Flanged,API 6D,CS/WCB,Carbon steel,Duplex 2205,Stellite,PTFE,0,0,0,0.2,0.2,0.1,0.25,Pneumatic,Fail-close,0,1,1,1,0,1,1,1,0,1,1,0,0,None,0,0,1,Standard,Forging,5,Tight,6,0.77,26,Premium-India,Domestic,0.77,885951
V00210,Air,9.16,58.1,1.19,16.6,ISO Class V,None,0,0,0,Globe,0.75,20,150,Reduced port,Threaded,ASME B16.10,SS316,Stainless steel,Duplex 2205,None,Metal seat,0,1,0,17,12,2.5,0.06,Pneumatic,Fail-in-place,0,0,1,1,1,0,1,0,0,1,1,0,0,None,1,1,0,Standard,Casting,3,Tight,11,0.76,20,Generic-India,Domestic,0.73,62459
V00211,Natural Gas,145.35,147.6,5.35,18,ISO Class IV,None,0,0,0,Check,0.75,20,900,Reduced port,Socket-weld,ASME B16.10,SS304,Stainless steel,Duplex 2205,None,PTFE,1,0,0,18,8,0.3,0.07,Gearbox,N/A,0,0,1,0,0,0,0,0,0,0,1,0,0,None,1,0,0,Basic,Forging,2,Standard,11,0.68,15,MidTier-India,Domestic,0.74,106859
V00212,Steam,40.55,155.5,3.79,257.5,ISO Class VI,None,0,0,0,Check,6,150,600,Full bore,Flanged,ASME B16.10,CS/WCB,Carbon steel,SS316,None,PEEK,0,0,0,0.2,0.2,0.1,0.25,Manual,N/A,0,1,0,0,0,0,0,0,0,1,1,0,0,UT+RT,0,0,0,Standard,Forging,3,Tight,6,0.8,10,Generic-India,Domestic,0.65,275229
V00213,Steam,79.99,258,9.3,172.2,ISO Class V,None,0,0,0,Check,3,80,600,Reduced port,Threaded,ASME B16.10,CS/WCB,Carbon steel,SS316,Ceramic coating,Metal seat,0,0,0,0.2,0.2,0.1,0.25,Manual,N/A,0,0,0,0,0,0,0,0,0,1,0,0,0,None,1,0,0,Standard,Casting,5,Tight,3,0.63,11,MidTier-India,Domestic,0.58,146291
V00214,Natural Gas,50.6,34.8,15.19,101.8,ISO Class V,None,0,0,0,Globe,4,100,600,Full bore,Flanged,API 6D,SS304,Stainless steel,Alloy 20,None,Elastomer (NBR/EPDM),1,0,0,18,8,0.3,0.07,Pneumatic,Fail-in-place,1,0,1,1,0,0,1,0,0,1,1,0,0,PT,0,0,0,Basic,Casting,4,Tight,10,0.79,12,Generic-India,Domestic,0.98,610235
V00215,Water,10.95,24.9,0.2,37.7,ISO Class VI,None,0,0,0,Control,1.5,40,300,Full bore,Socket-weld,API 6D,CS/WCB,Carbon steel,SS316,None,Metal seat,0,0,0,0.2,0.2,0.1,0.25,Electric,Fail-close,0,0,0,1,0,0,0,0,0,1,0,0,1,UT,0,1,1,Standard,Casting,4,Tight,7,0.95,24,Imported-Standard,Domestic,0.56,213851
V00216,Slurry,28.39,65.2,0.05,362.4,ISO Class III,None,0,0,0,Check,12,300,300,Full bore,Flanged,ISO 5752,SS316,Stainless steel,SS316,None,PEEK,0,1,1,17,12,2.5,0.06,Pneumatic,Fail-in-place,1,0,1,1,0,0,1,1,1,1,0,0,0,MT,0,0,0,Standard,Casting,3,Standard,7,0.62,11,Imported-Premium,Import,0.32,1354239
V00217,Air,33.6,77,2.09,80,ISO Class VI,None,0,0,0,Ball,3,80,300,Full bore,Flanged,API 6D,Bronze,Copper alloy,Stellite hardfaced,Tungsten carbide,PTFE,0,0,0,0.2,0.8,0.1,0.02,Gearbox,N/A,0,0,0,1,0,0,0,0,0,1,1,1,0,RT,0,0,0,Full (EN10204 3.1 + QAP/ITP),Casting,4,Tight,10,0.67,18,Imported-Standard,Domestic,0.95,379251
V00218,Slurry,221.87,34,55.93,75.3,ISO Class IV,None,0,0,0,Control,3,80,1500,Full bore,Lug,ASME B16.10,SS304,Stainless steel,SS316,None,Elastomer (NBR/EPDM),0,0,1,18,8,0.3,0.07,Pneumatic,Fail-in-place,1,1,1,1,0,1,1,1,0,0,1,0,1,MT,0,0,0,Full (EN10204 3.1 + QAP/ITP),Forging,4,Tight,9,0.54,23,Imported-Standard,Import,0.36,1285529
V00219,Natural Gas,35.91,136.4,3.2,85,ISO Class V,None,0,0,0,Check,2,50,600,Reduced port,Threaded,ASME B16.10,CS/WCB,Carbon steel,Stellite hardfaced,Stellite,PEEK,0,0,0,0.2,0.2,0.1,0.25,Manual,N/A,0,0,0,0,0,0,0,0,0,1,1,0,0,UT+RT,0,0,0,Standard,Casting,5,Tight,9,0.78,9,Generic-India,Domestic,0.49,141384
V00220,Corrosive (Acid),7.29,27.8,0.57,251.6,ISO Class III,None,0,0,0,Check,8,200,150,Reduced port,Flanged,ISO 5752,Nickel Alloy 625,Nickel alloy,SS316,Tungsten carbide,Metal seat,0,1,0,21.5,60,9,0.02,Gearbox,N/A,0,1,1,0,0,0,0,0,0,1,1,0,0,None,0,1,0,Standard,Casting,3,Tight,11,0.87,10,MidTier-India,Domestic,0.47,848155
V00221,Water,12.13,34.5,0.05,140.5,ISO Class V,None,0,0,0,Check,6,150,150,Full bore,Threaded,ASME B16.10,CS/WCB,Carbon steel,Stellite hardfaced,Stellite,Elastomer (NBR/EPDM),0,0,0,0.2,0.2,0.1,0.25,Manual,N/A,0,0,0,0,0,0,0,0,0,1,1,0,1,PT,0,0,0,Basic,Casting,3,Tight,11,0.6,14,Premium-India,Domestic,0.89,87934
V00222,Hydrocarbon,112.62,37.2,11.25,219.6,ISO Class II,None,0,0,0,Check,6,150,900,Full bore,Flanged,ASME B16.10,CS/WCB,Carbon steel,Nickel Alloy 625,Ceramic coating,Elastomer (NBR/EPDM),1,0,0,0.2,0.2,0.1,0.25,Manual,N/A,0,0,0,0,0,0,0,0,0,1,1,0,1,MT,0,0,0,Full (EN10204 3.1 + QAP/ITP),Forging,4,Tight,10,0.43,10,Generic-India,Domestic,0.78,344636
V00223,Air,12.08,69.7,1.41,29.7,ISO Class I,None,0,0,0,Ball,1,25,150,Reduced port,Flanged,ISO 5752,SS316,Stainless steel,Nickel Alloy 625,None,Elastomer (NBR/EPDM),0,1,0,17,12,2.5,0.06,Pneumatic,Fail-open,0,1,1,1,0,0,1,0,0,1,1,0,1,UT,1,0,0,Basic,Casting,1,Standard,7,0.77,9,Premium-India,Domestic,0.88,119687
V00224,Oxygen,10.88,-40,0.05,1530.6,ISO Class VI,None,0,0,0,Butterfly,20,500,150,Reduced port,Wafer,ISO 5752,SS304,Stainless steel,SS316,None,Metal seat,0,0,0,18,8,0.3,0.07,Manual,N/A,0,0,0,0,0,0,0,0,0,1,1,1,0,MT,0,0,0,Standard,Forging,2,Tight,2,0.87,14,Generic-India,Domestic,0.97,355703
V00225,Hydrocarbon,64.52,145.4,7.86,182.5,ISO Class VI,None,0,0,0,Check,2,50,600,Full bore,Threaded,ASME B16.10,SS304,Stainless steel,Stellite hardfaced,None,Elastomer (NBR/EPDM),0,0,0,18,8,0.3,0.07,Manual,N/A,0,1,0,1,0,0,0,0,0,1,1,1,0,None,0,0,0,Basic,Casting,4,Tight,3,0.77,20,Imported-Premium,Import,0.53,229111
V00226,Water,116.23,73.2,27.24,373.9,ISO Class I,None,0,0,0,Ball,16,400,900,Full bore,Butt-weld,ISO 5752,CS/WCB,Carbon steel,Stellite hardfaced,Stellite,Metal seat,0,0,0,0.2,0.2,0.1,0.25,Manual,N/A,0,0,0,0,0,0,0,0,0,1,1,1,0,MT,1,0,0,Standard,Forging,2,Tight,7,0.66,10,MidTier-India,Domestic,0.2,829371
V00227,Natural Gas,31.44,85.5,6.17,98.8,ISO Class III,None,0,0,0,Butterfly,3,80,300,Reduced port,Wafer,ASME B16.10,A105,Carbon steel,Alloy 20,None,Metal seat,0,0,0,0.2,0.1,0.05,0.2,Electric,Fail-close,0,0,0,1,0,0,0,0,0,1,1,0,0,None,0,0,0,Standard,Casting,5,Standard,9,0.82,15,Generic-India,Domestic,0.98,127081
V00228,Natural Gas,97.81,145.6,6.13,29.5,ISO Class II,None,0,0,0,Gate,0.75,20,900,Full bore,Flanged,ASME B16.10,SS304,Stainless steel,SS316,Stellite,PTFE,1,0,0,18,8,0.3,0.07,Gearbox,N/A,0,0,1,0,0,0,0,0,0,1,1,0,1,None,0,0,0,Basic,Forging,5,Standard,7,0.77,20,Premium-India,Domestic,0.98,191926
V00229,Oxygen,6.17,55.5,0.2,167.3,ISO Class VI,None,0,0,0,Control,4,100,300,Reduced port,Flanged,API 6D,SS316,Stainless steel,SS316,None,PTFE,0,0,0,17,12,2.5,0.06,Manual,N/A,0,1,0,0,0,0,0,0,0,1,1,0,1,None,0,0,0,Basic,Casting,4,Tight,11,0.61,13,Generic-India,Domestic,0.74,316403
V00230,Oxygen,57.65,120,7.5,157.6,ISO Class IV,None,0,0,0,Check,3,80,600,Reduced port,Butt-weld,ASME B16.10,SS316,Stainless steel,Stellite hardfaced,Stellite,Metal seat,0,1,0,17,12,2.5,0.06,Pneumatic,Fail-close,1,0,1,1,0,0,1,0,0,1,1,0,0,UT+RT,0,0,0,Standard,Casting,4,Standard,12,0.7,5,Imported-Standard,Import,0.32,622642
V00231,Natural Gas,19.15,107.7,0.74,1287.6,ISO Class IV,None,0,0,0,Butterfly,20,500,300,Full bore,Wafer,ASME B16.10,CS/WCB,Carbon steel,SS316,None,Elastomer (NBR/EPDM),0,0,0,0.2,0.2,0.1,0.25,Gearbox,N/A,0,0,0,0,0,0,0,0,0,1,1,1,0,RT,1,0,0,Standard,Casting,4,Standard,10,0.79,14,Premium-India,Domestic,0.79,347233
V00232,Water,2.97,53.8,0.89,152.7,ISO Class III,None,0,0,0,Globe,4,100,150,Full bore,Lug,ASME B16.10,CS/WCB,Carbon steel,SS316,Tungsten carbide,PTFE,0,0,0,0.2,0.2,0.1,0.25,Manual,N/A,0,0,0,0,0,0,0,0,0,1,1,0,0,None,0,0,0,Full (EN10204 3.1 + QAP/ITP),Casting,5,Standard,13,0.6,12,Premium-India,Domestic,0.85,167392
V00233,Hydrocarbon,208.19,198.4,11.81,308.1,ISO Class III,None,0,0,0,Butterfly,14,350,1500,Reduced port,Wafer,ASME B16.10,CS/WCB,Carbon steel,Alloy 20,ENP (Electroless Nickel),Elastomer (NBR/EPDM),1,0,0,0.2,0.2,0.1,0.25,Manual,N/A,0,0,0,0,1,0,0,0,0,1,1,0,0,RT,0,0,0,Basic,Forging,4,Standard,7,0.69,13,MidTier-India,Domestic,0.98,535230
V00234,Steam,5.66,250.3,0.82,152.3,ISO Class V,None,0,0,0,Control,6,150,300,Full bore,Flanged,ISO 5752,CS/WCB,Carbon steel,Stellite hardfaced,None,Metal seat,0,0,0,0.2,0.2,0.1,0.25,Pneumatic,Fail-open,1,1,1,1,0,1,1,1,0,1,1,0,1,PT,0,0,0,Standard,Forging,4,Tight,7,0.81,13,Generic-India,Domestic,0.89,686393
V00235,Oxygen,4.95,60.1,0.73,32.1,ISO Class VI,None,0,0,0,Ball,1,25,150,Reduced port,Socket-weld,ASME B16.10,SS304,Stainless steel,Stellite hardfaced,Stellite,PTFE,0,0,0,18,8,0.3,0.07,Manual,N/A,0,0,0,0,0,0,0,0,0,1,1,0,0,MT,1,0,0,Basic,Casting,1,Tight,10,0.52,16,Imported-Standard,Import,0.22,51594
V00236,Slurry,23.99,54.5,0.99,341.5,ISO Class II,None,0,0,0,Check,8,200,300,Full bore,Flanged,ASME B16.10,SS316,Stainless steel,Stellite hardfaced,None,Elastomer (NBR/EPDM),0,0,0,17,12,2.5,0.06,Manual,N/A,0,0,0,0,0,0,0,0,0,1,1,0,0,RT,1,0,0,Standard,Casting,2,Standard,11,0.75,11,Generic-India,Domestic,0.58,216352
V00237,Water,61.44,41.1,0.05,38.6,ISO Class III,None,0,0,0,Check,1.5,40,600,Reduced port,Lug,MSS SP-97,A105,Carbon steel,Nickel Alloy 625,Stellite,PTFE,0,0,0,0.2,0.1,0.05,0.2,Manual,N/A,0,0,0,0,0,0,0,0,0,1,1,0,0,None,0,0,0,Basic,Casting,2,Tight,13,0.52,7,Generic-India,Domestic,0.97,81361
V00238,Slurry,21.21,41,2.48,34.5,ISO Class III,None,0,0,0,Gate,3,80,300,Reduced port,Butt-weld,ASME B16.10,CS/WCB,Carbon steel,SS316,None,PTFE,0,0,1,0.2,0.2,0.1,0.25,Electric,Fail-close,1,0,0,1,0,0,0,0,0,1,0,0,1,None,0,0,0,Full (EN10204 3.1 + QAP/ITP),Casting,1,Tight,7,0.91,12,MidTier-India,Domestic,0.77,189191
V00239,Water,17.66,35.6,1.39,297.4,ISO Class II,None,0,0,0,Ball,4,100,150,Reduced port,Flanged,ASME B16.10,A105,Carbon steel,Stellite hardfaced,None,PTFE,0,0,0,0.2,0.1,0.05,0.2,Manual,N/A,0,1,0,0,0,0,0,0,0,1,0,0,1,PT,0,0,1,Full (EN10204 3.1 + QAP/ITP),Casting,1,Standard,11,0.6,15,MidTier-India,Domestic,0.7,84215
V00240,Natural Gas,38.05,139.3,15.19,71.7,ISO Class IV,Anti-cavitation trim,1,0,1,Control,3,80,600,Full bore,Socket-weld,ASME B16.10,CS/WCB,Carbon steel,Duplex 2205,Tungsten carbide,Elastomer (NBR/EPDM),1,0,0,0.2,0.2,0.1,0.25,Pneumatic,Fail-in-place,1,1,1,1,0,1,1,0,0,1,1,0,0,MT,0,0,0,Basic,Casting,4,Tight,10,0.6,24,Generic-India,Domestic,0.91,819152
V00241,Slurry,122.99,46.3,15.51,189.4,ISO Class II,None,0,0,0,Butterfly,4,100,1500,Reduced port,Wafer,ASME B16.10,SS316,Stainless steel,Nickel Alloy 625,None,Elastomer (NBR/EPDM),0,1,1,17,12,2.5,0.06,Manual,N/A,0,1,0,0,0,0,0,0,0,1,1,0,0,None,0,0,0,Basic,Forging,2,Standard,11,0.62,12,MidTier-India,Domestic,0.77,309330
V00242,Air,8.38,3.9,0.2,32.2,ISO Class I,None,0,0,0,Globe,2,50,150,Full bore,Flanged,ASME B16.10,CS/WCB,Carbon steel,SS410,ENP (Electroless Nickel),Metal seat,0,0,0,0.2,0.2,0.1,0.25,Manual,N/A,0,0,0,0,0,0,0,0,0,1,0,0,0,PT,0,0,0,Full (EN10204 3.1 + QAP/ITP),Casting,1,Tight,8,0.58,10,Premium-India,Domestic,0.6,67773
V00243,Air,40.19,66.5,3.25,212.9,ISO Class III,None,0,0,0,Ball,8,200,300,Full bore,Flanged,ASME B16.10,Bronze,Copper alloy,SS410,Ceramic coating,PEEK,0,0,0,0.2,0.8,0.1,0.02,Manual,N/A,0,0,0,0,0,0,0,0,0,1,1,0,1,None,1,0,0,Standard,Casting,2,Standard,9,0.79,9,MidTier-India,Domestic,0.76,323015
V00244,Natural Gas,89.98,173.4,5.69,222.5,ISO Class IV,None,0,0,0,Butterfly,3,80,900,Full bore,Wafer,ASME B16.10,CS/WCB,Carbon steel,Alloy 20,None,PTFE,0,0,0,0.2,0.2,0.1,0.25,Electric,Fail-open,0,0,0,1,0,0,0,0,0,1,1,1,0,PT,0,0,0,Standard,Forging,2,Standard,9,0.72,13,MidTier-India,Domestic,0.73,206927
V00245,Hydrocarbon,179.17,216.4,44.73,99.8,ISO Class V,None,0,0,0,Control,3,80,1500,Reduced port,Threaded,ISO 5752,SS316,Stainless steel,SS316,None,Metal seat,1,1,0,17,12,2.5,0.06,Pneumatic,Fail-in-place,1,1,1,1,0,1,1,1,0,1,1,0,0,PT,1,0,0,Basic,Forging,3,Tight,15,0.63,25,Generic-India,Domestic,0.73,806821
V00246,Steam,46.04,293.9,15.33,27.3,ISO Class IV,None,0,0,0,Control,1,25,600,Full bore,Socket-weld,ASME B16.10,CS/WCB,Carbon steel,SS316,Tungsten carbide,Metal seat,0,0,0,0.2,0.2,0.1,0.25,Pneumatic,Fail-open,1,1,1,1,0,1,1,0,0,1,1,0,0,UT,0,0,0,Basic,Casting,5,Tight,9,0.87,26,Generic-India,Domestic,0.98,308400
V00247,Air,36.36,42.3,1.6,105.9,ISO Class V,None,0,0,0,Ball,1.5,40,300,Reduced port,Flanged,MSS SP-97,SS316,Stainless steel,Duplex 2205,None,PTFE,0,1,0,17,12,2.5,0.06,Electric,Fail-close,1,0,1,1,0,0,0,0,0,1,1,0,0,PT,1,1,0,Basic,Casting,3,Tight,10,0.73,11,MidTier-India,Domestic,0.75,235149
V00248,Water,66.29,7.2,4.45,54.8,ISO Class I,None,0,0,0,Gate,0.75,20,600,Reduced port,Threaded,ASME B16.10,CS/WCB,Carbon steel,SS316,None,Metal seat,0,0,0,0.2,0.2,0.1,0.25,Gearbox,N/A,0,0,0,0,0,0,0,0,0,1,1,0,0,None,0,0,0,Standard,Forging,3,Standard,3,0.95,17,MidTier-India,Domestic,0.74,52499
V00249,Air,14.15,36.5,5.98,120.9,ISO Class II,None,0,0,1,Control,4,100,150,Full bore,Flanged,ISO 5752,CS/WCB,Carbon steel,SS316,Stellite,Metal seat,0,0,0,0.2,0.2,0.1,0.25,Pneumatic,Fail-close,0,1,1,1,0,1,1,0,0,1,1,0,0,UT,0,0,0,Full (EN10204 3.1 + QAP/ITP),Casting,4,Tight,8,0.7,27,Generic-India,Domestic,0.43,424485
V00250,Corrosive (Acid),12.61,104,3.92,67,ISO Class III,None,0,0,0,Control,3,80,150,Reduced port,Flanged,ASME B16.10,Duplex 2205,Duplex SS,SS316,Stellite,PEEK,0,0,0,22,5.5,3,0.03,Pneumatic,Fail-close,0,1,1,1,0,1,1,0,0,1,0,0,0,PT+MT,1,0,1,Full (EN10204 3.1 + QAP/ITP),Casting,5,Tight,13,0.66,19,Generic-India,Domestic,0.4,666844
V00251,Steam,25.27,213.5,1.36,10,ISO Class IV,None,0,0,0,Ball,0.5,15,600,Full bore,Flanged,ISO 5752,SS304,Stainless steel,SS410,None,Metal seat,0,0,0,18,8,0.3,0.07,Electric,Fail-close,0,0,0,1,1,0,0,0,0,1,1,0,1,UT,0,0,0,Standard,Casting,3,Standard,7,0.47,18,Generic-India,Domestic,0.98,161328
V00252,Steam,31.35,222.8,5.01,279.3,ISO Class V,None,0,0,0,Ball,4,100,300,Full bore,Lug,ISO 5752,CS/WCB,Carbon steel,SS316,Ceramic coating,Metal seat,0,0,0,0.2,0.2,0.1,0.25,Manual,N/A,0,0,0,0,0,0,0,0,0,1,1,0,0,None,0,1,0,Basic,Casting,4,Tight,5,0.74,16,Generic-India,Domestic,0.39,185763
V00253,Corrosive (Acid),18.05,112,3.04,426.7,ISO Class IV,None,0,0,0,Gate,12,300,150,Reduced port,Flanged,ASME B16.10,Nickel Alloy 625,Nickel alloy,SS316,None,Metal seat,0,1,0,21.5,60,9,0.02,Electric,Fail-in-place,1,1,0,1,0,0,0,0,0,1,1,0,0,PT,0,0,1,Basic,Casting,4,Standard,13,0.62,9,Generic-India,Domestic,0.98,1604094
V00254,Corrosive (Acid),7.06,128.4,0.53,305.3,ISO Class V,None,0,0,0,Butterfly,8,200,150,Reduced port,Flanged,MSS SP-97,Nickel Alloy 625,Nickel alloy,SS316,None,PTFE,0,1,0,21.5,60,9,0.02,Manual,N/A,0,0,0,0,0,0,0,0,0,1,1,0,0,UT,1,0,0,Standard,Forging,5,Tight,16,0.89,16,MidTier-India,Domestic,0.87,405317
V00255,Water,143.6,61.7,17.63,15.9,ISO Class III,None,0,0,0,Gate,1,25,900,Reduced port,Flanged,API 6D,Duplex 2205,Duplex SS,SS410,Stellite,Metal seat,0,0,0,22,5.5,3,0.03,Manual,N/A,0,0,0,0,0,0,0,0,0,1,1,0,0,None,0,0,0,Standard,Forging,3,Standard,17,0.75,5,Generic-India,Domestic,0.96,145555
V00256,Natural Gas,123.02,113.9,34.53,151.1,ISO Class VI,None,0,0,0,Control,4,100,900,Full bore,Flanged,ASME B16.10,CS/WCB,Carbon steel,SS316,None,Metal seat,1,0,0,0.2,0.2,0.1,0.25,Pneumatic,Fail-open,1,1,1,1,1,1,1,1,0,1,1,0,1,None,0,0,1,Standard,Forging,3,Tight,5,0.7,26,MidTier-India,Domestic,0.42,1184864
V00257,Hydrocarbon,45.03,92.5,0.05,241.3,ISO Class V,None,0,0,0,Butterfly,10,250,600,Full bore,Wafer,ASME B16.10,SS316,Stainless steel,Duplex 2205,None,PEEK,1,1,0,17,12,2.5,0.06,Manual,N/A,0,0,0,0,0,0,0,0,0,1,1,0,0,PT,1,0,1,Basic,Forging,3,Tight,11,0.63,22,Imported-Standard,Import,0.25,514794
V00258,Hydrocarbon,126.49,134.8,5.93,61.1,ISO Class IV,None,0,0,0,Ball,2,50,900,Full bore,Flanged,ISO 5752,Duplex 2205,Duplex SS,SS316,Tungsten carbide,Metal seat,0,1,0,22,5.5,3,0.03,Gearbox,N/A,0,1,1,0,0,0,0,0,0,1,1,0,0,PT,1,0,0,Standard,Forging,5,Standard,16,0.62,14,Premium-India,Domestic,0.77,527757
V00259,Water,229.49,50.1,34.06,225.5,ISO Class III,None,0,0,0,Butterfly,4,100,2500,Reduced port,Wafer,ASME B16.10,CS/WCB,Carbon steel,Duplex 2205,None,Elastomer (NBR/EPDM),0,0,0,0.2,0.2,0.1,0.25,Manual,N/A,0,0,0,0,0,0,0,0,0,1,1,1,0,None,0,0,0,Standard,Forging,3,Tight,12,0.65,17,MidTier-India,Domestic,0.73,204364
V00260,Hydrocarbon,7.18,221.3,0.51,548.1,ISO Class II,None,0,0,0,Butterfly,8,200,150,Full bore,Wafer,ISO 5752,A105,Carbon steel,Nickel Alloy 625,ENP (Electroless Nickel),Metal seat,0,0,0,0.2,0.1,0.05,0.2,Pneumatic,Fail-open,1,0,1,1,0,0,1,1,1,1,1,0,0,None,0,1,0,Standard,Forging,2,Standard,9,0.95,9,MidTier-India,Domestic,0.37,268904
V00261,Slurry,102.3,59.4,4.59,55.4,ISO Class II,None,0,0,0,Ball,1.5,40,1500,Full bore,Butt-weld,ISO 5752,SS316,Stainless steel,Stellite hardfaced,None,PTFE,0,1,1,17,12,2.5,0.06,Hydraulic,Fail-open,0,0,0,0,0,0,0,0,0,1,1,0,0,RT,0,0,1,Standard,Forging,2,Standard,12,0.77,9,Generic-India,Domestic,0.61,374478
V00262,Steam,29.87,194.6,8,130.4,ISO Class II,None,0,0,0,Control,6,150,600,Full bore,Butt-weld,MSS SP-97,CS/WCB,Carbon steel,Stellite hardfaced,ENP (Electroless Nickel),Metal seat,0,0,0,0.2,0.2,0.1,0.25,Manual,N/A,0,0,0,0,0,0,0,0,0,1,1,0,0,PT,0,0,0,Basic,Casting,4,Tight,8,0.64,22,Imported-Standard,Import,0.28,617666
V00263,Hydrocarbon,25.85,145.6,4.5,494.1,ISO Class III,None,0,0,0,Check,12,300,300,Full bore,Flanged,ISO 5752,SS316,Stainless steel,Nickel Alloy 625,None,Metal seat,0,1,0,17,12,2.5,0.06,Hydraulic,Fail-open,0,0,0,0,0,0,0,0,0,1,1,0,0,None,0,0,0,Basic,Casting,1,Tight,9,0.87,13,Generic-India,Domestic,0.95,664185
V00264,Steam,28.83,228.5,0.2,23,ISO Class III,None,0,0,0,Globe,1,25,600,Full bore,Butt-weld,ISO 5752,SS316,Stainless steel,SS410,None,Metal seat,0,0,0,17,12,2.5,0.06,Pneumatic,Fail-in-place,0,0,1,1,1,0,1,0,0,1,1,1,0,PT+MT,1,0,1,Standard,Casting,5,Standard,2,0.57,9,Imported-Standard,Import,0.34,315688
V00265,Natural Gas,81.79,186.8,26.52,52.6,ISO Class V,None,0,0,0,Control,2,50,600,Reduced port,Flanged,ASME B16.10,A105,Carbon steel,Nickel Alloy 625,None,PTFE,1,0,0,0.2,0.1,0.05,0.2,Pneumatic,Fail-close,1,1,1,1,0,1,1,0,0,1,1,0,0,None,0,1,0,Full (EN10204 3.1 + QAP/ITP),Casting,4,Tight,5,0.82,14,Generic-India,Domestic,0.92,467484
V00266,Hydrocarbon,59.97,107.7,6.24,72.3,ISO Class VI,None,0,0,0,Ball,8,200,600,Full bore,Flanged,ASME B16.10,SS304,Stainless steel,SS316,None,PTFE,1,0,0,18,8,0.3,0.07,Gearbox,N/A,0,0,0,0,0,0,0,0,0,1,1,0,0,UT+RT,0,0,0,Basic,Casting,3,Tight,8,0.71,18,Generic-India,Domestic,0.74,577713
V00267,Corrosive (Acid),9.97,83.4,0.87,704.5,ISO Class I,None,0,0,0,Butterfly,20,500,150,Full bore,Lug,API 6D,SS316,Stainless steel,SS316,None,PTFE,0,1,0,17,12,2.5,0.06,Gearbox,N/A,0,0,0,0,1,0,0,0,0,1,1,0,0,RT,1,0,0,Basic,Casting,4,Tight,5,0.74,20,Imported-Standard,Import,0.09,625888
V00268,Water,22.68,40.7,0.58,424.8,ISO Class III,None,0,0,0,Butterfly,14,350,300,Full bore,Wafer,API 6D,CS/WCB,Carbon steel,SS316,None,Metal seat,0,0,0,0.2,0.2,0.1,0.25,Manual,N/A,0,0,0,0,0,0,0,0,0,1,1,1,0,MT,0,0,0,Basic,Forging,5,Standard,4,0.58,7,MidTier-India,Domestic,0.98,277286
V00269,Natural Gas,139.07,91.8,15.07,34.5,ISO Class V,None,0,0,0,Globe,1.5,40,1500,Reduced port,Butt-weld,API 6D,SS316,Stainless steel,Stellite hardfaced,Tungsten carbide,PEEK,0,0,0,17,12,2.5,0.06,Electric,Fail-close,0,0,0,1,0,0,0,0,0,1,1,0,0,PT+MT,1,0,1,Standard,Forging,5,Tight,16,0.8,10,Imported-Standard,Import,0.08,770897
V00270,Slurry,14.42,91.4,0.75,364.6,ISO Class III,None,0,0,0,Butterfly,12,300,150,Full bore,Flanged,ASME B16.10,Bronze,Copper alloy,Stellite hardfaced,None,Metal seat,0,0,1,0.2,0.8,0.1,0.02,Pneumatic,Fail-close,0,0,1,1,0,0,1,1,0,1,0,0,1,PT,0,1,0,Basic,Casting,4,Standard,9,0.67,6,MidTier-India,Domestic,0.77,613442
V00271,Hydrocarbon,17.06,164.7,1.7,45.9,ISO Class V,None,0,0,0,Check,1,25,300,Full bore,Flanged,ISO 5752,A105,Carbon steel,Stellite hardfaced,None,Metal seat,0,0,0,0.2,0.1,0.05,0.2,Pneumatic,Fail-open,1,0,1,1,0,0,1,0,0,1,1,0,0,PT,0,0,0,Standard,Casting,4,Tight,6,0.53,11,Generic-India,Domestic,0.93,89612
V00272,Hydrocarbon,43.36,-7.5,8.03,23.7,ISO Class VI,None,0,0,0,Gate,0.5,15,600,Reduced port,Flanged,ASME B16.10,SS316,Stainless steel,Nickel Alloy 625,ENP (Electroless Nickel),Elastomer (NBR/EPDM),0,0,0,17,12,2.5,0.06,Manual,N/A,0,0,0,1,0,0,0,0,0,1,1,0,0,PT,0,0,0,Standard,Casting,4,Tight,11,0.79,13,Imported-Standard,Domestic,0.72,75544
V00273,Slurry,96.9,76.7,5.06,60.6,ISO Class V,None,0,0,0,Check,1.5,40,600,Reduced port,Flanged,API 6D,A105,Carbon steel,SS410,None,Elastomer (NBR/EPDM),0,0,1,0.2,0.1,0.05,0.2,Pneumatic,Fail-open,0,0,1,1,0,0,1,0,0,1,1,0,0,UT,0,0,1,Full (EN10204 3.1 + QAP/ITP),Forging,2,Tight,13,0.64,17,Imported-Standard,Import,0.51,164545
V00274,Steam,10.77,220.6,0.83,25.3,ISO Class IV,None,0,0,0,Check,1,25,150,Reduced port,Butt-weld,ASME B16.10,CS/WCB,Carbon steel,Stellite hardfaced,None,Metal seat,0,0,0,0.2,0.2,0.1,0.25,Manual,N/A,0,1,0,0,0,0,0,0,0,1,1,0,0,UT,0,0,0,Basic,Forging,2,Tight,12,0.71,10,Imported-Standard,Domestic,0.65,45192
V00275,Natural Gas,12.76,159.2,0.82,508.7,ISO Class II,None,0,0,0,Ball,12,300,150,Reduced port,Flanged,ASME B16.10,SS316,Stainless steel,Stellite hardfaced,Tungsten carbide,PEEK,0,1,0,17,12,2.5,0.06,Manual,N/A,0,0,0,0,0,0,0,0,0,1,1,1,0,None,0,0,0,Full (EN10204 3.1 + QAP/ITP),Casting,2,Standard,7,0.84,18,MidTier-India,Domestic,0.55,371801
V00276,Oxygen,10.82,91.8,0.2,110.2,ISO Class V,None,0,0,0,Control,4,100,150,Reduced port,Threaded,ASME B16.10,SS316,Stainless steel,Stellite hardfaced,ENP (Electroless Nickel),PTFE,0,1,0,17,12,2.5,0.06,Pneumatic,Fail-close,1,1,1,1,0,1,1,0,0,1,1,0,0,PT,1,0,0,Standard,Casting,2,Tight,6,0.68,17,MidTier-India,Domestic,0.64,428041
V00277,Oxygen,192.8,-3.9,24.45,46,ISO Class V,None,0,0,0,Ball,1,25,2500,Full bore,Threaded,API 6D,SS316,Stainless steel,Nickel Alloy 625,None,Metal seat,0,0,0,17,12,2.5,0.06,Pneumatic,Fail-in-place,1,0,1,1,0,0,1,1,0,1,1,0,1,UT,1,1,0,Basic,Forging,4,Tight,6,0.8,9,Premium-India,Domestic,0.75,535984
V00278,Hydrocarbon,89.92,254.7,0.2,59.8,ISO Class III,Low-noise trim,0,1,0,Needle,1,25,600,Reduced port,Flanged,ASME B16.10,CS/WCB,Carbon steel,Stellite hardfaced,Stellite,Metal seat,1,0,0,0.2,0.2,0.1,0.25,Pneumatic,Fail-close,0,0,1,1,0,0,1,0,0,1,0,0,0,RT,0,0,0,Standard,Forging,2,Standard,11,0.84,9,Imported-Premium,Import,0.42,164121
V00279,Slurry,276.16,66.9,118.6,25.7,ISO Class III,Low-noise trim,0,1,0,Control,1,25,2500,Reduced port,Butt-weld,API 6D,CS/WCB,Carbon steel,SS316,None,PTFE,0,0,1,0.2,0.2,0.1,0.25,Hydraulic,Fail-close,0,0,0,0,0,0,0,0,0,1,1,0,0,PT,0,0,0,Standard,Forging,4,Tight,13,0.79,24,MidTier-India,Domestic,0.54,345594
V00280,Air,22.35,69.7,3.1,122.2,ISO Class V,None,0,0,0,Gate,4,100,300,Full bore,Threaded,ASME B16.10,SS316,Stainless steel,SS410,Stellite,Metal seat,0,0,0,17,12,2.5,0.06,Electric,Fail-close,0,0,0,1,0,0,0,0,0,1,1,0,0,MT,1,0,0,Standard,Forging,5,Tight,12,0.75,10,Imported-Standard,Domestic,0.98,486606
V00281,Water,87.62,41.5,2.33,202.9,ISO Class II,None,0,0,0,Butterfly,12,300,900,Full bore,Wafer,ASME B16.10,A105,Carbon steel,Stellite hardfaced,None,Elastomer (NBR/EPDM),0,0,0,0.2,0.1,0.05,0.2,Manual,N/A,0,0,0,0,1,0,0,0,0,0,1,1,0,RT,0,0,0,Standard,Casting,4,Tight,6,0.95,9,MidTier-India,Domestic,0.5,448437
V00282,Water,126.27,51.6,14.44,57.1,ISO Class II,None,0,0,0,Butterfly,4,100,900,Full bore,Wafer,ISO 5752,Bronze,Copper alloy,Alloy 20,None,PTFE,0,0,0,0.2,0.8,0.1,0.02,Manual,N/A,0,0,0,0,0,0,0,0,0,1,1,0,0,PT,1,0,0,Standard,Forging,2,Tight,5,0.49,15,Premium-India,Domestic,0.3,209767
V00283,Natural Gas,69.36,61.8,21.46,166.9,ISO Class IV,None,0,0,0,Globe,6,150,900,Full bore,Flanged,MSS SP-97,CS/WCB,Carbon steel,SS316,Stellite,Metal seat,0,0,0,0.2,0.2,0.1,0.25,Manual,N/A,0,0,0,0,0,0,0,0,0,1,1,0,0,None,0,1,0,Basic,Forging,4,Tight,10,0.86,14,Generic-India,Domestic,0.81,423975
V00284,Steam,58.7,196.2,3.53,181.3,ISO Class IV,None,0,0,0,Check,8,200,600,Reduced port,Butt-weld,API 6D,SS316,Stainless steel,Nickel Alloy 625,None,PEEK,0,1,0,17,12,2.5,0.06,Manual,N/A,0,0,1,0,0,0,0,0,0,1,1,0,0,MT,0,0,0,Standard,Casting,4,Standard,8,0.64,11,Imported-Premium,Import,0.17,784009
V00285,Air,10.72,28.4,1.38,152.7,ISO Class VI,None,0,0,0,Ball,6,150,150,Full bore,Threaded,ASME B16.10,CS/WCB,Carbon steel,Nickel Alloy 625,Tungsten carbide,Elastomer (NBR/EPDM),0,0,0,0.2,0.2,0.1,0.25,Manual,N/A,0,1,1,0,0,0,0,0,0,1,0,0,1,None,0,0,0,Standard,Forging,1,Tight,11,0.66,12,Imported-Premium,Import,0.36,217687
V00286,Hydrocarbon,56.47,36.1,6.36,263.3,ISO Class VI,None,0,0,0,Butterfly,10,250,600,Reduced port,Flanged,ASME B16.10,SS316,Stainless steel,Nickel Alloy 625,ENP (Electroless Nickel),PEEK,1,1,0,17,12,2.5,0.06,Manual,N/A,0,0,1,0,0,0,0,0,0,1,1,0,1,UT,1,0,0,Basic,Forging,5,Tight,8,0.45,16,MidTier-India,Domestic,0.98,918265
V00287,Natural Gas,44.86,48.6,17.35,19.4,ISO Class II,None,0,0,0,Needle,1,25,300,Full bore,Wafer,ASME B16.10,SS316,Stainless steel,SS316,None,Metal seat,0,1,0,17,12,2.5,0.06,Pneumatic,Fail-open,0,1,1,1,0,0,1,0,0,1,0,0,0,MT,0,0,0,Standard,Casting,3,Tight,4,0.64,11,Generic-India,Domestic,0.93,142442
V00288,Water,11.4,16.2,0.7,70.2,ISO Class IV,None,0,0,0,Ball,3,80,150,Full bore,Flanged,ASME B16.10,CS/WCB,Carbon steel,Stellite hardfaced,None,PTFE,0,0,0,0.2,0.2,0.1,0.25,Manual,N/A,0,0,0,0,0,0,0,0,0,1,1,0,0,PT,0,1,0,Basic,Casting,4,Standard,12,0.85,10,Premium-India,Domestic,0.2,74475
V00289,Water,41.1,40,5.65,66.6,ISO Class V,None,0,0,0,Control,1.5,40,300,Full bore,Flanged,API 6D,SS304,Stainless steel,Stellite hardfaced,None,PEEK,0,0,0,18,8,0.3,0.07,Electric,Fail-close,1,0,0,1,0,0,0,0,0,1,0,0,0,RT,0,0,0,Full (EN10204 3.1 + QAP/ITP),Casting,5,Tight,8,0.68,20,MidTier-India,Domestic,0.8,444713
V00290,Natural Gas,31.93,170.8,4.79,154.8,ISO Class II,None,0,0,0,Ball,8,200,300,Full bore,Flanged,ISO 5752,SS304,Stainless steel,Nickel Alloy 625,None,Elastomer (NBR/EPDM),0,0,0,18,8,0.3,0.07,Gearbox,N/A,0,0,0,0,0,0,0,0,0,1,1,0,0,None,0,1,1,Standard,Casting,4,Standard,7,0.42,5,Generic-India,Domestic,0.55,471770
V00291,Steam,29.09,231.1,5.73,74,ISO Class III,None,0,0,0,Ball,4,100,300,Full bore,Butt-weld,API 6D,CS/WCB,Carbon steel,SS316,None,Metal seat,0,0,0,0.2,0.2,0.1,0.25,Manual,N/A,0,0,0,0,0,0,0,0,0,1,1,0,1,None,0,1,0,Basic,Casting,3,Standard,9,0.63,14,MidTier-India,Domestic,0.43,183837
V00292,Steam,21.79,341.9,5.34,215,ISO Class VI,None,0,0,0,Control,6,150,300,Full bore,Butt-weld,API 6D,CS/WCB,Carbon steel,SS410,Tungsten carbide,Metal seat,0,0,0,0.2,0.2,0.1,0.25,Electric,Fail-open,0,1,0,1,0,0,0,0,0,1,1,0,0,None,0,1,0,Standard,Casting,4,Tight,8,0.65,22,Generic-India,Domestic,0.59,652869
V00293,Steam,112.25,358,8.38,1181.6,ISO Class VI,None,0,0,0,Butterfly,18,450,1500,Reduced port,Flanged,ASME B16.10,Alloy Steel F22,Alloy steel,Nickel Alloy 625,None,Metal seat,0,0,0,2.25,0.5,1,0.12,Electric,Fail-close,0,0,0,1,0,0,0,0,0,0,1,1,0,RT,0,1,0,Full (EN10204 3.1 + QAP/ITP),Forging,3,Tight,12,0.56,12,Generic-India,Domestic,0.79,2248075
V00294,Natural Gas,60.18,216.9,20.83,265.1,ISO Class IV,None,0,0,0,Control,6,150,600,Full bore,Flanged,ASME B16.10,SS316,Stainless steel,Stellite hardfaced,ENP (Electroless Nickel),Metal seat,1,1,0,17,12,2.5,0.06,Pneumatic,Fail-open,1,1,1,1,0,1,1,1,0,1,0,0,0,None,1,1,0,Standard,Casting,4,Tight,15,0.66,18,Generic-India,Domestic,0.98,1912398
V00295,Air,24.98,81.2,8.82,49.8,ISO Class V,Anti-cavitation trim,1,0,1,Control,1,25,300,Reduced port,Butt-weld,ASME B16.10,SS316,Stainless steel,SS316,None,Elastomer (NBR/EPDM),0,1,0,17,12,2.5,0.06,Pneumatic,Fail-in-place,0,1,1,1,1,1,1,0,0,1,1,0,1,None,1,0,0,Full (EN10204 3.1 + QAP/ITP),Casting,2,Tight,7,0.66,10,MidTier-India,Domestic,0.96,210236
V00296,Steam,69.68,361.6,13.73,43.1,ISO Class VI,None,0,0,0,Control,2,50,600,Full bore,Threaded,ASME B16.10,Alloy Steel F22,Alloy steel,SS410,Tungsten carbide,Metal seat,0,0,0,2.25,0.5,1,0.12,Pneumatic,Fail-open,1,1,1,1,0,1,1,0,0,1,1,0,0,None,0,1,0,Standard,Casting,4,Tight,11,0.65,19,Generic-India,Domestic,0.83,397336
V00297,Slurry,6.26,105,0.65,371.8,ISO Class IV,None,0,0,0,Ball,16,400,150,Reduced port,Butt-weld,API 6D,CS/WCB,Carbon steel,SS316,ENP (Electroless Nickel),PEEK,0,0,1,0.2,0.2,0.1,0.25,Manual,N/A,0,0,0,0,0,0,0,0,0,0,1,1,0,RT,0,0,0,Standard,Casting,3,Standard,8,0.81,7,Generic-India,Domestic,0.58,329576
V00298,Water,54.27,64.3,0.34,19.2,ISO Class IV,None,0,0,0,Ball,0.5,15,600,Reduced port,Flanged,ASME B16.10,CS/WCB,Carbon steel,Duplex 2205,ENP (Electroless Nickel),Metal seat,0,0,0,0.2,0.2,0.1,0.25,Electric,Fail-open,0,0,0,1,0,0,0,0,0,1,1,1,0,None,0,0,0,Full (EN10204 3.1 + QAP/ITP),Casting,4,Standard,9,0.74,14,Generic-India,Domestic,0.58,81316
V00299,Slurry,79.23,56.4,9.23,168.3,ISO Class III,None,0,0,0,Control,8,200,600,Reduced port,Flanged,API 6D,CS/WCB,Carbon steel,Stellite hardfaced,None,Elastomer (NBR/EPDM),0,0,0,0.2,0.2,0.1,0.25,Pneumatic,Fail-in-place,1,1,1,1,1,1,1,1,1,1,1,0,0,PT+MT,0,0,0,Standard,Casting,4,Tight,7,0.78,24,Imported-Standard,Import,0.48,1703945
V00300,Air,37.19,26.6,0.96,506.4,ISO Class I,None,0,0,0,Gate,16,400,300,Full bore,Butt-weld,ASME B16.10,CS/WCB,Carbon steel,SS410,Stellite,PTFE,0,0,0,0.2,0.2,0.1,0.25,Pneumatic,Fail-open,1,0,1,1,0,0,1,1,1,1,1,0,0,UT+RT,0,0,0,Standard,Casting,2,Standard,5,0.67,12,Premium-India,Domestic,0.62,902752
V00301,Water,14.48,55,3.31,848.7,ISO Class IV,None,0,0,0,Ball,24,600,150,Reduced port,Butt-weld,ASME B16.10,CS/WCB,Carbon steel,Stellite hardfaced,ENP (Electroless Nickel),Elastomer (NBR/EPDM),0,0,0,0.2,0.2,0.1,0.25,Manual,N/A,0,0,0,1,1,0,0,0,0,1,1,0,0,PT+MT,0,0,0,Full (EN10204 3.1 + QAP/ITP),Casting,3,Standard,8,0.75,16,Premium-India,Domestic,0.98,397127
V00302,Corrosive (Acid),13.39,90.4,0.05,463.3,ISO Class III,None,0,0,0,Gate,10,250,150,Full bore,Flanged,API 6D,Duplex 2205,Duplex SS,SS316,None,PEEK,0,1,0,22,5.5,3,0.03,Gearbox,N/A,0,0,0,0,0,0,0,0,0,1,1,0,1,None,1,0,0,Standard,Casting,5,Tight,8,0.51,8,MidTier-India,Domestic,0.96,535641
V00303,Slurry,35.74,66.9,6.13,63.6,ISO Class IV,None,0,0,0,Control,3,80,600,Reduced port,Flanged,ASME B16.10,Bronze,Copper alloy,SS316,None,PTFE,0,0,0,0.2,0.8,0.1,0.02,Pneumatic,Fail-close,1,1,1,1,0,1,1,0,0,1,1,0,0,UT+RT,0,0,0,Basic,Casting,5,Tight,5,0.61,20,Generic-India,Domestic,0.94,956625
V00304,Corrosive (Acid),8.18,126.9,0.27,37.2,ISO Class IV,None,0,0,0,Check,0.5,15,150,Reduced port,Flanged,ISO 5752,SS316,Stainless steel,Alloy 20,Stellite,PTFE,0,0,0,17,12,2.5,0.06,Electric,Fail-close,0,0,0,1,0,0,0,0,0,1,0,0,0,PT,0,0,0,Full (EN10204 3.1 + QAP/ITP),Casting,2,Standard,12,0.64,24,MidTier-India,Domestic,0.87,40511
V00305,Water,8.66,69.5,1.24,253.8,ISO Class IV,None,0,0,0,Check,8,200,150,Reduced port,Flanged,ISO 5752,CS/WCB,Carbon steel,SS316,None,Elastomer (NBR/EPDM),0,0,0,0.2,0.2,0.1,0.25,Manual,N/A,0,0,0,0,0,0,0,0,0,1,1,1,0,RT,0,1,0,Standard,Casting,3,Standard,10,0.74,8,Imported-Standard,Import,0.23,160814
V00306,Corrosive (Acid),14.61,160.8,5.36,82.9,ISO Class V,None,0,0,0,Control,3,80,150,Reduced port,Butt-weld,ASME B16.10,Nickel Alloy 625,Nickel alloy,Duplex 2205,Ceramic coating,PEEK,0,0,0,21.5,60,9,0.02,Gearbox,N/A,0,0,1,0,0,0,0,0,0,1,0,0,1,None,0,0,1,Standard,Casting,5,Tight,10,0.62,13,Generic-India,Domestic,0.82,646277
V00307,Water,34.36,63.7,3.25,757.3,ISO Class V,None,0,0,0,Butterfly,18,450,300,Full bore,Flanged,ASME B16.10,SS304,Stainless steel,Nickel Alloy 625,None,PTFE,0,0,0,18,8,0.3,0.07,Manual,N/A,0,0,0,0,0,0,0,0,0,1,1,0,0,None,1,0,0,Standard,Casting,3,Tight,9,0.63,16,MidTier-India,Domestic,0.88,494202
V00308,Water,57.05,34.4,2.76,197.4,ISO Class VI,None,0,0,0,Butterfly,10,250,600,Full bore,Wafer,ISO 5752,Duplex 2205,Duplex SS,Nickel Alloy 625,ENP (Electroless Nickel),Metal seat,0,0,0,22,5.5,3,0.03,Manual,N/A,0,1,0,0,0,0,0,0,0,1,0,0,0,UT,0,0,0,Standard,Forging,5,Tight,16,0.95,13,MidTier-India,Domestic,0.98,678501
V00309,Natural Gas,151.96,92.2,15.55,143.1,ISO Class VI,None,0,0,0,Butterfly,3,80,1500,Full bore,Lug,API 6D,CS/WCB,Carbon steel,SS316,None,Metal seat,1,0,0,0.2,0.2,0.1,0.25,Pneumatic,Fail-close,1,0,1,1,0,0,1,1,0,1,1,0,0,None,0,0,0,Standard,Forging,3,Tight,18,0.75,15,Generic-India,Domestic,0.57,380994
V00310,Steam,26.82,183.5,0.9,653.9,ISO Class I,None,0,0,0,Check,6,150,300,Reduced port,Threaded,ASME B16.10,SS316,Stainless steel,Alloy 20,None,PEEK,0,1,0,17,12,2.5,0.06,Pneumatic,Fail-close,0,0,1,1,0,0,1,1,0,1,1,0,1,PT,0,0,0,Standard,Casting,3,Standard,4,0.64,14,Imported-Premium,Domestic,0.86,642630
V00311,Oxygen,34.26,20.7,10.31,36.8,ISO Class V,None,0,0,0,Globe,2,50,300,Reduced port,Flanged,MSS SP-97,SS304,Stainless steel,SS316,ENP (Electroless Nickel),PTFE,0,0,0,18,8,0.3,0.07,Electric,Fail-close,1,0,0,1,0,0,0,0,0,1,1,0,0,RT,0,0,0,Basic,Casting,2,Tight,5,0.58,19,MidTier-India,Domestic,0.89,271444
V00312,Corrosive (Acid),28.41,118.8,0.05,289.8,ISO Class III,None,0,0,0,Ball,6,150,300,Reduced port,Butt-weld,ISO 5752,Nickel Alloy 625,Nickel alloy,Stellite hardfaced,None,PEEK,0,1,0,21.5,60,9,0.02,Manual,N/A,0,0,0,0,0,0,0,0,0,1,1,0,0,PT,0,0,0,Basic,Casting,4,Standard,14,0.6,7,Imported-Premium,Import,0.24,954494
V00313,Corrosive (Acid),68.77,11.6,1.45,141.9,ISO Class I,None,0,0,0,Ball,6,150,600,Full bore,Flanged,ASME B16.10,Nickel Alloy 625,Nickel alloy,SS316,ENP (Electroless Nickel),PEEK,0,1,0,21.5,60,9,0.02,Manual,N/A,0,1,0,0,0,0,0,0,0,1,1,1,0,None,1,1,0,Full (EN10204 3.1 + QAP/ITP),Casting,4,Standard,6,0.55,10,Imported-Standard,Import,0.36,1361716
V00314,Water,224.89,76.5,0.43,417.8,ISO Class II,None,0,0,0,Butterfly,14,350,2500,Reduced port,Flanged,ASME B16.10,CS/WCB,Carbon steel,Stellite hardfaced,None,PTFE,0,0,0,0.2,0.2,0.1,0.25,Pneumatic,Fail-in-place,1,0,1,1,0,0,1,1,1,1,1,0,0,UT,0,0,0,Full (EN10204 3.1 + QAP/ITP),Casting,4,Standard,11,0.86,12,Premium-India,Domestic,0.97,1852514
V00315,Natural Gas,24.9,153.6,7.42,142.9,ISO Class II,None,0,0,0,Globe,4,100,300,Full bore,Threaded,ASME B16.10,CS/WCB,Carbon steel,Stellite hardfaced,ENP (Electroless Nickel),PEEK,1,0,0,0.2,0.2,0.1,0.25,Manual,N/A,0,1,0,0,0,0,0,0,0,1,1,0,0,None,1,0,0,Standard,Forging,2,Standard,8,0.71,18,MidTier-India,Domestic,0.54,176020
V00316,Water,12.04,17.1,1.84,1432,ISO Class IV,None,0,0,0,Gate,16,400,150,Full bore,Flanged,ISO 5752,SS304,Stainless steel,SS316,None,Metal seat,0,0,0,18,8,0.3,0.07,Manual,N/A,0,0,0,1,1,0,0,0,0,1,1,0,0,RT,1,0,0,Basic,Casting,4,Standard,12,0.73,6,Imported-Standard,Domestic,0.38,629191
V00317,Steam,67.85,165.1,16.32,46.5,ISO Class VI,None,0,0,0,Globe,1.5,40,900,Reduced port,Butt-weld,ASME B16.10,A105,Carbon steel,SS316,ENP (Electroless Nickel),Metal seat,0,0,0,0.2,0.1,0.05,0.2,Pneumatic,Fail-close,0,0,1,1,0,0,1,1,0,1,1,0,0,RT,0,0,1,Standard,Forging,1,Tight,7,0.9,9,Imported-Standard,Import,0.48,246589
V00318,Corrosive (Acid),33.06,134.9,4.12,197.2,ISO Class III,None,0,0,0,Check,4,100,300,Full bore,Butt-weld,API 6D,SS316,Stainless steel,SS316,None,PTFE,0,1,0,17,12,2.5,0.06,Manual,N/A,0,0,0,1,0,0,0,0,0,0,1,0,0,PT,0,0,0,Standard,Casting,2,Standard,11,0.62,15,Generic-India,Domestic,0.8,178387
V00319,Natural Gas,155.72,60.9,0.05,388,ISO Class IV,None,0,0,0,Ball,8,200,1500,Full bore,Flanged,ASME B16.10,CS/WCB,Carbon steel,SS316,Stellite,Elastomer (NBR/EPDM),1,0,0,0.2,0.2,0.1,0.25,Manual,N/A,0,1,0,0,0,0,0,0,0,1,1,1,0,PT+MT,0,0,0,Basic,Casting,3,Standard,16,0.71,7,Generic-India,Domestic,0.94,617688
V00320,Slurry,155.95,40.6,27.86,441.5,ISO Class III,None,0,0,0,Check,20,500,1500,Full bore,Butt-weld,ISO 5752,Duplex 2205,Duplex SS,SS316,Stellite,Metal seat,0,0,1,22,5.5,3,0.03,Pneumatic,Fail-open,1,0,1,1,0,0,1,1,1,1,1,0,0,PT,1,1,0,Standard,Casting,4,Standard,13,0.76,22,Generic-India,Domestic,0.65,2800000
V00321,Water,5.62,49,0.34,45.3,ISO Class III,None,0,0,0,Gate,2,50,600,Full bore,Flanged,ISO 5752,CS/WCB,Carbon steel,Nickel Alloy 625,Ceramic coating,Elastomer (NBR/EPDM),0,0,0,0.2,0.2,0.1,0.25,Pneumatic,Fail-open,1,0,1,1,1,0,1,0,0,1,1,0,0,None,0,0,0,Basic,Forging,4,Standard,7,0.7,12,Imported-Standard,Import,0.06,263358
V00322,Natural Gas,73.75,-20,2.51,27.4,ISO Class IV,None,0,0,0,Ball,1,25,600,Reduced port,Socket-weld,ASME B16.10,SS316,Stainless steel,SS316,None,Metal seat,0,1,0,17,12,2.5,0.06,Pneumatic,Fail-close,1,0,1,1,0,0,1,0,0,1,0,0,0,UT+RT,0,0,0,Standard,Casting,5,Tight,10,0.65,21,Imported-Standard,Import,0.24,323043
V00323,Water,77.88,76.8,4.33,247.4,ISO Class II,None,0,0,0,Butterfly,12,300,1500,Reduced port,Wafer,ISO 5752,A105,Carbon steel,Stellite hardfaced,None,Metal seat,0,0,0,0.2,0.1,0.05,0.2,Manual,N/A,0,0,0,0,0,0,0,0,0,1,1,0,1,None,0,0,0,Basic,Forging,3,Standard,12,0.66,17,MidTier-India,Domestic,0.63,470084
V00324,Natural Gas,11.96,115.7,2.2,79.1,ISO Class II,None,0,0,0,Globe,3,80,150,Reduced port,Flanged,ISO 5752,CS/WCB,Carbon steel,SS316,None,PTFE,0,0,0,0.2,0.2,0.1,0.25,Pneumatic,Fail-close,1,0,1,1,1,0,1,0,0,1,0,0,0,None,0,0,0,Standard,Casting,4,Standard,14,0.83,19,Premium-India,Domestic,0.98,174680
V00325,Steam,97.5,262.2,9.62,32.1,ISO Class IV,None,0,0,0,Control,1.5,40,900,Reduced port,Flanged,ISO 5752,CS/WCB,Carbon steel,Duplex 2205,Stellite,Metal seat,0,0,0,0.2,0.2,0.1,0.25,Pneumatic,Fail-in-place,0,1,1,1,0,1,1,1,0,1,1,0,0,None,0,0,0,Basic,Forging,3,Tight,10,0.7,21,Generic-India,Domestic,0.92,379529
V00326,Slurry,182.5,94.1,23.07,63.6,ISO Class IV,None,0,0,0,Check,4,100,2500,Full bore,Butt-weld,ASME B16.10,SS304,Stainless steel,Alloy 20,Ceramic coating,Elastomer (NBR/EPDM),0,0,1,18,8,0.3,0.07,Manual,N/A,0,0,0,0,0,0,0,0,0,1,1,1,0,MT,0,0,0,Standard,Forging,3,Tight,12,0.81,19,Imported-Standard,Import,0.39,812725
V00327,Air,57.28,33.2,12.07,37.8,ISO Class VI,None,0,0,0,Control,1.5,40,600,Reduced port,Flanged,ISO 5752,SS316,Stainless steel,SS316,None,Metal seat,0,1,0,17,12,2.5,0.06,Hydraulic,Fail-close,1,0,1,0,1,0,0,0,0,1,1,0,0,PT+MT,0,0,0,Full (EN10204 3.1 + QAP/ITP),Casting,4,Tight,2,0.67,21,MidTier-India,Domestic,0.7,604595
V00328,Steam,36.29,122.3,7.18,16.3,ISO Class III,None,0,0,0,Needle,0.5,15,600,Reduced port,Flanged,MSS SP-97,SS304,Stainless steel,SS316,Ceramic coating,Metal seat,0,0,0,18,8,0.3,0.07,Pneumatic,Fail-close,0,1,1,1,0,0,1,0,0,1,1,0,0,None,0,0,0,Basic,Casting,5,Standard,10,0.54,13,Premium-India,Domestic,0.8,168265
V00329,Steam,33,165,2.77,79.1,ISO Class V,None,0,0,0,Gate,2,50,300,Reduced port,Socket-weld,ASME B16.10,CS/WCB,Carbon steel,SS316,Ceramic coating,Metal seat,0,0,0,0.2,0.2,0.1,0.25,Manual,N/A,0,0,0,0,0,0,0,0,0,1,1,0,1,None,0,0,0,Standard,Casting,4,Tight,6,0.68,5,Generic-India,Domestic,0.63,90270
V00330,Hydrocarbon,6.96,131.6,0.53,71.1,ISO Class IV,None,0,0,0,Butterfly,6,150,150,Full bore,Wafer,API 6D,SS316,Stainless steel,Duplex 2205,None,Elastomer (NBR/EPDM),0,0,0,17,12,2.5,0.06,Manual,N/A,0,0,1,0,0,0,0,0,0,1,1,0,0,MT,1,0,0,Standard,Casting,3,Standard,5,0.78,8,MidTier-India,Domestic,0.76,135954
V00331,Air,30.83,53.1,6.53,58.4,ISO Class V,None,0,0,0,Globe,4,100,300,Full bore,Flanged,ASME B16.10,SS304,Stainless steel,Stellite hardfaced,None,Metal seat,0,0,0,18,8,0.3,0.07,Manual,N/A,0,0,0,0,0,0,0,0,0,1,1,0,0,RT,1,0,0,Basic,Casting,1,Tight,6,0.72,11,Premium-India,Domestic,0.88,251072
V00332,Steam,95.96,203.3,8.98,530.7,ISO Class III,None,0,0,0,Butterfly,14,350,1500,Reduced port,Wafer,ASME B16.10,A105,Carbon steel,Stellite hardfaced,None,Metal seat,0,0,0,0.2,0.1,0.05,0.2,Gearbox,N/A,0,0,0,0,0,0,0,0,0,1,1,0,0,PT,1,0,1,Standard,Forging,5,Standard,10,0.71,16,Imported-Standard,Import,0.35,730985
V00333,Hydrocarbon,41.48,84.2,0.65,90.3,ISO Class IV,None,0,0,0,Butterfly,6,150,900,Reduced port,Wafer,ASME B16.10,A105,Carbon steel,SS316,Stellite,Elastomer (NBR/EPDM),0,0,0,0.2,0.1,0.05,0.2,Gearbox,N/A,0,0,0,0,0,0,0,0,0,1,0,0,0,None,0,0,1,Standard,Forging,2,Standard,5,0.79,17,Imported-Standard,Import,0.21,270804
V00334,Hydrocarbon,91.59,85.4,9.52,379.8,ISO Class III,None,0,0,0,Butterfly,8,200,2500,Reduced port,Flanged,ASME B16.10,SS316,Stainless steel,SS410,None,PTFE,0,1,0,17,12,2.5,0.06,Manual,N/A,0,0,0,0,0,0,0,0,0,1,1,1,0,PT,0,0,0,Full (EN10204 3.1 + QAP/ITP),Forging,2,Standard,13,0.57,18,Generic-India,Domestic,0.98,727146
V00335,Oxygen,27.68,-25.9,0.05,69.4,ISO Class IV,None,0,0,0,Ball,2,50,300,Full bore,Threaded,ASME B16.10,SS316,Stainless steel,Nickel Alloy 625,None,PEEK,0,1,0,17,12,2.5,0.06,Pneumatic,Fail-close,0,1,1,1,0,0,1,0,0,1,1,0,0,UT,0,0,0,Standard,Casting,3,Tight,5,0.73,15,Imported-Standard,Import,0.49,329540
V00336,Natural Gas,78.65,120.6,5.75,1057.4,ISO Class II,None,0,0,0,Check,20,500,600,Full bore,Flanged,ASME B16.10,CS/WCB,Carbon steel,SS316,ENP (Electroless Nickel),Elastomer (NBR/EPDM),0,0,0,0.2,0.2,0.1,0.25,Manual,N/A,0,0,0,0,0,0,0,0,0,1,1,0,0,None,0,0,1,Standard,Casting,2,Tight,16,0.77,16,MidTier-India,Domestic,0.86,747115
V00337,Steam,70.65,123.7,11.6,337.1,ISO Class II,None,0,0,0,Butterfly,12,300,600,Full bore,Wafer,ASME B16.10,CS/WCB,Carbon steel,SS316,ENP (Electroless Nickel),Metal seat,0,0,0,0.2,0.2,0.1,0.25,Manual,N/A,0,0,0,0,0,0,0,0,0,1,1,0,0,None,1,1,0,Standard,Forging,3,Tight,4,0.78,11,MidTier-India,Domestic,0.77,351192
V00338,Water,17.03,99.6,1.41,202.2,ISO Class III,None,0,0,0,Ball,6,150,150,Full bore,Wafer,ASME B16.10,CS/WCB,Carbon steel,SS316,None,PEEK,0,0,0,0.2,0.2,0.1,0.25,Manual,N/A,0,0,0,0,0,0,0,0,0,1,1,0,1,PT+MT,0,0,0,Full (EN10204 3.1 + QAP/ITP),Forging,3,Standard,11,0.68,12,MidTier-India,Domestic,0.95,116940
V00339,Air,27.7,10.5,3.39,1098.1,ISO Class I,None,0,0,0,Gate,14,350,300,Reduced port,Flanged,API 6D,CS/WCB,Carbon steel,SS316,ENP (Electroless Nickel),Elastomer (NBR/EPDM),0,0,0,0.2,0.2,0.1,0.25,Manual,N/A,0,0,0,0,0,0,0,0,0,1,1,0,0,None,1,0,0,Standard,Casting,4,Standard,12,0.62,15,Imported-Standard,Import,0.21,380555
V00340,Water,13.09,52.5,0.05,54.4,ISO Class II,None,0,0,0,Ball,3,80,150,Full bore,Butt-weld,ISO 5752,Duplex 2205,Duplex SS,Stellite hardfaced,Stellite,Elastomer (NBR/EPDM),0,0,0,22,5.5,3,0.03,Gearbox,N/A,0,0,0,0,0,0,0,0,0,0,1,0,0,None,1,0,0,Basic,Casting,2,Standard,14,0.95,21,MidTier-India,Domestic,0.37,216495
V00341,Steam,36.65,127.3,2.27,643.4,ISO Class V,None,0,0,0,Check,12,300,300,Reduced port,Butt-weld,ASME B16.10,SS316,Stainless steel,Duplex 2205,None,Metal seat,0,1,0,17,12,2.5,0.06,Manual,N/A,0,1,0,0,0,0,0,0,0,1,0,1,0,RT,0,0,0,Basic,Forging,4,Tight,4,0.79,5,Premium-India,Domestic,0.71,764175
V00342,Natural Gas,56.44,85.1,7.53,38.1,ISO Class I,None,0,0,0,Check,0.75,20,600,Full bore,Flanged,ISO 5752,CS/WCB,Carbon steel,SS316,Stellite,PTFE,1,0,0,0.2,0.2,0.1,0.25,Manual,N/A,0,0,0,0,0,0,0,0,0,1,1,0,0,None,0,1,1,Full (EN10204 3.1 + QAP/ITP),Forging,5,Standard,11,0.85,18,Imported-Standard,Import,0.39,75373
V00343,Natural Gas,77.62,35.1,8.28,68,ISO Class VI,None,0,0,0,Control,3,80,900,Full bore,Flanged,ASME B16.10,SS316,Stainless steel,Stellite hardfaced,ENP (Electroless Nickel),Elastomer (NBR/EPDM),0,1,0,17,12,2.5,0.06,Pneumatic,Fail-close,0,1,1,1,0,1,1,1,0,1,1,0,0,UT+RT,1,0,0,Standard,Forging,4,Tight,12,0.71,24,Generic-India,Domestic,0.7,1159747
V00344,Air,51.63,83.1,6.1,38.3,ISO Class V,None,0,0,0,Ball,2,50,600,Full bore,Threaded,ASME B16.10,A105,Carbon steel,SS316,None,Metal seat,0,0,0,0.2,0.1,0.05,0.2,Manual,N/A,0,0,0,1,0,0,0,0,0,1,1,0,1,None,0,0,0,Basic,Forging,3,Tight,13,0.7,16,Generic-India,Domestic,0.86,97148
V00345,Water,12.2,15.2,1.9,145.7,ISO Class V,None,0,0,0,Control,4,100,150,Full bore,Flanged,ASME B16.10,SS316,Stainless steel,Stellite hardfaced,Stellite,Metal seat,0,1,0,17,12,2.5,0.06,Gearbox,N/A,0,0,0,0,0,0,0,0,0,1,1,0,0,None,0,0,0,Basic,Casting,4,Tight,7,0.77,19,MidTier-India,Domestic,0.75,386996
V00346,Natural Gas,106.86,122.8,21.71,57.4,ISO Class III,None,0,0,0,Control,4,100,1500,Reduced port,Flanged,ASME B16.10,CS/WCB,Carbon steel,Stellite hardfaced,None,Elastomer (NBR/EPDM),0,0,0,0.2,0.2,0.1,0.25,Pneumatic,Fail-open,1,1,1,1,1,1,1,1,0,0,1,0,0,RT,0,0,0,Basic,Forging,3,Tight,16,0.56,14,Imported-Standard,Domestic,0.73,1443880
V00347,Natural Gas,9.81,211.5,0.99,971.7,ISO Class I,None,0,0,0,Check,24,600,150,Full bore,Butt-weld,ASME B16.10,A105,Carbon steel,Duplex 2205,None,Metal seat,1,0,0,0.2,0.1,0.05,0.2,Manual,N/A,0,0,0,0,0,0,0,0,0,1,1,0,0,None,1,0,0,Standard,Casting,1,Standard,11,0.68,18,Premium-India,Domestic,0.59,348781
V00348,Steam,62.56,210.8,19.44,45.5,ISO Class VI,None,0,0,0,Control,2,50,600,Reduced port,Socket-weld,ASME B16.10,CS/WCB,Carbon steel,Alloy 20,ENP (Electroless Nickel),Metal seat,0,0,0,0.2,0.2,0.1,0.25,Pneumatic,Fail-close,0,1,1,1,0,1,1,0,0,1,1,0,0,None,0,1,0,Standard,Forging,3,Tight,13,0.85,18,Imported-Standard,Import,0.24,363964
V00349,Water,75.08,7.4,10.18,43.8,ISO Class VI,None,0,0,0,Gate,1.5,40,600,Full bore,Threaded,ASME B16.10,CS/WCB,Carbon steel,Stellite hardfaced,Ceramic coating,Metal seat,0,0,0,0.2,0.2,0.1,0.25,Pneumatic,Fail-in-place,1,0,1,1,0,0,1,0,0,1,1,0,1,PT+MT,0,0,1,Basic,Casting,3,Tight,9,0.79,10,MidTier-India,Domestic,0.89,204090
V00350,Natural Gas,82.6,108.1,13.45,696.4,ISO Class III,None,0,0,0,Butterfly,10,250,1500,Full bore,Wafer,ASME B16.10,SS316,Stainless steel,Nickel Alloy 625,Tungsten carbide,Metal seat,1,1,0,17,12,2.5,0.06,Manual,N/A,0,0,0,0,0,0,0,0,0,1,1,0,0,None,1,1,0,Standard,Casting,4,Standard,7,0.78,18,Generic-India,Domestic,0.9,876568
V00351,Water,62.77,48.2,9.96,102.9,ISO Class VI,None,0,0,0,Globe,8,200,600,Reduced port,Flanged,API 6D,SS316,Stainless steel,SS316,None,Metal seat,0,0,0,17,12,2.5,0.06,Pneumatic,Fail-in-place,0,1,1,1,1,0,1,1,0,1,1,0,0,None,1,0,0,Full (EN10204 3.1 + QAP/ITP),Forging,3,Tight,9,0.79,7,MidTier-India,Domestic,0.88,1474167
V00352,Water,10.72,48.5,3.18,305.5,ISO Class III,None,0,0,0,Control,6,150,150,Reduced port,Wafer,ISO 5752,A105,Carbon steel,Stellite hardfaced,None,Metal seat,0,0,0,0.2,0.1,0.05,0.2,Electric,Fail-in-place,0,0,0,1,0,0,0,0,0,1,1,0,0,None,1,0,0,Standard,Casting,3,Tight,9,0.62,19,MidTier-India,Domestic,0.98,360551
V00353,Corrosive (Acid),11.98,61.2,2.75,378.2,ISO Class VI,None,0,0,0,Butterfly,14,350,150,Reduced port,Wafer,ISO 5752,SS316,Stainless steel,Stellite hardfaced,Stellite,Metal seat,0,0,0,17,12,2.5,0.06,Gearbox,N/A,0,0,0,0,1,0,0,0,0,1,1,0,0,RT,0,0,0,Full (EN10204 3.1 + QAP/ITP),Forging,2,Tight,3,0.89,19,Premium-India,Domestic,0.98,338782
V00354,Water,15.44,51.8,1.98,62.4,ISO Class II,None,0,0,0,Gate,4,100,150,Full bore,Flanged,ASME B16.10,A105,Carbon steel,Stellite hardfaced,None,PTFE,0,0,0,0.2,0.1,0.05,0.2,Manual,N/A,0,0,0,0,0,0,0,0,0,1,1,0,0,None,0,1,0,Basic,Forging,5,Standard,10,0.72,17,Premium-India,Domestic,0.6,103771
V00355,Natural Gas,8.87,-9.7,1.17,112,ISO Class IV,None,0,0,0,Gate,2,50,150,Reduced port,Socket-weld,ASME B16.10,SS304,Stainless steel,Duplex 2205,None,Metal seat,0,0,0,18,8,0.3,0.07,Manual,N/A,0,1,0,0,0,0,0,0,0,1,1,0,0,PT,1,0,0,Basic,Forging,2,Standard,9,0.69,16,MidTier-India,Domestic,0.62,76574
V00356,Water,75.42,48.4,15.18,200.6,ISO Class VI,None,0,0,0,Butterfly,6,150,600,Full bore,Lug,API 6D,CS/WCB,Carbon steel,Stellite hardfaced,ENP (Electroless Nickel),Metal seat,0,0,0,0.2,0.2,0.1,0.25,Gearbox,N/A,0,1,0,0,0,0,0,0,0,1,1,0,0,MT,1,0,0,Full (EN10204 3.1 + QAP/ITP),Casting,2,Tight,12,0.8,18,Generic-India,Domestic,0.98,240169
V00357,Slurry,10.01,54.9,0.05,14.5,ISO Class VI,None,0,0,0,Check,0.5,15,150,Full bore,Flanged,ASME B16.10,CS/WCB,Carbon steel,SS316,None,PEEK,0,0,0,0.2,0.2,0.1,0.25,Manual,N/A,0,0,0,0,0,0,0,0,0,1,1,0,0,RT,1,0,0,Standard,Casting,5,Tight,9,0.56,6,Generic-India,Domestic,0.98,23503
V00358,Corrosive (Acid),22.11,66.3,0.05,62.1,ISO Class III,None,0,0,0,Check,1,25,300,Reduced port,Flanged,ASME B16.10,SS316,Stainless steel,SS316,None,PEEK,0,1,0,17,12,2.5,0.06,Manual,N/A,0,0,1,0,0,0,0,0,0,1,1,0,0,MT,0,0,0,Basic,Casting,3,Tight,12,0.73,21,MidTier-India,Domestic,0.8,86186
V00359,Steam,69.3,257.4,6.99,118,ISO Class III,None,0,0,0,Ball,4,100,600,Reduced port,Threaded,ASME B16.10,CS/WCB,Carbon steel,Stellite hardfaced,None,Metal seat,0,0,0,0.2,0.2,0.1,0.25,Manual,N/A,0,0,0,0,0,0,0,0,0,1,1,0,0,None,0,0,0,Standard,Casting,5,Standard,5,0.72,14,Imported-Standard,Import,0.41,213744
V00360,Steam,30.94,209.9,0.05,460.5,ISO Class V,None,0,0,0,Butterfly,14,350,300,Reduced port,Wafer,MSS SP-97,CS/WCB,Carbon steel,SS316,Stellite,Metal seat,0,0,0,0.2,0.2,0.1,0.25,Pneumatic,Fail-open,1,0,1,1,0,0,1,1,1,1,0,0,0,UT+RT,0,0,0,Standard,Casting,2,Tight,3,0.74,16,MidTier-India,Domestic,0.86,612022
V00361,Slurry,10.31,19.2,2.05,122.7,ISO Class IV,None,0,0,0,Ball,6,150,300,Reduced port,Flanged,ASME B16.10,A105,Carbon steel,SS316,Stellite,PEEK,0,0,1,0.2,0.1,0.05,0.2,Manual,N/A,0,0,1,0,0,0,0,0,0,1,0,0,0,None,0,0,0,Full (EN10204 3.1 + QAP/ITP),Casting,4,Standard,6,0.73,11,Premium-India,Domestic,0.86,295247
V00362,Steam,47.87,157,4.6,75.9,ISO Class II,None,0,0,0,Butterfly,4,100,600,Reduced port,Wafer,ASME B16.10,SS316,Stainless steel,Nickel Alloy 625,None,Metal seat,0,1,0,17,12,2.5,0.06,Manual,N/A,0,0,0,0,0,0,0,0,0,1,1,0,0,RT,0,0,0,Standard,Casting,4,Standard,16,0.88,18,Generic-India,Domestic,0.73,145510
V00363,Air,47.73,82.1,6.28,39.1,ISO Class VI,None,0,0,0,Control,2,50,900,Reduced port,Socket-weld,ASME B16.10,SS304,Stainless steel,Nickel Alloy 625,None,Elastomer (NBR/EPDM),0,0,0,18,8,0.3,0.07,Pneumatic,Fail-open,1,1,1,1,0,1,1,1,0,1,0,0,0,UT,0,0,0,Standard,Forging,4,Tight,5,0.57,23,MidTier-India,Domestic,0.57,654942
V00364,Natural Gas,41.76,156.6,2.76,45.3,ISO Class IV,None,0,0,0,Ball,1.5,40,600,Reduced port,Threaded,MSS SP-97,Duplex 2205,Duplex SS,Stellite hardfaced,Stellite,Elastomer (NBR/EPDM),0,1,0,22,5.5,3,0.03,Pneumatic,Fail-close,1,0,1,1,0,0,1,0,0,0,1,0,0,RT,0,0,1,Full (EN10204 3.1 + QAP/ITP),Casting,5,Standard,12,0.78,17,Premium-India,Domestic,0.72,375461
V00365,Natural Gas,7.78,59.8,0.98,120,ISO Class III,None,0,0,0,Gate,3,80,150,Full bore,Flanged,ASME B16.10,Duplex 2205,Duplex SS,Alloy 20,None,Metal seat,0,0,0,22,5.5,3,0.03,Gearbox,N/A,0,0,0,1,0,0,0,0,0,1,1,1,0,MT,0,1,1,Full (EN10204 3.1 + QAP/ITP),Casting,5,Standard,13,0.73,17,Imported-Standard,Domestic,0.94,301784
V00366,Slurry,27.12,101.6,2.54,43.5,ISO Class V,None,0,0,0,Check,1,25,300,Reduced port,Flanged,ASME B16.10,CS/WCB,Carbon steel,Duplex 2205,Ceramic coating,Metal seat,0,0,1,0.2,0.2,0.1,0.25,Manual,N/A,0,0,0,0,0,0,0,0,0,1,1,1,0,PT+MT,0,0,0,Basic,Forging,3,Tight,9,0.63,18,MidTier-India,Domestic,0.98,53143
V00367,Water,28.7,38.8,1.46,196.9,ISO Class II,None,0,0,0,Check,3,80,300,Full bore,Butt-weld,ISO 5752,SS304,Stainless steel,SS316,None,PTFE,0,0,0,18,8,0.3,0.07,Manual,N/A,0,0,0,0,0,0,0,0,0,1,0,0,0,UT,1,0,0,Basic,Casting,2,Standard,7,0.53,10,Premium-India,Domestic,0.41,177735
V00368,Corrosive (Acid),145.35,61.7,0.05,196.4,ISO Class II,None,0,0,0,Ball,4,100,900,Full bore,Threaded,ASME B16.10,Duplex 2205,Duplex SS,SS316,None,PTFE,0,0,0,22,5.5,3,0.03,Manual,N/A,0,1,0,0,0,0,0,0,0,1,1,0,0,UT,0,0,1,Basic,Forging,3,Tight,17,0.64,13,MidTier-India,Domestic,0.9,453335
V00369,Water,23.49,45,0.09,548.2,ISO Class V,None,0,0,0,Butterfly,14,350,300,Full bore,Lug,API 6D,A105,Carbon steel,Stellite hardfaced,ENP (Electroless Nickel),Metal seat,0,0,0,0.2,0.1,0.05,0.2,Pneumatic,Fail-open,1,0,1,1,0,0,1,1,1,1,1,0,0,PT,0,0,0,Standard,Casting,1,Tight,7,0.81,16,Imported-Standard,Domestic,0.87,640069
V00370,Steam,14.45,275.5,1.54,696,ISO Class VI,None,0,0,0,Butterfly,14,350,150,Reduced port,Wafer,ASME B16.10,CS/WCB,Carbon steel,Stellite hardfaced,None,Metal seat,0,0,0,0.2,0.2,0.1,0.25,Manual,N/A,0,0,0,0,0,0,0,0,0,1,1,0,1,UT+RT,1,1,0,Standard,Forging,4,Tight,7,0.56,16,Imported-Premium,Import,0.43,307638
V00371,Natural Gas,97.27,56.5,10.47,444,ISO Class VI,None,0,0,0,Gate,14,350,1500,Full bore,Butt-weld,MSS SP-97,SS316,Stainless steel,SS316,None,Elastomer (NBR/EPDM),1,0,0,17,12,2.5,0.06,Pneumatic,Fail-in-place,1,0,1,1,0,0,1,1,1,1,1,0,0,None,0,0,0,Standard,Forging,1,Tight,11,0.5,9,MidTier-India,Domestic,0.98,2651523
V00372,Steam,50.67,200.2,4.18,730,ISO Class IV,None,0,0,0,Butterfly,10,250,900,Reduced port,Flanged,ISO 5752,SS316,Stainless steel,Stellite hardfaced,None,Metal seat,0,1,0,17,12,2.5,0.06,Manual,N/A,0,0,0,0,0,0,0,0,0,1,1,0,0,RT,1,0,0,Standard,Casting,2,Standard,7,0.91,12,Imported-Standard,Import,0.46,549795
V00373,Slurry,9.86,10.2,0.9,134.1,ISO Class III,None,0,0,0,Control,4,100,150,Full bore,Flanged,ASME B16.10,SS316,Stainless steel,SS410,None,PTFE,0,1,0,17,12,2.5,0.06,Hydraulic,Fail-close,0,0,0,0,0,0,0,0,0,1,0,0,1,None,0,0,0,Standard,Casting,4,Tight,7,0.63,21,Imported-Premium,Import,0.5,441173
V00374,Steam,40.83,229.5,9.6,57.6,ISO Class V,None,0,0,0,Control,2,50,600,Reduced port,Threaded,ASME B16.10,A105,Carbon steel,SS316,None,Metal seat,0,0,0,0.2,0.1,0.05,0.2,Electric,Fail-in-place,0,0,0,1,0,0,0,0,0,1,1,0,0,UT+RT,0,0,0,Basic,Casting,4,Tight,7,0.66,20,MidTier-India,Domestic,0.98,259369
V00375,Slurry,27.47,65.5,4.77,171.7,ISO Class III,None,0,0,0,Ball,6,150,300,Reduced port,Flanged,ASME B16.10,CS/WCB,Carbon steel,SS410,None,Metal seat,0,0,1,0.2,0.2,0.1,0.25,Manual,N/A,0,0,0,0,0,0,0,0,0,1,0,0,0,PT,0,1,0,Basic,Forging,4,Tight,12,0.71,13,Premium-India,Domestic,0.68,228924
V00376,Natural Gas,35.89,136.2,3.38,79,ISO Class II,None,0,0,0,Butterfly,4,100,300,Reduced port,Flanged,ISO 5752,CS/WCB,Carbon steel,Nickel Alloy 625,None,Elastomer (NBR/EPDM),1,0,0,0.2,0.2,0.1,0.25,Manual,N/A,0,0,1,0,0,0,0,0,0,1,1,0,0,None,0,0,0,Full (EN10204 3.1 + QAP/ITP),Casting,2,Standard,14,0.7,10,MidTier-India,Domestic,0.98,100164
V00377,Hydrocarbon,100.07,110.3,6.09,303.4,ISO Class V,None,0,0,0,Butterfly,10,250,900,Reduced port,Wafer,API 6D,Duplex 2205,Duplex SS,Stellite hardfaced,None,PTFE,0,1,0,22,5.5,3,0.03,Manual,N/A,0,0,0,1,0,0,0,0,0,1,0,0,0,None,1,0,0,Standard,Casting,2,Tight,12,0.94,14,MidTier-India,Domestic,0.28,528503
V00378,Water,48.45,71.7,6.22,61.5,ISO Class IV,None,0,0,0,Control,2,50,300,Reduced port,Butt-weld,ASME B16.10,SS316,Stainless steel,Stellite hardfaced,None,Metal seat,0,1,0,17,12,2.5,0.06,Hydraulic,Fail-close,0,0,0,1,0,0,0,0,0,1,1,0,0,UT,0,0,0,Full (EN10204 3.1 + QAP/ITP),Casting,3,Tight,4,0.68,19,Imported-Premium,Import,0.07,460598
V00379,Steam,10.49,195.5,1.09,379.2,ISO Class IV,None,0,0,0,Butterfly,20,500,150,Full bore,Flanged,ASME B16.10,Bronze,Copper alloy,Alloy 20,None,Metal seat,0,0,0,0.2,0.8,0.1,0.02,Pneumatic,Fail-close,0,0,1,1,0,0,1,1,0,1,1,0,0,None,1,1,0,Basic,Casting,4,Standard,4,0.92,5,Imported-Standard,Import,0.19,1005248
V00380,Corrosive (Acid),129.98,95.8,14.79,330.1,ISO Class II,None,0,0,0,Butterfly,10,250,900,Reduced port,Wafer,ASME B16.10,SS316,Stainless steel,SS316,Tungsten carbide,PTFE,0,1,0,17,12,2.5,0.06,Electric,Fail-close,0,0,0,1,0,0,0,0,0,1,1,0,1,None,0,0,0,Basic,Casting,2,Standard,7,0.57,8,Imported-Standard,Import,0.41,829077
V00381,Slurry,11.54,20.9,1.13,473.1,ISO Class III,None,0,0,0,Butterfly,18,450,150,Full bore,Flanged,ISO 5752,Duplex 2205,Duplex SS,SS316,None,Elastomer (NBR/EPDM),0,0,1,22,5.5,3,0.03,Manual,N/A,0,0,1,0,1,0,0,0,0,1,0,0,0,PT+MT,0,0,1,Basic,Casting,5,Standard,13,0.63,14,Imported-Standard,Import,0.2,601599
V00382,Water,25.64,31.9,1.74,45.7,ISO Class V,None,0,0,0,Control,3,80,300,Reduced port,Flanged,API 6D,A105,Carbon steel,SS316,None,PEEK,0,0,0,0.2,0.1,0.05,0.2,Pneumatic,Fail-close,1,1,1,1,0,1,1,0,0,1,1,0,0,PT,0,0,0,Standard,Forging,2,Tight,5,0.8,12,Generic-India,Domestic,0.48,481638
V00383,Natural Gas,111.03,142.5,38.46,63,ISO Class V,None,0,0,0,Globe,2,50,1500,Full bore,Flanged,API 6D,CS/WCB,Carbon steel,Nickel Alloy 625,None,Metal seat,0,0,0,0.2,0.2,0.1,0.25,Manual,N/A,0,0,0,0,0,0,0,0,0,1,1,0,0,None,0,0,0,Full (EN10204 3.1 + QAP/ITP),Forging,1,Tight,11,0.95,6,Generic-India,Domestic,0.54,145618
V00384,Natural Gas,14.31,214.7,3.22,79.3,ISO Class V,None,0,0,0,Check,3,80,300,Full bore,Socket-weld,ASME B16.10,CS/WCB,Carbon steel,Stellite hardfaced,None,Metal seat,0,0,0,0.2,0.2,0.1,0.25,Manual,N/A,0,0,0,0,1,0,0,0,0,1,1,0,0,None,1,0,0,Full (EN10204 3.1 + QAP/ITP),Casting,1,Tight,2,0.69,12,Generic-India,Domestic,0.62,103345
V00385,Water,11.8,58.1,0.72,359.1,ISO Class VI,None,0,0,0,Butterfly,18,450,150,Full bore,Wafer,ASME B16.10,CS/WCB,Carbon steel,Stellite hardfaced,ENP (Electroless Nickel),PTFE,0,0,0,0.2,0.2,0.1,0.25,Manual,N/A,0,0,0,0,0,0,0,0,0,1,1,0,0,None,0,0,0,Basic,Casting,4,Tight,8,0.83,18,MidTier-India,Domestic,0.47,184618
V00386,Hydrocarbon,175.95,46.1,22.05,690.4,ISO Class I,None,0,0,0,Butterfly,18,450,2500,Full bore,Lug,ASME B16.10,SS316,Stainless steel,Stellite hardfaced,Stellite,Metal seat,1,1,0,17,12,2.5,0.06,Manual,N/A,0,0,0,0,0,0,0,0,0,1,0,1,0,None,0,0,0,Standard,Casting,4,Standard,11,0.75,20,Generic-India,Domestic,0.84,1631564
V00387,Water,15.51,52.9,0.96,16.8,ISO Class II,None,0,0,0,Check,0.75,20,150,Full bore,Butt-weld,ASME B16.10,A105,Carbon steel,Alloy 20,ENP (Electroless Nickel),Metal seat,0,0,0,0.2,0.1,0.05,0.2,Pneumatic,Fail-close,0,0,1,1,0,0,1,0,0,1,0,0,0,MT,0,0,0,Full (EN10204 3.1 + QAP/ITP),Casting,4,Tight,12,0.71,21,Generic-India,Domestic,0.36,51464
V00388,Air,27.68,31.8,6.17,47.7,ISO Class VI,None,0,0,0,Ball,1.5,40,300,Full bore,Wafer,ASME B16.10,Bronze,Copper alloy,Duplex 2205,None,Metal seat,0,0,0,0.2,0.8,0.1,0.02,Manual,N/A,0,0,1,0,0,0,0,0,0,1,1,1,0,None,0,0,0,Basic,Casting,3,Tight,8,0.48,10,MidTier-India,Domestic,0.95,88321
V00389,Water,61.32,82.7,9.84,248,ISO Class V,None,0,0,0,Butterfly,6,150,900,Reduced port,Flanged,ASME B16.10,Bronze,Copper alloy,Nickel Alloy 625,Stellite,PEEK,0,0,0,0.2,0.8,0.1,0.02,Pneumatic,Fail-open,1,0,1,1,0,0,1,1,0,1,0,0,0,RT,0,0,0,Standard,Forging,2,Tight,7,0.62,9,Imported-Standard,Import,0.19,915141
V00390,Steam,154.59,126.2,43.74,40.7,ISO Class V,None,0,0,0,Needle,1.5,40,2500,Full bore,Socket-weld,API 6D,CS/WCB,Carbon steel,SS410,None,Metal seat,0,0,0,0.2,0.2,0.1,0.25,Gearbox,N/A,0,0,0,0,0,0,0,0,0,1,0,0,0,MT,0,0,1,Basic,Forging,5,Tight,11,0.76,13,Premium-India,Domestic,0.9,308441
V00391,Slurry,31.06,52.3,1.82,53.1,ISO Class IV,None,0,0,0,Check,3,80,300,Full bore,Flanged,API 6D,CS/WCB,Carbon steel,SS410,Tungsten carbide,Metal seat,0,0,0,0.2,0.2,0.1,0.25,Pneumatic,Fail-open,1,0,1,1,0,0,1,0,0,1,1,0,0,None,0,0,0,Standard,Casting,2,Standard,6,0.59,16,Imported-Standard,Domestic,0.98,226223
V00392,Hydrocarbon,153.26,47.6,31.31,39.3,ISO Class VI,None,0,0,0,Control,2,50,1500,Reduced port,Flanged,ASME B16.10,A105,Carbon steel,Duplex 2205,None,PTFE,1,0,0,0.2,0.1,0.05,0.2,Pneumatic,Fail-close,0,1,1,1,0,1,1,1,0,1,1,0,0,MT,1,0,0,Standard,Forging,5,Tight,8,0.84,20,Generic-India,Domestic,0.5,658706
V00393,Corrosive (Acid),36.27,93.7,7.77,997.1,ISO Class IV,None,0,0,0,Butterfly,16,400,300,Reduced port,Lug,API 6D,Nickel Alloy 625,Nickel alloy,Stellite hardfaced,None,PEEK,0,1,0,21.5,60,9,0.02,Manual,N/A,0,1,0,1,0,0,0,0,0,1,1,0,0,UT+RT,1,0,0,Standard,Casting,4,Standard,12,0.78,10,Premium-India,Domestic,0.98,1341728
V00394,Natural Gas,60.81,168.1,30.92,26.5,ISO Class I,Anti-cavitation trim,1,0,0,Control,1,25,600,Full bore,Flanged,ASME B16.10,SS316,Stainless steel,SS316,None,PTFE,1,1,0,17,12,2.5,0.06,Pneumatic,Fail-in-place,1,1,1,1,0,1,1,0,0,1,1,0,0,UT,1,0,0,Full (EN10204 3.1 + QAP/ITP),Casting,4,Tight,13,0.84,20,Generic-India,Domestic,0.79,407302
V00395,Water,15.6,11.4,0.42,31.8,ISO Class II,None,0,0,0,Ball,1.5,40,300,Full bore,Wafer,ASME B16.10,CS/WCB,Carbon steel,Nickel Alloy 625,None,Elastomer (NBR/EPDM),0,0,0,0.2,0.2,0.1,0.25,Manual,N/A,0,0,0,0,0,0,0,0,0,1,1,0,0,UT+RT,0,0,1,Standard,Casting,2,Standard,10,0.7,15,Generic-India,Domestic,0.51,46607
V00396,Air,33.44,64.9,1.22,563.5,ISO Class II,None,0,0,0,Butterfly,16,400,300,Reduced port,Flanged,ASME B16.10,CS/WCB,Carbon steel,SS316,None,Metal seat,0,0,0,0.2,0.2,0.1,0.25,Pneumatic,Fail-close,1,0,1,1,1,0,1,1,1,1,1,1,0,PT+MT,0,0,0,Standard,Forging,5,Standard,8,0.64,13,MidTier-India,Domestic,0.77,742827
V00397,Water,55.52,13.9,1.23,45.9,ISO Class II,None,0,0,0,Ball,1.5,40,600,Reduced port,Flanged,ISO 5752,CS/WCB,Carbon steel,Stellite hardfaced,ENP (Electroless Nickel),PTFE,0,0,0,0.2,0.2,0.1,0.25,Manual,N/A,0,0,0,0,1,0,0,0,0,1,1,1,0,UT+RT,0,0,0,Basic,Casting,3,Tight,6,0.7,14,Generic-India,Domestic,0.93,112849
V00398,Corrosive (Acid),95.14,52.9,10.88,77.6,ISO Class I,None,0,0,0,Ball,2,50,900,Reduced port,Threaded,ASME B16.10,SS316,Stainless steel,Alloy 20,None,PTFE,0,0,0,17,12,2.5,0.06,Pneumatic,Fail-open,1,0,1,1,0,0,1,1,0,1,1,0,0,UT,1,0,0,Full (EN10204 3.1 + QAP/ITP),Forging,4,Standard,10,0.79,14,Premium-India,Domestic,0.8,474784
V00399,Air,22.06,34.3,2.01,236.9,ISO Class V,None,0,0,0,Ball,6,150,300,Full bore,Threaded,ASME B16.10,CS/WCB,Carbon steel,Nickel Alloy 625,None,Metal seat,0,0,0,0.2,0.2,0.1,0.25,Manual,N/A,0,0,0,0,0,0,0,0,0,1,1,0,1,UT,0,0,1,Full (EN10204 3.1 + QAP/ITP),Casting,2,Tight,8,0.71,5,MidTier-India,Domestic,0.71,182156
V00400,Air,9.9,85.4,0.07,316.4,ISO Class VI,None,0,0,0,Check,14,350,150,Full bore,Flanged,ASME B16.10,CS/WCB,Carbon steel,SS316,None,PEEK,0,0,0,0.2,0.2,0.1,0.25,Manual,N/A,0,0,0,0,0,0,0,0,0,1,1,0,0,None,0,0,0,Basic,Forging,1,Tight,7,0.67,11,Imported-Standard,Import,0.52,306115
V00401,Steam,57.53,197.8,23.24,149,ISO Class V,Anti-cavitation trim,1,1,0,Control,6,150,600,Full bore,Butt-weld,ASME B16.10,SS316,Stainless steel,Nickel Alloy 625,None,Metal seat,0,1,0,17,12,2.5,0.06,Pneumatic,Fail-close,0,1,1,1,0,1,1,1,0,1,1,1,0,UT+RT,0,0,1,Full (EN10204 3.1 + QAP/ITP),Casting,3,Tight,3,0.67,25,Imported-Standard,Domestic,0.98,2034431
V00402,Hydrocarbon,42.05,37.1,4.76,29.6,ISO Class II,None,0,0,0,Gate,2,50,600,Reduced port,Threaded,ISO 5752,CS/WCB,Carbon steel,SS316,Tungsten carbide,PTFE,0,0,0,0.2,0.2,0.1,0.25,Manual,N/A,0,0,0,0,0,0,0,0,0,1,1,1,0,UT+RT,0,1,1,Standard,Forging,4,Tight,10,0.77,13,Imported-Standard,Import,0.43,143995
V00403,Slurry,20.91,115.5,4.12,16.4,ISO Class IV,None,0,0,0,Globe,0.5,15,300,Reduced port,Flanged,API 6D,Bronze,Copper alloy,SS316,None,Metal seat,0,0,1,0.2,0.8,0.1,0.02,Pneumatic,Fail-in-place,1,0,1,1,0,0,1,0,0,1,1,0,1,None,1,0,1,Basic,Casting,1,Tight,12,0.9,14,Generic-India,Domestic,0.86,77757
V00404,Hydrocarbon,8.25,158.3,0.26,398.4,ISO Class II,None,0,0,0,Butterfly,16,400,150,Full bore,Wafer,API 6D,A105,Carbon steel,Stellite hardfaced,None,Metal seat,1,0,0,0.2,0.1,0.05,0.2,Manual,N/A,0,0,1,0,0,0,0,0,0,1,1,0,1,None,0,0,0,Standard,Forging,4,Standard,11,0.64,10,Generic-India,Domestic,0.62,226757
V00405,Oxygen,18.87,50.7,2.36,125.9,ISO Class VI,None,0,0,0,Gate,4,100,300,Reduced port,Socket-weld,MSS SP-97,SS316,Stainless steel,Stellite hardfaced,ENP (Electroless Nickel),PTFE,0,1,0,17,12,2.5,0.06,Manual,N/A,0,0,0,0,0,0,0,0,0,1,0,0,0,None,0,0,0,Basic,Forging,4,Tight,7,0.69,9,Premium-India,Domestic,0.95,216714
V00406,Corrosive (Acid),31.26,76.4,0.53,249,ISO Class VI,None,0,0,0,Butterfly,10,250,300,Reduced port,Wafer,API 6D,Duplex 2205,Duplex SS,Nickel Alloy 625,Stellite,PTFE,0,1,0,22,5.5,3,0.03,Manual,N/A,0,0,0,0,0,0,0,0,0,1,1,1,1,MT,0,1,1,Standard,Forging,5,Tight,13,0.76,13,Premium-India,Domestic,0.98,503222
V00407,Air,122.78,85.5,0.05,17.1,ISO Class I,None,0,0,0,Gate,0.5,15,1500,Reduced port,Wafer,API 6D,SS304,Stainless steel,SS316,ENP (Electroless Nickel),Metal seat,0,0,0,18,8,0.3,0.07,Electric,Fail-open,0,0,0,1,1,0,0,0,0,1,1,0,0,MT,0,0,0,Standard,Forging,5,Tight,10,0.51,12,Imported-Standard,Import,0.57,215616
V00408,Hydrocarbon,20.35,72,0.94,385.3,ISO Class V,None,0,0,0,Check,10,250,300,Reduced port,Flanged,API 6D,CS/WCB,Carbon steel,Duplex 2205,None,PTFE,0,0,0,0.2,0.2,0.1,0.25,Gearbox,N/A,0,0,0,0,0,0,0,0,0,1,1,0,0,PT+MT,0,0,0,Standard,Casting,5,Tight,11,0.77,7,Premium-India,Domestic,0.48,365310
V00409,Water,78.49,44.4,23.2,67.2,ISO Class III,None,0,0,0,Globe,4,100,1500,Reduced port,Flanged,ASME B16.10,CS/WCB,Carbon steel,Nickel Alloy 625,None,Elastomer (NBR/EPDM),0,0,0,0.2,0.2,0.1,0.25,Electric,Fail-in-place,0,0,0,1,1,0,0,0,0,1,0,0,0,None,0,0,1,Basic,Forging,2,Standard,11,0.85,17,MidTier-India,Domestic,0.76,408379
V00410,Water,6.79,37.2,2.11,42.2,ISO Class IV,None,0,0,0,Globe,1.5,40,150,Full bore,Threaded,API 6D,A105,Carbon steel,SS410,ENP (Electroless Nickel),PTFE,0,0,0,0.2,0.1,0.05,0.2,Pneumatic,Fail-in-place,1,0,1,1,0,0,1,0,0,1,1,0,0,PT+MT,1,0,0,Full (EN10204 3.1 + QAP/ITP),Casting,1,Tight,6,0.86,14,Imported-Premium,Domestic,0.47,149727
V00411,Water,83.35,59.6,8.67,666.2,ISO Class IV,None,0,0,0,Butterfly,24,600,900,Full bore,Wafer,ISO 5752,SS316,Stainless steel,Stellite hardfaced,Stellite,PTFE,0,1,0,17,12,2.5,0.06,Hydraulic,Fail-close,0,0,0,0,0,0,0,0,0,1,1,0,0,None,0,1,0,Standard,Casting,2,Standard,14,0.84,18,MidTier-India,Domestic,0.87,1428223
V00412,Hydrocarbon,79.56,61,23.27,56.3,ISO Class V,None,0,0,0,Control,4,100,600,Reduced port,Wafer,ASME B16.10,A105,Carbon steel,Duplex 2205,Stellite,Metal seat,0,0,0,0.2,0.1,0.05,0.2,Electric,Fail-in-place,0,0,0,1,0,0,0,0,0,0,1,0,0,None,1,0,0,Standard,Casting,2,Tight,9,0.62,12,Generic-India,Domestic,0.86,556256
V00413,Hydrocarbon,40.81,102,3.29,48.8,ISO Class IV,None,0,0,0,Check,1,25,300,Full bore,Butt-weld,ASME B16.10,Duplex 2205,Duplex SS,Alloy 20,Tungsten carbide,PTFE,0,1,0,22,5.5,3,0.03,Manual,N/A,0,0,0,0,0,0,0,0,0,1,1,0,0,None,1,0,0,Standard,Casting,5,Standard,9,0.76,17,MidTier-India,Domestic,0.72,100069
V00414,Water,15.17,80.2,4.88,45.6,ISO Class VI,None,0,0,0,Needle,1,25,150,Full bore,Butt-weld,ASME B16.10,CS/WCB,Carbon steel,Nickel Alloy 625,Stellite,Elastomer (NBR/EPDM),0,0,0,0.2,0.2,0.1,0.25,Hydraulic,Fail-open,0,0,0,0,0,0,0,0,0,1,1,0,1,UT,1,0,0,Standard,Casting,3,Tight,13,0.79,30,Generic-India,Domestic,0.51,58812
V00415,Oxygen,63.79,51.9,12.57,484.9,ISO Class V,None,0,0,0,Butterfly,20,500,600,Full bore,Wafer,ASME B16.10,Bronze,Copper alloy,Duplex 2205,Stellite,Metal seat,0,0,0,0.2,0.8,0.1,0.02,Electric,Fail-in-place,1,0,0,1,0,0,0,0,0,1,1,0,0,None,1,0,0,Standard,Forging,4,Tight,11,0.8,9,Imported-Standard,Import,0.56,1824942
V00416,Hydrocarbon,12.5,134.3,3.55,145.9,ISO Class V,None,0,0,0,Control,6,150,150,Full bore,Socket-weld,ASME B16.10,A105,Carbon steel,Duplex 2205,None,PTFE,0,0,0,0.2,0.1,0.05,0.2,Pneumatic,Fail-close,0,1,1,1,1,1,1,1,0,1,1,0,0,None,0,0,0,Full (EN10204 3.1 + QAP/ITP),Forging,5,Tight,8,0.62,17,Imported-Standard,Import,0.24,568147
V00417,Water,27.8,55.4,3.06,493.9,ISO Class IV,None,0,0,0,Butterfly,20,500,300,Reduced port,Flanged,API 6D,SS316,Stainless steel,Duplex 2205,None,Metal seat,0,0,0,17,12,2.5,0.06,Electric,Fail-open,1,1,0,1,0,0,0,0,0,1,1,0,1,None,1,1,0,Basic,Casting,5,Standard,7,0.67,16,MidTier-India,Domestic,0.38,1134930
V00418,Slurry,74.11,7.9,10.9,64.6,ISO Class VI,None,0,0,0,Gate,1,25,600,Full bore,Flanged,ISO 5752,SS304,Stainless steel,Nickel Alloy 625,Ceramic coating,Elastomer (NBR/EPDM),0,0,0,18,8,0.3,0.07,Pneumatic,Fail-open,0,0,1,1,0,0,1,0,0,1,1,0,1,UT,0,1,0,Basic,Casting,3,Tight,9,0.85,12,MidTier-India,Domestic,0.92,207191
V00419,Steam,71,172,7.14,661.7,ISO Class IV,None,0,0,0,Ball,12,300,900,Full bore,Flanged,ASME B16.10,SS316,Stainless steel,SS410,Stellite,Metal seat,0,1,0,17,12,2.5,0.06,Manual,N/A,0,1,0,0,0,0,0,0,0,1,1,0,1,PT,0,0,0,Basic,Casting,3,Tight,4,0.59,16,Imported-Standard,Import,0.63,1698566
V00420,Natural Gas,204.15,173.6,13.4,110.5,ISO Class III,None,0,0,0,Butterfly,4,100,2500,Full bore,Wafer,ISO 5752,CS/WCB,Carbon steel,Stellite hardfaced,ENP (Electroless Nickel),Metal seat,0,0,0,0.2,0.2,0.1,0.25,Manual,N/A,0,0,0,0,1,0,0,0,0,1,1,0,0,MT,1,0,1,Full (EN10204 3.1 + QAP/ITP),Forging,2,Standard,14,0.82,12,Generic-India,Domestic,0.67,350620
V00421,Natural Gas,21.49,72.4,1.55,39.5,ISO Class I,None,0,0,0,Check,1,25,300,Full bore,Flanged,API 6D,CS/WCB,Carbon steel,Stellite hardfaced,None,Metal seat,0,0,0,0.2,0.2,0.1,0.25,Manual,N/A,0,0,1,0,0,0,0,0,0,1,1,0,0,PT+MT,0,0,0,Basic,Casting,2,Standard,3,0.62,20,Imported-Standard,Import,0.36,63398
V00422,Steam,51.3,180.4,9.27,120.4,ISO Class I,None,0,0,0,Gate,4,100,600,Reduced port,Socket-weld,ISO 5752,SS316,Stainless steel,SS316,Stellite,Metal seat,0,1,0,17,12,2.5,0.06,Gearbox,N/A,0,0,0,1,0,0,0,0,0,1,1,0,0,None,1,0,1,Full (EN10204 3.1 + QAP/ITP),Forging,2,Standard,11,0.63,11,Generic-India,Domestic,0.75,337219
V00423,Water,60.87,102.3,18.29,32.6,ISO Class V,None,0,0,0,Control,3,80,600,Full bore,Flanged,ISO 5752,CS/WCB,Carbon steel,Nickel Alloy 625,None,PTFE,0,0,0,0.2,0.2,0.1,0.25,Electric,Fail-close,0,0,0,1,0,0,0,0,0,1,1,0,0,None,1,0,0,Full (EN10204 3.1 + QAP/ITP),Casting,4,Tight,8,0.73,24,Imported-Standard,Import,0.35,522970
V00424,Water,12.55,36.4,0.29,127.7,ISO Class IV,None,0,0,0,Check,1,25,150,Reduced port,Flanged,ISO 5752,SS316,Stainless steel,SS316,None,PTFE,0,0,0,17,12,2.5,0.06,Manual,N/A,0,0,0,0,0,0,0,0,0,1,1,0,0,MT,0,0,0,Basic,Casting,2,Standard,8,0.54,15,Imported-Standard,Domestic,0.56,46003
V00425,Steam,75.29,248.3,25.24,134.5,ISO Class VI,None,0,0,0,Control,10,250,600,Reduced port,Butt-weld,ISO 5752,CS/WCB,Carbon steel,SS316,ENP (Electroless Nickel),Metal seat,0,0,0,0.2,0.2,0.1,0.25,Electric,Fail-open,1,0,0,1,0,0,0,0,0,1,1,1,0,UT+RT,0,0,0,Basic,Casting,5,Tight,4,0.9,25,Imported-Standard,Domestic,0.58,1665078
V00426,Air,8.84,50.7,0.57,52.3,ISO Class IV,None,0,0,0,Ball,4,100,150,Reduced port,Butt-weld,API 6D,Duplex 2205,Duplex SS,Nickel Alloy 625,Stellite,Metal seat,0,1,0,22,5.5,3,0.03,Pneumatic,Fail-open,0,0,1,1,0,0,1,0,0,0,1,1,1,MT,0,1,1,Full (EN10204 3.1 + QAP/ITP),Casting,5,Tight,11,0.66,11,Imported-Premium,Import,0.4,569058
V00427,Water,7.35,60.2,0.82,44.9,ISO Class II,None,0,0,0,Gate,1.5,40,300,Reduced port,Lug,API 6D,Bronze,Copper alloy,SS316,Stellite,Elastomer (NBR/EPDM),0,0,0,0.2,0.8,0.1,0.02,Manual,N/A,0,0,0,0,0,0,0,0,0,1,1,0,0,None,0,1,0,Full (EN10204 3.1 + QAP/ITP),Casting,2,Standard,8,0.54,9,Generic-India,Domestic,0.6,76639
V00428,Natural Gas,74.16,88.6,14.63,115.1,ISO Class V,None,0,0,0,Butterfly,3,80,900,Full bore,Wafer,API 6D,CS/WCB,Carbon steel,Nickel Alloy 625,Stellite,PEEK,0,0,0,0.2,0.2,0.1,0.25,Manual,N/A,0,1,0,0,0,0,0,0,0,1,1,1,1,RT,0,0,1,Standard,Forging,3,Tight,7,0.65,5,MidTier-India,Domestic,0.94,222515
V00429,Steam,132.03,211.8,16.39,325.4,ISO Class I,None,0,0,0,Butterfly,20,500,1500,Full bore,Lug,ASME B16.10,CS/WCB,Carbon steel,Stellite hardfaced,ENP (Electroless Nickel),Metal seat,0,0,0,0.2,0.2,0.1,0.25,Manual,N/A,0,0,0,0,0,0,0,0,0,1,0,0,0,UT+RT,0,0,0,Full (EN10204 3.1 + QAP/ITP),Casting,2,Tight,10,0.83,5,Imported-Standard,Domestic,0.45,951793
V00430,Hydrocarbon,71.14,27.3,38.54,27.9,ISO Class I,None,0,0,0,Globe,1,25,900,Full bore,Lug,ISO 5752,CS/WCB,Carbon steel,SS316,None,Metal seat,0,0,0,0.2,0.2,0.1,0.25,Pneumatic,Fail-open,1,0,1,1,0,0,1,1,0,1,1,0,0,None,0,0,0,Basic,Forging,4,Standard,6,0.81,12,Imported-Premium,Import,0.31,245972
V00431,Water,13.1,89.9,1.19,58.3,ISO Class VI,None,0,0,0,Check,1,25,300,Reduced port,Flanged,API 6D,SS316,Stainless steel,Duplex 2205,None,PTFE,0,1,0,17,12,2.5,0.06,Pneumatic,Fail-close,1,1,1,1,0,0,1,0,0,1,0,0,0,RT,1,0,0,Standard,Casting,2,Tight,5,0.58,15,Generic-India,Domestic,0.76,125378
V00432,Water,93.7,18.3,7.22,106.2,ISO Class III,None,0,0,0,Check,4,100,1500,Reduced port,Socket-weld,ASME B16.10,CS/WCB,Carbon steel,Stellite hardfaced,None,PEEK,0,0,0,0.2,0.2,0.1,0.25,Manual,N/A,0,0,0,0,1,0,0,0,0,1,1,0,0,PT,0,1,1,Full (EN10204 3.1 + QAP/ITP),Forging,2,Standard,15,0.71,20,Imported-Standard,Import,0.27,314866
V00433,Hydrocarbon,10.26,1.2,4.76,47.7,ISO Class II,None,0,0,0,Globe,2,50,150,Reduced port,Lug,ASME B16.10,CS/WCB,Carbon steel,Stellite hardfaced,Stellite,Metal seat,0,0,0,0.2,0.2,0.1,0.25,Manual,N/A,0,0,0,0,0,0,0,0,0,0,1,0,1,MT,0,0,0,Standard,Forging,4,Standard,6,0.7,10,Imported-Premium,Domestic,0.98,90583
V00434,Water,31.42,84,13.3,24.5,ISO Class III,None,0,0,0,Needle,0.75,20,300,Reduced port,Flanged,ISO 5752,CS/WCB,Carbon steel,SS316,None,Metal seat,0,0,0,0.2,0.2,0.1,0.25,Pneumatic,Fail-close,0,0,1,1,0,0,1,0,0,1,1,0,1,PT,1,0,0,Standard,Casting,1,Standard,6,0.6,18,Generic-India,Domestic,0.78,48549
V00435,Steam,219.31,130.4,53.08,112,ISO Class VI,None,0,0,0,Control,8,200,2500,Reduced port,Flanged,ASME B16.10,CS/WCB,Carbon steel,SS316,None,Metal seat,0,0,0,0.2,0.2,0.1,0.25,Hydraulic,Fail-open,0,0,0,0,0,0,0,0,0,0,1,0,1,UT,0,0,0,Full (EN10204 3.1 + QAP/ITP),Forging,5,Tight,11,0.82,18,Generic-India,Domestic,0.91,1661050
V00436,Corrosive (Acid),7.16,96.7,0.05,515.3,ISO Class II,None,0,0,0,Butterfly,16,400,150,Full bore,Flanged,ASME B16.10,Duplex 2205,Duplex SS,SS316,ENP (Electroless Nickel),PTFE,0,0,0,22,5.5,3,0.03,Manual,N/A,0,0,1,0,0,0,0,0,0,1,1,1,0,None,1,0,0,Standard,Casting,3,Standard,10,0.77,14,MidTier-India,Domestic,0.98,479130
V00437,Water,7.82,43.8,0.38,57.6,ISO Class I,None,0,0,0,Control,2,50,150,Reduced port,Socket-weld,ASME B16.10,A105,Carbon steel,Nickel Alloy 625,None,PTFE,0,0,0,0.2,0.1,0.05,0.2,Pneumatic,Fail-close,1,1,1,1,0,1,1,0,0,1,1,0,0,None,0,1,0,Full (EN10204 3.1 + QAP/ITP),Casting,5,Tight,15,0.65,18,MidTier-India,Domestic,0.63,191315
V00438,Hydrocarbon,63.11,116.3,9.16,99.2,ISO Class IV,None,0,0,0,Ball,4,100,600,Full bore,Flanged,ISO 5752,CS/WCB,Carbon steel,SS316,Stellite,PTFE,1,0,0,0.2,0.2,0.1,0.25,Manual,N/A,0,0,0,0,0,0,0,0,0,1,1,1,0,RT,1,0,0,Standard,Casting,4,Standard,10,0.72,12,MidTier-India,Domestic,0.98,235317
V00439,Natural Gas,92.36,67.5,17.28,48.8,ISO Class V,None,0,0,0,Check,1,25,900,Full bore,Flanged,ISO 5752,CS/WCB,Carbon steel,SS316,Stellite,PTFE,0,0,0,0.2,0.2,0.1,0.25,Pneumatic,Fail-open,0,0,1,1,0,0,1,1,0,1,1,0,0,RT,0,0,1,Standard,Forging,2,Tight,10,0.75,11,Premium-India,Domestic,0.9,185941
V00440,Air,60.06,49,6.36,18.2,ISO Class II,None,0,0,0,Check,0.5,15,600,Full bore,Butt-weld,API 6D,A105,Carbon steel,SS410,Tungsten carbide,Metal seat,0,0,0,0.2,0.1,0.05,0.2,Manual,N/A,0,0,0,0,0,0,0,0,0,1,1,0,0,UT,0,0,0,Basic,Casting,3,Standard,6,0.92,9,MidTier-India,Domestic,0.84,43805
V00441,Natural Gas,44.2,56.8,1.59,42.3,ISO Class I,None,0,0,0,Check,2,50,300,Reduced port,Threaded,ISO 5752,CS/WCB,Carbon steel,Alloy 20,ENP (Electroless Nickel),Elastomer (NBR/EPDM),1,0,0,0.2,0.2,0.1,0.25,Pneumatic,Fail-in-place,0,0,1,1,0,0,1,0,0,1,1,0,0,None,0,0,0,Standard,Casting,3,Standard,4,0.66,5,MidTier-India,Domestic,0.8,103178
V00442,Hydrocarbon,28.78,196,0.05,562.5,ISO Class IV,None,0,0,0,Ball,12,300,600,Reduced port,Butt-weld,ISO 5752,CS/WCB,Carbon steel,SS316,None,Metal seat,0,0,0,0.2,0.2,0.1,0.25,Manual,N/A,0,0,0,0,0,0,0,0,0,1,0,0,0,PT+MT,0,0,0,Standard,Casting,2,Standard,13,0.81,9,Generic-India,Domestic,0.57,426344
V00443,Natural Gas,213.68,108.1,94.2,269.3,ISO Class VI,None,0,0,0,Globe,14,350,2500,Reduced port,Flanged,MSS SP-97,SS304,Stainless steel,Nickel Alloy 625,Tungsten carbide,Metal seat,0,0,0,18,8,0.3,0.07,Pneumatic,Fail-close,1,0,1,1,0,0,1,1,1,0,1,0,0,None,0,0,0,Standard,Casting,3,Tight,15,0.7,13,Generic-India,Domestic,0.4,2800000
V00444,Slurry,258.1,55.9,21.81,313.7,ISO Class V,None,0,0,0,Gate,6,150,2500,Reduced port,Socket-weld,ASME B16.10,CS/WCB,Carbon steel,Stellite hardfaced,Ceramic coating,Metal seat,0,0,1,0.2,0.2,0.1,0.25,Pneumatic,Fail-in-place,0,0,1,1,0,0,1,1,0,1,1,0,0,RT,0,0,0,Standard,Forging,2,Tight,12,0.74,10,MidTier-India,Domestic,0.98,1176431
V00445,Slurry,61.43,113.8,0.05,195.8,ISO Class III,None,0,0,0,Ball,6,150,600,Full bore,Socket-weld,API 6D,CS/WCB,Carbon steel,Nickel Alloy 625,ENP (Electroless Nickel),Metal seat,0,0,1,0.2,0.2,0.1,0.25,Pneumatic,Fail-close,0,1,1,1,0,0,1,1,0,1,0,1,0,PT,0,0,1,Standard,Forging,3,Tight,5,0.76,8,Generic-India,Domestic,0.89,797302
V00446,Hydrocarbon,152.75,-9.7,3.36,253.3,ISO Class IV,None,0,0,0,Ball,6,150,1500,Reduced port,Lug,ISO 5752,CS/WCB,Carbon steel,Stellite hardfaced,Tungsten carbide,Elastomer (NBR/EPDM),0,0,0,0.2,0.2,0.1,0.25,Manual,N/A,0,0,0,0,1,0,0,0,0,1,1,1,0,None,1,0,1,Standard,Forging,3,Tight,7,0.74,10,Generic-India,Domestic,0.95,398555
V00447,Natural Gas,8.1,145.1,1.51,544,ISO Class IV,None,0,0,0,Ball,8,200,150,Reduced port,Flanged,ISO 5752,CS/WCB,Carbon steel,SS316,ENP (Electroless Nickel),PTFE,0,0,0,0.2,0.2,0.1,0.25,Manual,N/A,0,0,1,0,0,0,0,0,0,1,1,0,0,None,0,0,0,Standard,Casting,3,Standard,9,0.81,8,Imported-Premium,Import,0.45,213832
V00448,Natural Gas,30.97,104.1,3.41,207.2,ISO Class III,None,0,0,0,Ball,6,150,300,Full bore,Flanged,API 6D,A105,Carbon steel,Alloy 20,None,PTFE,0,0,0,0.2,0.1,0.05,0.2,Manual,N/A,0,0,0,0,0,0,0,0,0,1,0,0,0,PT,1,0,0,Basic,Casting,1,Tight,9,0.8,16,MidTier-India,Domestic,0.73,231996
V00449,Water,61.82,60.9,8.82,539.7,ISO Class VI,None,0,0,0,Butterfly,14,350,600,Reduced port,Wafer,ASME B16.10,Bronze,Copper alloy,SS316,None,PEEK,0,0,0,0.2,0.8,0.1,0.02,Pneumatic,Fail-open,0,0,1,1,0,0,1,1,0,1,1,1,0,MT,0,0,0,Full (EN10204 3.1 + QAP/ITP),Casting,2,Tight,2,0.66,18,Generic-India,Domestic,0.68,1016123
V00450,Hydrocarbon,147.08,210.2,9.16,485,ISO Class III,None,0,0,0,Butterfly,12,300,1500,Full bore,Wafer,ASME B16.10,CS/WCB,Carbon steel,SS316,ENP (Electroless Nickel),Metal seat,0,0,0,0.2,0.2,0.1,0.25,Manual,N/A,0,0,0,0,0,0,0,0,0,0,1,0,0,UT+RT,0,0,0,Full (EN10204 3.1 + QAP/ITP),Casting,4,Standard,18,0.52,12,Premium-India,Domestic,0.92,762585
V00451,Air,30.25,42.7,11,101.6,ISO Class V,Low-noise trim,0,1,0,Control,3,80,300,Full bore,Socket-weld,ASME B16.10,CS/WCB,Carbon steel,Alloy 20,None,Metal seat,0,0,0,0.2,0.2,0.1,0.25,Pneumatic,Fail-in-place,0,1,1,1,0,1,1,0,0,1,1,0,0,None,0,0,0,Full (EN10204 3.1 + QAP/ITP),Casting,4,Tight,9,0.86,30,Generic-India,Domestic,0.76,352987
V00452,Corrosive (Acid),33.17,74.2,3.03,20.3,ISO Class IV,None,0,0,0,Gate,1,25,300,Full bore,Flanged,ASME B16.10,Duplex 2205,Duplex SS,SS316,None,PEEK,0,0,0,22,5.5,3,0.03,Gearbox,N/A,0,0,0,0,0,0,0,0,0,1,1,0,0,MT,0,0,0,Standard,Casting,5,Tight,9,0.67,14,Generic-India,Domestic,0.98,124899
V00453,Natural Gas,8.17,81.4,4.08,93.4,ISO Class IV,None,0,0,0,Globe,10,250,150,Reduced port,Butt-weld,ASME B16.10,SS316,Stainless steel,Stellite hardfaced,None,Metal seat,0,0,0,17,12,2.5,0.06,Pneumatic,Fail-in-place,1,0,1,1,0,0,1,1,1,1,1,0,1,RT,0,0,0,Full (EN10204 3.1 + QAP/ITP),Casting,2,Standard,16,0.79,8,Generic-India,Domestic,0.74,548187
V00454,Steam,71.63,330.4,7.4,411,ISO Class I,None,0,0,0,Butterfly,16,400,600,Full bore,Wafer,ISO 5752,CS/WCB,Carbon steel,Stellite hardfaced,None,Metal seat,0,0,0,0.2,0.2,0.1,0.25,Manual,N/A,0,0,0,0,0,0,0,0,0,1,1,1,0,PT,1,0,0,Full (EN10204 3.1 + QAP/ITP),Casting,4,Standard,6,0.6,5,MidTier-India,Domestic,0.44,381215
V00455,Water,17.24,57.8,0.14,95.5,ISO Class IV,None,0,0,0,Butterfly,12,300,300,Full bore,Lug,ASME B16.10,CS/WCB,Carbon steel,SS316,None,Metal seat,0,0,0,0.2,0.2,0.1,0.25,Electric,Fail-in-place,0,0,0,1,0,0,0,0,0,1,1,0,0,UT,1,1,0,Standard,Casting,2,Standard,7,0.65,22,MidTier-India,Domestic,0.63,447900
V00456,Steam,55.75,217.5,1.67,510.3,ISO Class II,None,0,0,0,Butterfly,16,400,600,Reduced port,Lug,API 6D,CS/WCB,Carbon steel,Stellite hardfaced,ENP (Electroless Nickel),Metal seat,0,0,0,0.2,0.2,0.1,0.25,Gearbox,N/A,0,0,0,0,0,0,0,0,0,1,1,0,0,None,1,0,1,Basic,Casting,2,Tight,9,0.69,9,Imported-Standard,Import,0.5,609062
V00457,Air,47.87,53.6,11.37,13.8,ISO Class II,None,0,0,0,Needle,0.75,20,600,Full bore,Flanged,MSS SP-97,A105,Carbon steel,Duplex 2205,None,Metal seat,0,0,0,0.2,0.1,0.05,0.2,Manual,N/A,0,0,0,0,0,0,0,0,0,1,1,0,0,PT+MT,0,0,1,Standard,Casting,3,Standard,6,0.61,6,MidTier-India,Domestic,0.68,64571
V00458,Natural Gas,43.35,296.4,5.77,88.3,ISO Class IV,None,0,0,0,Ball,1.5,40,600,Full bore,Flanged,ISO 5752,CS/WCB,Carbon steel,Alloy 20,None,Metal seat,1,0,0,0.2,0.2,0.1,0.25,Pneumatic,Fail-open,1,1,1,1,0,0,1,0,0,1,1,0,0,None,1,0,0,Basic,Casting,4,Standard,14,0.63,5,Generic-India,Domestic,0.66,243030
V00459,Steam,58.88,236.5,9.38,155.6,ISO Class III,None,0,0,0,Ball,4,100,600,Full bore,Flanged,ASME B16.10,SS316,Stainless steel,SS410,ENP (Electroless Nickel),Metal seat,0,1,0,17,12,2.5,0.06,Manual,N/A,0,0,0,0,0,0,0,0,0,1,1,0,0,UT,1,0,0,Standard,Casting,4,Standard,5,0.59,22,MidTier-India,Domestic,0.77,383628
V00460,Water,22.35,33.8,3.21,31.9,ISO Class III,None,0,0,0,Control,2,50,300,Full bore,Flanged,API 6D,A105,Carbon steel,SS316,Tungsten carbide,Metal seat,0,0,0,0.2,0.1,0.05,0.2,Pneumatic,Fail-close,1,1,1,1,0,1,1,0,0,1,1,0,1,PT+MT,0,0,0,Standard,Forging,2,Tight,7,0.65,27,MidTier-India,Domestic,0.8,316065
V00461,Slurry,53.88,70.8,19.26,96.8,ISO Class V,None,0,0,0,Globe,4,100,600,Reduced port,Threaded,ASME B16.10,SS316,Stainless steel,SS316,Tungsten carbide,Metal seat,0,1,0,17,12,2.5,0.06,Manual,N/A,0,1,0,0,0,0,0,0,0,1,1,0,0,MT,0,0,0,Standard,Forging,4,Tight,8,0.82,12,Imported-Premium,Import,0.08,505036
V00462,Air,173.54,64.4,54.38,309.8,ISO Class II,None,0,0,0,Globe,14,350,1500,Full bore,Butt-weld,API 6D,CS/WCB,Carbon steel,SS316,ENP (Electroless Nickel),Metal seat,0,0,0,0.2,0.2,0.1,0.25,Manual,N/A,0,0,0,0,0,0,0,0,0,1,1,0,1,RT,0,0,0,Basic,Casting,2,Standard,14,0.77,11,Generic-India,Domestic,0.97,711385
V00463,Slurry,45.39,109.1,17.26,220.6,ISO Class II,None,0,0,0,Globe,10,250,600,Full bore,Flanged,ASME B16.10,CS/WCB,Carbon steel,Stellite hardfaced,ENP (Electroless Nickel),Metal seat,0,0,0,0.2,0.2,0.1,0.25,Manual,N/A,0,0,0,0,0,0,0,0,0,1,1,0,1,PT+MT,0,0,0,Standard,Forging,3,Standard,8,0.39,9,MidTier-India,Domestic,0.74,444520
V00464,Natural Gas,30.32,199.1,1.84,325.6,ISO Class IV,None,0,0,0,Butterfly,16,400,300,Full bore,Wafer,API 6D,CS/WCB,Carbon steel,SS410,None,Metal seat,0,0,0,0.2,0.2,0.1,0.25,Manual,N/A,0,0,0,0,0,0,0,0,0,1,1,0,0,None,0,0,0,Standard,Casting,3,Standard,7,0.7,13,Imported-Standard,Import,0.69,227290
V00465,Water,122.43,49.9,4.06,687.4,ISO Class VI,None,0,0,0,Ball,14,350,1500,Full bore,Flanged,ASME B16.10,CS/WCB,Carbon steel,Stellite hardfaced,None,PTFE,0,0,0,0.2,0.2,0.1,0.25,Manual,N/A,0,0,0,1,0,0,0,0,0,1,1,0,1,None,1,0,0,Basic,Casting,4,Tight,12,0.71,13,Generic-India,Domestic,0.73,883471
V00466,Water,91.1,68.8,0.56,204.1,ISO Class III,None,0,0,0,Butterfly,10,250,900,Full bore,Lug,ASME B16.10,A105,Carbon steel,SS316,None,PTFE,0,0,0,0.2,0.1,0.05,0.2,Pneumatic,Fail-open,1,0,1,1,0,0,1,1,1,1,1,1,0,UT,0,0,0,Basic,Forging,1,Standard,11,0.75,17,MidTier-India,Domestic,0.46,761719
V00467,Water,187.17,54.2,24.57,31.5,ISO Class II,None,0,0,0,Ball,1.5,40,2500,Full bore,Butt-weld,ISO 5752,CS/WCB,Carbon steel,Duplex 2205,None,Elastomer (NBR/EPDM),0,0,0,0.2,0.2,0.1,0.25,Manual,N/A,0,0,0,0,0,0,0,0,0,1,1,1,1,MT,0,0,1,Standard,Forging,2,Tight,11,0.95,16,Imported-Standard,Import,0.59,278779
V00468,Air,94.28,25.3,13.54,200.3,ISO Class III,None,0,0,0,Ball,12,300,900,Full bore,Flanged,API 6D,SS304,Stainless steel,Alloy 20,Stellite,Elastomer (NBR/EPDM),0,0,0,18,8,0.3,0.07,Pneumatic,Fail-open,1,0,1,1,0,0,1,1,1,1,1,1,1,None,1,0,0,Standard,Casting,5,Tight,9,0.4,12,Generic-India,Domestic,0.88,2187244
V00469,Natural Gas,12.9,60.5,0.7,12.2,ISO Class IV,None,0,0,0,Needle,0.5,15,150,Reduced port,Flanged,ASME B16.10,CS/WCB,Carbon steel,SS316,None,PTFE,1,0,0,0.2,0.2,0.1,0.25,Manual,N/A,0,0,0,0,0,0,0,0,0,1,1,0,1,None,0,1,0,Full (EN10204 3.1 + QAP/ITP),Casting,3,Standard,7,0.87,10,Imported-Standard,Import,0.4,22626
V00470,Water,13.76,17,1.11,79.9,ISO Class III,None,0,0,0,Check,1,25,300,Full bore,Flanged,ISO 5752,CS/WCB,Carbon steel,Duplex 2205,None,Metal seat,0,0,0,0.2,0.2,0.1,0.25,Electric,Fail-in-place,0,1,0,1,0,0,0,0,0,1,1,0,0,UT+RT,0,0,0,Full (EN10204 3.1 + QAP/ITP),Casting,4,Standard,3,0.35,18,MidTier-India,Domestic,0.73,125075
V00471,Air,7.44,58.8,2.8,32.1,ISO Class II,None,0,0,0,Needle,1.5,40,150,Reduced port,Flanged,ASME B16.10,A105,Carbon steel,Alloy 20,None,Elastomer (NBR/EPDM),0,0,0,0.2,0.1,0.05,0.2,Manual,N/A,0,0,0,0,0,0,0,0,0,1,0,0,0,None,1,0,0,Standard,Casting,2,Standard,8,0.79,14,Generic-India,Domestic,0.94,32411
V00472,Natural Gas,15.86,258.4,0.69,202.9,ISO Class VI,None,0,0,0,Check,8,200,300,Full bore,Flanged,ASME B16.10,CS/WCB,Carbon steel,SS316,None,Metal seat,0,0,0,0.2,0.2,0.1,0.25,Manual,N/A,0,0,0,0,0,0,0,0,0,1,1,0,0,None,0,1,0,Standard,Forging,3,Tight,8,0.67,14,Generic-India,Domestic,0.74,221399
V00473,Water,2.39,97,0.17,255.2,ISO Class I,None,0,0,0,Butterfly,6,150,150,Reduced port,Wafer,ASME B16.10,CS/WCB,Carbon steel,Duplex 2205,Stellite,PTFE,0,0,0,0.2,0.2,0.1,0.25,Gearbox,N/A,0,0,0,0,1,0,0,0,0,1,1,1,0,UT,0,0,1,Standard,Casting,1,Tight,7,0.64,21,Generic-India,Domestic,0.63,116738
V00474,Steam,183.99,192.8,39.22,156.7,ISO Class VI,None,0,0,0,Control,4,100,2500,Full bore,Socket-weld,ISO 5752,SS316,Stainless steel,Stellite hardfaced,ENP (Electroless Nickel),Metal seat,0,0,0,17,12,2.5,0.06,Pneumatic,Fail-in-place,1,1,1,1,0,1,1,1,0,1,1,0,0,MT,1,1,0,Standard,Forging,2,Tight,8,0.59,16,MidTier-India,Domestic,0.43,2057567
V00475,Corrosive (Acid),19.11,29.1,8.22,86.4,ISO Class V,Anti-cavitation trim,1,1,0,Control,3,80,600,Full bore,Flanged,API 6D,Duplex 2205,Duplex SS,Duplex 2205,ENP (Electroless Nickel),Metal seat,0,1,0,22,5.5,3,0.03,Pneumatic,Fail-open,0,1,1,1,0,1,1,0,0,1,1,0,0,None,1,0,0,Standard,Casting,5,Tight,9,0.58,20,Imported-Premium,Import,0.48,1897785
V00476,Natural Gas,101.52,68.4,8.27,453.4,ISO Class II,None,0,0,0,Ball,16,400,900,Full bore,Butt-weld,ASME B16.10,A105,Carbon steel,Nickel Alloy 625,ENP (Electroless Nickel),PTFE,0,0,0,0.2,0.1,0.05,0.2,Gearbox,N/A,0,0,1,0,0,0,0,0,0,1,0,0,1,MT,0,0,0,Standard,Casting,3,Standard,14,0.51,13,Imported-Premium,Domestic,0.98,1007102
V00477,Hydrocarbon,66.42,83,14.38,21.5,ISO Class IV,None,0,0,0,Globe,1.5,40,900,Full bore,Wafer,ASME B16.10,CS/WCB,Carbon steel,Nickel Alloy 625,None,PTFE,0,0,0,0.2,0.2,0.1,0.25,Manual,N/A,0,1,0,0,0,0,0,0,0,1,1,0,1,PT+MT,0,0,0,Standard,Forging,4,Standard,10,0.78,10,MidTier-India,Domestic,0.77,97467
V00478,Hydrocarbon,9.31,270.7,2.46,24.7,ISO Class V,None,0,0,0,Globe,1.5,40,150,Full bore,Flanged,ISO 5752,SS316,Stainless steel,Nickel Alloy 625,Stellite,PEEK,1,1,0,17,12,2.5,0.06,Manual,N/A,0,0,0,0,0,0,0,0,0,1,1,0,0,PT,1,0,0,Standard,Casting,3,Tight,4,0.58,9,Generic-India,Domestic,0.66,119779
V00479,Corrosive (Acid),12.43,106.1,0.17,205.4,ISO Class VI,None,0,0,0,Check,8,200,150,Reduced port,Flanged,ISO 5752,SS316,Stainless steel,Stellite hardfaced,None,PEEK,0,0,0,17,12,2.5,0.06,Manual,N/A,0,0,0,0,1,0,0,0,0,1,1,0,0,PT+MT,1,0,0,Standard,Casting,3,Tight,6,0.69,16,Generic-India,Domestic,0.68,266953
V00480,Natural Gas,128.01,108,54.65,729.8,ISO Class III,None,0,0,0,Globe,24,600,900,Full bore,Flanged,ISO 5752,CS/WCB,Carbon steel,SS316,ENP (Electroless Nickel),Metal seat,1,0,0,0.2,0.2,0.1,0.25,Manual,N/A,0,0,1,0,0,0,0,0,0,1,1,0,0,None,0,0,0,Basic,Casting,1,Tight,5,0.62,10,Generic-India,Domestic,0.73,1154792
V00481,Slurry,79.14,69.2,4.22,179.6,ISO Class V,None,0,0,0,Check,14,350,600,Full bore,Flanged,ASME B16.10,CS/WCB,Carbon steel,Nickel Alloy 625,None,Metal seat,0,0,1,0.2,0.2,0.1,0.25,Manual,N/A,0,0,0,0,0,0,0,0,0,1,1,0,0,UT,0,0,0,Full (EN10204 3.1 + QAP/ITP),Forging,3,Tight,8,0.74,25,Generic-India,Domestic,0.98,530374
V00482,Natural Gas,19.22,84.1,4.53,76.2,ISO Class II,None,0,0,0,Control,4,100,300,Reduced port,Flanged,API 6D,CS/WCB,Carbon steel,Duplex 2205,None,PTFE,0,0,0,0.2,0.2,0.1,0.25,Pneumatic,Fail-close,1,1,1,1,0,1,1,0,0,1,1,0,0,UT+RT,0,0,0,Standard,Casting,5,Tight,9,0.59,26,Imported-Premium,Import,0.09,672412
V00483,Oxygen,30.63,69.2,1.83,142.6,ISO Class VI,None,0,0,0,Butterfly,3,80,300,Full bore,Lug,ASME B16.10,SS316,Stainless steel,SS316,Stellite,PTFE,0,1,0,17,12,2.5,0.06,Manual,N/A,0,0,0,0,0,0,0,0,0,1,1,0,0,UT,0,1,0,Basic,Casting,3,Tight,4,0.55,20,Generic-India,Domestic,0.98,150633
V00484,Hydrocarbon,125.34,194,44.19,18.2,ISO Class II,None,0,0,0,Globe,1,25,900,Reduced port,Lug,ISO 5752,SS316,Stainless steel,SS316,None,Elastomer (NBR/EPDM),0,1,0,17,12,2.5,0.06,Pneumatic,Fail-in-place,0,0,1,1,0,0,1,1,0,1,1,0,1,None,0,0,0,Standard,Forging,5,Standard,10,0.67,11,MidTier-India,Domestic,0.8,163937
V00485,Steam,172.37,162.8,52.67,208.3,ISO Class IV,None,0,0,0,Globe,10,250,1500,Full bore,Butt-weld,ASME B16.10,CS/WCB,Carbon steel,SS316,ENP (Electroless Nickel),Metal seat,0,0,0,0.2,0.2,0.1,0.25,Pneumatic,Fail-close,0,0,1,1,0,0,1,1,0,1,1,0,0,RT,0,0,0,Basic,Casting,3,Tight,11,0.7,23,Imported-Standard,Import,0.56,1652779
V00486,Natural Gas,10.36,179.1,1.53,67.6,ISO Class V,None,0,0,0,Ball,3,80,150,Full bore,Socket-weld,MSS SP-97,A105,Carbon steel,Stellite hardfaced,None,Metal seat,0,0,0,0.2,0.1,0.05,0.2,Manual,N/A,0,0,0,0,0,0,0,0,0,1,0,1,0,PT+MT,0,0,1,Full (EN10204 3.1 + QAP/ITP),Forging,3,Tight,3,0.85,24,MidTier-India,Domestic,0.77,76561
V00487,Slurry,280.33,32.9,42.19,124.5,ISO Class I,None,0,0,0,Control,4,100,2500,Full bore,Lug,API 6D,A105,Carbon steel,Alloy 20,None,Metal seat,0,0,0,0.2,0.1,0.05,0.2,Pneumatic,Fail-close,0,1,1,1,0,1,1,1,0,1,1,0,1,MT,0,0,0,Full (EN10204 3.1 + QAP/ITP),Forging,4,Tight,9,0.74,19,Generic-India,Domestic,0.53,1202522
V00488,Steam,62.33,209.3,2.37,212,ISO Class V,None,0,0,0,Control,6,150,600,Reduced port,Flanged,API 6D,CS/WCB,Carbon steel,Nickel Alloy 625,None,PEEK,0,0,0,0.2,0.2,0.1,0.25,Pneumatic,Fail-close,1,1,1,1,0,1,1,1,0,1,1,0,0,RT,0,0,0,Full (EN10204 3.1 + QAP/ITP),Casting,2,Tight,7,0.65,23,Imported-Premium,Import,0.52,1160043
V00489,Slurry,167.17,65.9,0.2,48.6,ISO Class V,None,0,0,0,Control,1,25,1500,Full bore,Flanged,API 6D,SS316,Stainless steel,Nickel Alloy 625,None,PTFE,0,0,0,17,12,2.5,0.06,Electric,Fail-close,1,0,1,1,0,0,0,0,0,1,0,0,0,MT,0,0,1,Full (EN10204 3.1 + QAP/ITP),Forging,2,Tight,14,0.77,23,MidTier-India,Domestic,0.92,365499
V00490,Hydrocarbon,54.89,80.5,8.15,581,ISO Class IV,None,0,0,0,Globe,20,500,600,Full bore,Butt-weld,ASME B16.10,CS/WCB,Carbon steel,Stellite hardfaced,None,Metal seat,0,0,0,0.2,0.2,0.1,0.25,Pneumatic,Fail-close,0,0,1,1,0,0,1,1,0,1,1,0,1,PT,0,0,0,Standard,Casting,4,Standard,7,0.81,14,Generic-India,Domestic,0.57,1268969
V00491,Natural Gas,25.3,71.2,7.95,27.1,ISO Class II,None,0,0,0,Control,1,25,300,Full bore,Flanged,API 6D,CS/WCB,Carbon steel,Stellite hardfaced,Stellite,Elastomer (NBR/EPDM),0,0,0,0.2,0.2,0.1,0.25,Electric,Fail-close,1,0,0,1,0,0,0,0,0,1,1,0,0,PT,0,0,0,Basic,Casting,2,Tight,3,0.77,19,Imported-Standard,Import,0.4,190123
V00492,Water,49.15,14.7,24.63,56.5,ISO Class IV,Low-noise trim,0,1,1,Control,2,50,900,Full bore,Flanged,ISO 5752,A105,Carbon steel,Stellite hardfaced,Stellite,PTFE,0,0,0,0.2,0.1,0.05,0.2,Pneumatic,Fail-close,1,1,1,1,0,1,1,1,0,1,1,0,0,None,1,0,0,Standard,Forging,3,Tight,5,0.66,13,Generic-India,Domestic,0.59,652047
V00493,Water,48.74,23.9,2.65,80.4,ISO Class V,None,0,0,0,Butterfly,8,200,600,Reduced port,Wafer,ISO 5752,CS/WCB,Carbon steel,Stellite hardfaced,Stellite,Metal seat,0,0,0,0.2,0.2,0.1,0.25,Manual,N/A,0,0,0,0,0,0,0,0,0,1,1,0,1,None,0,0,0,Standard,Casting,3,Tight,7,0.82,5,Imported-Standard,Domestic,0.98,332770
V00494,Hydrocarbon,79.09,116.3,11.14,135.1,ISO Class I,None,0,0,0,Ball,8,200,600,Reduced port,Flanged,ASME B16.10,SS304,Stainless steel,Duplex 2205,None,PEEK,1,0,0,18,8,0.3,0.07,Gearbox,N/A,0,0,1,0,0,0,0,0,0,1,1,0,0,None,0,0,0,Standard,Casting,4,Standard,6,0.52,8,Imported-Standard,Domestic,0.75,805788
V00495,Steam,11.74,111.5,0.2,161.7,ISO Class IV,None,0,0,0,Control,4,100,150,Full bore,Flanged,ASME B16.10,A105,Carbon steel,SS316,None,Metal seat,0,0,0,0.2,0.1,0.05,0.2,Pneumatic,Fail-open,0,1,1,1,0,1,1,0,0,1,1,0,0,None,0,0,0,Standard,Casting,5,Tight,5,0.72,26,Imported-Standard,Import,0.41,470820
V00496,Water,76.21,31.7,6.24,194.9,ISO Class I,None,0,0,0,Ball,6,150,600,Full bore,Flanged,ISO 5752,A105,Carbon steel,Alloy 20,ENP (Electroless Nickel),Metal seat,0,0,0,0.2,0.1,0.05,0.2,Gearbox,N/A,0,0,1,0,0,0,0,0,0,1,1,0,0,PT,1,0,0,Standard,Casting,3,Standard,7,0.73,14,Generic-India,Domestic,0.54,440602
V00497,Water,19.09,44.5,3.93,283.4,ISO Class VI,None,0,0,0,Control,10,250,300,Full bore,Flanged,ISO 5752,A105,Carbon steel,SS316,None,Metal seat,0,0,0,0.2,0.1,0.05,0.2,Gearbox,N/A,0,0,0,0,0,0,0,0,0,1,1,0,0,None,0,0,0,Standard,Casting,2,Tight,11,0.64,25,MidTier-India,Domestic,0.74,632015
V00498,Steam,9.5,294.3,2.43,231.3,ISO Class V,Low-noise trim,0,1,0,Globe,8,200,150,Reduced port,Flanged,ASME B16.10,CS/WCB,Carbon steel,Stellite hardfaced,ENP (Electroless Nickel),PEEK,0,0,0,0.2,0.2,0.1,0.25,Manual,N/A,0,0,0,0,0,0,0,0,0,1,1,1,1,None,0,0,0,Basic,Casting,3,Tight,11,0.64,9,MidTier-India,Domestic,0.62,203332
V00499,Natural Gas,78.07,169.7,34.8,142.1,ISO Class VI,Anti-cavitation trim,1,1,0,Control,8,200,900,Reduced port,Flanged,ASME B16.10,Bronze,Copper alloy,Duplex 2205,ENP (Electroless Nickel),Metal seat,1,0,0,0.2,0.8,0.1,0.02,Manual,N/A,0,0,0,0,0,0,0,0,0,1,1,0,0,UT+RT,0,0,0,Standard,Casting,3,Tight,4,0.95,24,Generic-India,Domestic,0.85,839733
V00500,Water,28.04,62.7,1.82,212.6,ISO Class V,None,0,0,0,Gate,4,100,300,Reduced port,Threaded,API 6D,CS/WCB,Carbon steel,Alloy 20,Stellite,Metal seat,0,0,0,0.2,0.2,0.1,0.25,Manual,N/A,0,0,0,0,0,0,0,0,0,1,1,1,1,UT,0,0,0,Standard,Casting,5,Tight,5,0.6,10,MidTier-India,Domestic,0.98,189177
V00501,Air,134.03,50.9,4.16,488.8,ISO Class I,None,0,0,0,Ball,10,250,1500,Reduced port,Flanged,MSS SP-97,CS/WCB,Carbon steel,SS316,ENP (Electroless Nickel),Metal seat,0,0,0,0.2,0.2,0.1,0.25,Manual,N/A,0,0,1,0,0,0,0,0,0,1,1,0,0,PT+MT,0,0,0,Basic,Casting,3,Standard,9,0.7,13,MidTier-India,Domestic,0.75,804109
V00502,Water,43.16,64.6,15.99,23.3,ISO Class II,Low-noise trim,0,1,1,Control,1,25,300,Reduced port,Flanged,ASME B16.10,CS/WCB,Carbon steel,Duplex 2205,ENP (Electroless Nickel),PTFE,0,0,0,0.2,0.2,0.1,0.25,Electric,Fail-close,0,0,1,1,0,0,0,0,0,1,0,0,0,PT,0,1,0,Full (EN10204 3.1 + QAP/ITP),Casting,3,Tight,10,0.74,14,MidTier-India,Domestic,0.68,134544
V00503,Hydrocarbon,46.73,223.7,5.08,607.5,ISO Class V,None,0,0,0,Ball,10,250,600,Full bore,Flanged,ASME B16.10,CS/WCB,Carbon steel,Stellite hardfaced,None,Metal seat,0,0,0,0.2,0.2,0.1,0.25,Manual,N/A,0,0,0,0,0,0,0,0,0,1,1,0,0,UT+RT,0,1,0,Basic,Casting,3,Tight,8,0.61,14,Generic-India,Domestic,0.75,374470
V00504,Water,8.6,41.9,0.9,40.3,ISO Class VI,None,0,0,0,Check,1,25,150,Reduced port,Flanged,ASME B16.10,CS/WCB,Carbon steel,Alloy 20,None,Elastomer (NBR/EPDM),0,0,0,0.2,0.2,0.1,0.25,Manual,N/A,0,0,0,0,1,0,0,0,0,1,1,1,0,None,0,0,1,Full (EN10204 3.1 + QAP/ITP),Casting,2,Tight,9,0.7,5,Generic-India,Domestic,0.65,32526
V00505,Slurry,12.61,63.4,6.15,114.9,ISO Class IV,Low-noise trim,0,1,0,Control,6,150,300,Full bore,Flanged,ASME B16.10,SS316,Stainless steel,SS316,ENP (Electroless Nickel),PTFE,0,1,1,17,12,2.5,0.06,Gearbox,N/A,0,0,0,1,0,0,0,0,0,1,1,0,0,UT,1,1,0,Standard,Forging,4,Tight,4,0.92,23,Imported-Standard,Import,0.55,895322
V00506,Hydrocarbon,60.04,74.7,19.47,120.6,ISO Class V,None,0,0,0,Control,6,150,900,Reduced port,Threaded,ASME B16.10,A105,Carbon steel,SS316,ENP (Electroless Nickel),PTFE,0,0,0,0.2,0.1,0.05,0.2,Pneumatic,Fail-open,1,1,1,1,0,1,1,1,0,1,1,0,1,UT+RT,1,1,0,Standard,Forging,2,Tight,8,0.54,30,Imported-Standard,Domestic,0.79,1007510
V00507,Corrosive (Acid),21.64,0,1.84,107,ISO Class VI,None,0,0,0,Control,3,80,300,Reduced port,Flanged,ASME B16.10,Duplex 2205,Duplex SS,SS316,Stellite,PTFE,0,1,0,22,5.5,3,0.03,Electric,Fail-close,0,0,0,1,1,0,0,0,0,1,1,0,0,PT+MT,1,1,0,Standard,Casting,5,Tight,15,0.67,17,Generic-India,Domestic,0.98,631655
V00508,Steam,47.47,303.6,0.2,19.8,ISO Class IV,None,0,0,0,Control,1,25,300,Reduced port,Socket-weld,ISO 5752,A105,Carbon steel,SS410,None,Metal seat,0,0,0,0.2,0.1,0.05,0.2,Electric,Fail-close,1,0,0,1,0,0,0,0,0,1,1,0,0,UT,1,0,0,Standard,Casting,3,Tight,8,0.71,38,Imported-Standard,Import,0.38,164781
V00509,Corrosive (Acid),10.44,85.5,0.97,51.9,ISO Class VI,None,0,0,0,Control,2,50,150,Reduced port,Flanged,ISO 5752,SS316,Stainless steel,SS316,Stellite,PEEK,0,1,0,17,12,2.5,0.06,Pneumatic,Fail-in-place,1,1,1,1,0,1,1,0,0,1,1,0,0,MT,1,1,0,Full (EN10204 3.1 + QAP/ITP),Casting,5,Tight,9,0.79,26,Imported-Premium,Import,0.49,557326
V00510,Water,34.59,35,7.51,27.3,ISO Class V,None,0,0,0,Globe,1,25,600,Full bore,Threaded,ISO 5752,CS/WCB,Carbon steel,SS316,Stellite,Metal seat,0,0,0,0.2,0.2,0.1,0.25,Pneumatic,Fail-open,1,0,1,1,0,0,1,0,0,1,1,0,0,PT,0,0,0,Basic,Casting,2,Tight,5,0.58,6,Generic-India,Domestic,0.7,106192
V00511,Natural Gas,18.87,92.4,0.05,310.8,ISO Class V,None,0,0,0,Butterfly,8,200,300,Full bore,Wafer,ASME B16.10,SS304,Stainless steel,Stellite hardfaced,Stellite,Metal seat,0,0,0,18,8,0.3,0.07,Manual,N/A,0,1,0,0,1,0,0,0,0,1,1,0,1,None,1,0,1,Standard,Casting,4,Tight,6,0.67,17,Imported-Premium,Domestic,0.61,471904
V00512,Water,195.17,72.1,22.66,298,ISO Class III,None,0,0,0,Butterfly,6,150,1500,Full bore,Flanged,ISO 5752,CS/WCB,Carbon steel,Duplex 2205,Tungsten carbide,PTFE,0,0,0,0.2,0.2,0.1,0.25,Manual,N/A,0,1,0,0,0,0,0,0,0,1,1,0,0,UT+RT,1,0,0,Standard,Forging,1,Tight,14,0.84,16,MidTier-India,Domestic,0.76,394327
V00513,Natural Gas,62.84,98.2,23.89,172.2,ISO Class III,None,0,0,0,Globe,12,300,600,Reduced port,Flanged,ASME B16.10,A105,Carbon steel,SS316,ENP (Electroless Nickel),Metal seat,0,0,0,0.2,0.1,0.05,0.2,Electric,Fail-close,0,0,0,1,0,0,0,0,0,1,1,0,1,PT+MT,0,0,0,Full (EN10204 3.1 + QAP/ITP),Casting,2,Tight,14,0.64,13,MidTier-India,Domestic,0.57,873368
V00514,Slurry,63.87,54.4,24.1,78.3,ISO Class II,Low-noise trim,0,1,1,Control,4,100,900,Reduced port,Flanged,ISO 5752,A105,Carbon steel,Stellite hardfaced,Stellite,Metal seat,0,0,1,0.2,0.1,0.05,0.2,Electric,Fail-in-place,0,1,0,1,0,0,0,0,0,1,1,0,0,RT,1,0,1,Standard,Forging,5,Tight,10,0.85,23,Premium-India,Domestic,0.98,1197681
V00515,Hydrocarbon,62.06,58.7,4.6,1493.4,ISO Class V,None,0,0,0,Butterfly,24,600,600,Reduced port,Wafer,ASME B16.10,CS/WCB,Carbon steel,Stellite hardfaced,None,PEEK,0,0,0,0.2,0.2,0.1,0.25,Manual,N/A,0,0,0,0,0,0,0,0,0,1,1,0,1,UT,0,0,0,Full (EN10204 3.1 + QAP/ITP),Forging,5,Tight,12,0.81,8,Premium-India,Domestic,0.85,547967
V00516,Water,28.79,56,3.21,36.9,ISO Class VI,None,0,0,0,Ball,0.75,20,600,Full bore,Flanged,ASME B16.10,CS/WCB,Carbon steel,Duplex 2205,Stellite,Metal seat,0,0,0,0.2,0.2,0.1,0.25,Manual,N/A,0,0,0,0,0,0,0,0,0,1,1,0,0,PT+MT,0,0,0,Standard,Casting,4,Tight,10,0.6,13,Premium-India,Domestic,0.45,65885
V00517,Oxygen,34.85,17.4,4.61,647.1,ISO Class V,None,0,0,0,Butterfly,12,300,300,Reduced port,Wafer,ASME B16.10,SS304,Stainless steel,Duplex 2205,Stellite,PEEK,0,0,0,18,8,0.3,0.07,Manual,N/A,0,0,0,0,0,0,0,0,0,1,1,0,0,None,1,0,0,Basic,Forging,2,Tight,10,0.64,5,Premium-India,Domestic,0.77,366161
V00518,Air,72.03,99.4,0.05,58.4,ISO Class VI,None,0,0,0,Gate,1.5,40,900,Reduced port,Flanged,MSS SP-97,A105,Carbon steel,Duplex 2205,None,Metal seat,0,0,0,0.2,0.1,0.05,0.2,Gearbox,N/A,0,1,0,0,0,0,0,0,0,1,1,0,0,RT,1,0,0,Basic,Forging,2,Tight,11,0.76,16,MidTier-India,Domestic,0.56,132230
V00519,Corrosive (Acid),36.56,168.5,3.98,43.7,ISO Class VI,None,0,0,0,Check,2,50,300,Reduced port,Socket-weld,ISO 5752,SS316,Stainless steel,Stellite hardfaced,None,PTFE,0,0,0,17,12,2.5,0.06,Gearbox,N/A,0,0,0,0,0,0,0,0,0,1,1,0,0,PT,0,0,0,Standard,Casting,3,Tight,15,0.73,21,Generic-India,Domestic,0.6,112059
V00520,Hydrocarbon,168.69,147.8,22.78,28.2,ISO Class V,Low-noise trim,0,1,0,Needle,1.5,40,1500,Reduced port,Flanged,ASME B16.10,Duplex 2205,Duplex SS,Alloy 20,None,PTFE,0,1,0,22,5.5,3,0.03,Electric,Fail-open,1,0,1,1,0,0,0,0,0,1,1,1,0,PT+MT,0,0,0,Standard,Forging,5,Tight,14,0.94,15,Premium-India,Domestic,0.69,713730
V00521,Slurry,12.89,30.5,0.23,572.1,ISO Class V,None,0,0,0,Gate,14,350,150,Full bore,Flanged,API 6D,A105,Carbon steel,Nickel Alloy 625,Tungsten carbide,PTFE,0,0,0,0.2,0.1,0.05,0.2,Manual,N/A,0,0,0,0,0,0,0,0,0,1,1,0,0,MT,0,1,0,Standard,Casting,3,Tight,8,0.85,18,Generic-India,Domestic,0.98,211138
V00522,Hydrocarbon,30.38,168.6,0.05,292.7,ISO Class I,None,0,0,0,Butterfly,12,300,300,Full bore,Flanged,ASME B16.10,CS/WCB,Carbon steel,Duplex 2205,None,Metal seat,0,0,0,0.2,0.2,0.1,0.25,Pneumatic,Fail-close,1,0,1,1,0,0,1,1,1,1,1,0,0,UT+RT,0,1,0,Standard,Casting,2,Standard,8,0.92,24,Generic-India,Domestic,0.59,544542
V00523,Corrosive (Acid),12.36,99.4,3.83,13.9,ISO Class III,None,0,0,0,Needle,0.5,15,150,Reduced port,Butt-weld,ASME B16.10,Duplex 2205,Duplex SS,Duplex 2205,None,PEEK,0,0,0,22,5.5,3,0.03,Pneumatic,Fail-open,0,0,1,1,0,0,1,0,0,1,1,0,0,None,1,0,0,Basic,Casting,5,Standard,14,0.59,18,MidTier-India,Domestic,0.93,75330
V00524,Natural Gas,38.44,133.2,10.76,78.3,ISO Class III,None,0,0,0,Control,3,80,300,Full bore,Butt-weld,ASME B16.10,SS316,Stainless steel,Stellite hardfaced,None,Metal seat,0,1,0,17,12,2.5,0.06,Electric,Fail-open,1,0,0,1,0,0,0,0,0,1,1,1,1,PT,0,0,0,Full (EN10204 3.1 + QAP/ITP),Casting,2,Tight,8,0.64,16,Imported-Standard,Import,0.43,579627
V00525,Hydrocarbon,190.54,140.7,26.58,33.9,ISO Class II,None,0,0,0,Ball,1.5,40,2500,Reduced port,Threaded,ISO 5752,SS304,Stainless steel,Stellite hardfaced,None,Metal seat,0,0,0,18,8,0.3,0.07,Manual,N/A,0,0,0,0,0,0,0,0,0,1,1,1,0,PT,1,1,0,Standard,Forging,3,Tight,13,0.49,14,Imported-Premium,Domestic,0.66,368197
V00526,Hydrocarbon,117.23,129.6,22.91,283.1,ISO Class IV,None,0,0,0,Butterfly,10,250,1500,Full bore,Wafer,ASME B16.10,A105,Carbon steel,Stellite hardfaced,None,PTFE,0,0,0,0.2,0.1,0.05,0.2,Electric,Fail-close,1,0,0,1,0,0,0,0,0,1,1,0,0,None,1,0,0,Basic,Casting,3,Standard,19,0.94,14,Generic-India,Domestic,0.98,682446
V00527,Steam,92.61,216.1,3.94,33.9,ISO Class III,None,0,0,0,Ball,1,25,900,Full bore,Flanged,ASME B16.10,A105,Carbon steel,SS316,None,Metal seat,0,0,0,0.2,0.1,0.05,0.2,Pneumatic,Fail-close,0,0,1,1,0,0,1,1,0,1,1,0,1,PT+MT,0,0,0,Standard,Forging,4,Standard,8,0.68,13,MidTier-India,Domestic,0.95,231323
V00528,Air,21.93,33.3,6.73,256,ISO Class V,None,0,0,0,Control,6,150,300,Full bore,Flanged,ASME B16.10,A105,Carbon steel,SS316,Stellite,Metal seat,0,0,0,0.2,0.1,0.05,0.2,Electric,Fail-close,1,0,1,1,1,0,0,0,0,1,1,0,0,MT,0,0,1,Full (EN10204 3.1 + QAP/ITP),Casting,5,Tight,4,0.69,15,Imported-Standard,Import,0.31,1189433
V00529,Hydrocarbon,29.98,6.7,0.91,298.2,ISO Class II,None,0,0,0,Butterfly,8,200,600,Reduced port,Wafer,API 6D,CS/WCB,Carbon steel,Alloy 20,Tungsten carbide,Metal seat,0,0,0,0.2,0.2,0.1,0.25,Manual,N/A,0,0,0,0,0,0,0,0,0,1,1,1,0,PT+MT,0,0,0,Standard,Forging,4,Standard,9,0.86,5,Premium-India,Domestic,0.98,279559
V00530,Natural Gas,173.83,27.4,43.59,271.6,ISO Class III,None,0,0,0,Globe,10,250,1500,Full bore,Flanged,ASME B16.10,CS/WCB,Carbon steel,SS316,Tungsten carbide,PTFE,0,0,0,0.2,0.2,0.1,0.25,Pneumatic,Fail-open,1,1,1,1,0,0,1,1,1,1,1,1,0,None,1,0,0,Standard,Casting,4,Standard,7,0.59,17,Imported-Standard,Import,0.47,2465467
V00531,Slurry,46.28,87.8,21.02,21.1,ISO Class IV,None,0,0,0,Globe,1.5,40,600,Reduced port,Wafer,ASME B16.10,A105,Carbon steel,Alloy 20,None,Metal seat,0,0,1,0.2,0.1,0.05,0.2,Pneumatic,Fail-close,1,0,1,1,0,0,1,0,0,1,0,0,1,PT+MT,1,0,0,Basic,Forging,4,Standard,11,0.69,8,Imported-Standard,Import,0.49,155031
V00532,Water,79.24,49,9.74,98.8,ISO Class II,None,0,0,0,Butterfly,4,100,900,Reduced port,Wafer,ISO 5752,SS304,Stainless steel,SS316,None,PTFE,0,0,0,18,8,0.3,0.07,Pneumatic,Fail-close,1,0,1,1,0,0,1,1,0,1,1,0,0,None,1,0,0,Standard,Forging,2,Standard,8,0.84,25,Generic-India,Domestic,0.45,396029
V00533,Water,6.73,75.5,0.16,580.2,ISO Class I,None,0,0,0,Butterfly,24,600,150,Full bore,Wafer,ASME B16.10,CS/WCB,Carbon steel,Stellite hardfaced,Stellite,PTFE,0,0,0,0.2,0.2,0.1,0.25,Manual,N/A,0,0,0,0,0,0,0,0,0,1,0,0,0,None,0,0,0,Standard,Casting,2,Tight,8,0.76,16,Imported-Standard,Import,0.35,253421
V00534,Air,12.94,48.7,5.49,117.1,ISO Class IV,None,0,0,0,Globe,6,150,150,Full bore,Flanged,ASME B16.10,SS316,Stainless steel,Duplex 2205,ENP (Electroless Nickel),Elastomer (NBR/EPDM),0,1,0,17,12,2.5,0.06,Manual,N/A,0,0,0,0,0,0,0,0,0,1,1,0,0,None,0,0,1,Basic,Casting,1,Standard,8,0.88,15,Imported-Standard,Import,0.32,198429
V00535,Steam,132.56,158.2,4.84,677.2,ISO Class V,None,0,0,0,Check,16,400,900,Reduced port,Flanged,API 6D,SS304,Stainless steel,SS316,Stellite,Metal seat,0,0,0,18,8,0.3,0.07,Manual,N/A,0,0,0,0,0,0,0,0,0,1,0,0,0,PT,0,0,0,Full (EN10204 3.1 + QAP/ITP),Casting,1,Tight,12,0.79,18,Generic-India,Domestic,0.86,859313
V00536,Slurry,6.81,55.8,0.71,177.8,ISO Class VI,None,0,0,0,Control,6,150,150,Full bore,Wafer,ASME B16.10,CS/WCB,Carbon steel,SS316,None,Metal seat,0,0,1,0.2,0.2,0.1,0.25,Gearbox,N/A,0,0,1,0,0,0,0,0,0,0,1,0,0,UT,1,0,0,Full (EN10204 3.1 + QAP/ITP),Forging,5,Tight,12,0.76,24,Premium-India,Domestic,0.69,258516
V00537,Steam,32.4,196.8,3.12,121.9,ISO Class II,None,0,0,0,Check,6,150,300,Reduced port,Flanged,ISO 5752,CS/WCB,Carbon steel,Duplex 2205,Tungsten carbide,Metal seat,0,0,0,0.2,0.2,0.1,0.25,Manual,N/A,0,1,0,0,0,0,0,0,0,1,1,0,0,None,0,0,0,Standard,Casting,2,Standard,10,0.83,9,Generic-India,Domestic,0.88,166290
V00538,Hydrocarbon,56.4,219.2,7.24,749.7,ISO Class I,None,0,0,0,Butterfly,16,400,600,Reduced port,Wafer,ISO 5752,A105,Carbon steel,SS316,None,Metal seat,0,0,0,0.2,0.1,0.05,0.2,Manual,N/A,0,0,0,0,0,0,0,0,0,1,1,0,0,RT,1,0,0,Basic,Casting,5,Standard,6,0.6,10,Generic-India,Domestic,0.7,283222
V00539,Steam,9.74,187.3,1.24,153.5,ISO Class V,None,0,0,0,Butterfly,4,100,150,Reduced port,Wafer,ASME B16.10,CS/WCB,Carbon steel,Stellite hardfaced,None,Metal seat,0,0,0,0.2,0.2,0.1,0.25,Manual,N/A,0,0,0,0,0,0,0,0,0,1,1,0,0,None,0,0,0,Standard,Forging,2,Tight,10,0.81,10,Generic-India,Domestic,0.65,41188
V00540,Corrosive (Acid),18.04,42.9,1.52,256.8,ISO Class II,None,0,0,0,Ball,12,300,300,Full bore,Flanged,ISO 5752,SS316,Stainless steel,Alloy 20,None,Metal seat,0,1,0,17,12,2.5,0.06,Manual,N/A,0,0,1,0,0,0,0,0,0,1,1,0,0,UT+RT,0,0,0,Basic,Casting,2,Standard,4,0.74,16,Premium-India,Domestic,0.83,670836
V00541,Air,5.18,34.5,0.29,546.3,ISO Class V,None,0,0,0,Butterfly,20,500,150,Reduced port,Lug,API 6D,CS/WCB,Carbon steel,SS316,None,Elastomer (NBR/EPDM),0,0,0,0.2,0.2,0.1,0.25,Manual,N/A,0,0,0,0,0,0,0,0,0,1,1,1,0,PT+MT,0,0,1,Standard,Casting,3,Tight,12,0.82,9,Generic-India,Domestic,0.89,230174
V00542,Hydrocarbon,20.65,179.4,1.45,277.8,ISO Class IV,None,0,0,0,Butterfly,16,400,300,Full bore,Wafer,ASME B16.10,CS/WCB,Carbon steel,SS316,None,Metal seat,0,0,0,0.2,0.2,0.1,0.25,Manual,N/A,0,0,0,0,0,0,0,0,0,1,1,0,0,MT,1,1,0,Basic,Casting,4,Tight,9,0.69,14,Generic-India,Domestic,0.61,308691
V00543,Oxygen,10.3,45,1.04,272.7,ISO Class V,None,0,0,0,Butterfly,14,350,150,Reduced port,Flanged,ASME B16.10,SS316,Stainless steel,SS316,None,PEEK,0,0,0,17,12,2.5,0.06,Pneumatic,Fail-close,0,1,1,1,1,0,1,1,0,1,1,0,0,RT,1,0,1,Full (EN10204 3.1 + QAP/ITP),Casting,2,Tight,2,0.79,8,Generic-India,Domestic,0.78,778947
V00544,Oxygen,67.16,3.9,5.11,1111.1,ISO Class VI,None,0,0,0,Gate,16,400,600,Reduced port,Butt-weld,ASME B16.10,SS304,Stainless steel,Stellite hardfaced,Ceramic coating,Metal seat,0,0,0,18,8,0.3,0.07,Pneumatic,Fail-open,0,0,1,1,0,0,1,1,0,1,1,0,1,MT,0,0,0,Basic,Casting,5,Tight,11,0.76,9,Imported-Standard,Import,0.46,2341509
V00545,Natural Gas,12.37,75.7,0.86,105.8,ISO Class V,None,0,0,0,Gate,3,80,150,Full bore,Threaded,ASME B16.10,A105,Carbon steel,SS316,Stellite,Metal seat,0,0,0,0.2,0.1,0.05,0.2,Pneumatic,Fail-close,1,0,1,1,0,0,1,0,0,1,1,0,0,PT,1,0,0,Standard,Casting,3,Tight,9,0.65,7,Generic-India,Domestic,0.98,205836
V00546,Hydrocarbon,96.47,27.3,3.24,61.8,ISO Class V,None,0,0,0,Ball,1.5,40,900,Full bore,Flanged,ASME B16.10,Duplex 2205,Duplex SS,Stellite hardfaced,None,Metal seat,1,1,0,22,5.5,3,0.03,Manual,N/A,0,0,0,0,1,0,0,0,0,1,1,0,0,None,1,1,1,Standard,Forging,5,Tight,9,0.74,18,Generic-India,Domestic,0.68,243236
V00547,Natural Gas,33.75,198.7,2.53,59,ISO Class IV,None,0,0,0,Check,1.5,40,300,Reduced port,Flanged,ASME B16.10,CS/WCB,Carbon steel,SS316,Stellite,Metal seat,0,0,0,0.2,0.2,0.1,0.25,Hydraulic,Fail-close,1,0,0,0,0,0,0,0,0,1,1,0,0,MT,0,0,0,Full (EN10204 3.1 + QAP/ITP),Casting,2,Standard,5,0.84,16,MidTier-India,Domestic,0.85,155461
V00548,Hydrocarbon,36.73,81.4,10.05,20.5,ISO Class III,None,0,0,0,Needle,1,25,600,Full bore,Flanged,ASME B16.10,SS304,Stainless steel,Alloy 20,ENP (Electroless Nickel),PEEK,0,0,0,18,8,0.3,0.07,Pneumatic,Fail-close,1,1,1,1,0,0,1,0,0,1,0,0,0,PT+MT,0,1,0,Basic,Casting,4,Standard,7,0.6,14,Generic-India,Domestic,0.78,296254
V00549,Water,158.3,61.5,47.18,35.1,ISO Class IV,None,0,0,0,Control,1.5,40,1500,Full bore,Flanged,ASME B16.10,CS/WCB,Carbon steel,SS316,None,Metal seat,0,0,0,0.2,0.2,0.1,0.25,Pneumatic,Fail-open,1,1,1,1,0,1,1,1,0,1,1,0,1,RT,1,0,0,Standard,Forging,3,Tight,14,0.68,31,Imported-Standard,Import,0.44,731215
V00550,Oxygen,54.49,2.2,3.65,479.9,ISO Class V,None,0,0,0,Butterfly,14,350,600,Full bore,Wafer,ASME B16.10,SS316,Stainless steel,Nickel Alloy 625,ENP (Electroless Nickel),Metal seat,0,1,0,17,12,2.5,0.06,Electric,Fail-close,1,0,0,1,0,0,0,0,0,1,1,1,0,UT,0,1,0,Basic,Forging,3,Tight,9,0.83,11,Generic-India,Domestic,0.61,1252504
V00551,Steam,105.38,196.6,7.75,46.9,ISO Class II,None,0,0,0,Ball,1.5,40,900,Reduced port,Butt-weld,API 6D,CS/WCB,Carbon steel,Stellite hardfaced,None,Metal seat,0,0,0,0.2,0.2,0.1,0.25,Gearbox,N/A,0,0,0,0,0,0,0,0,0,1,1,0,0,MT,1,0,0,Basic,Forging,3,Standard,9,0.95,15,Premium-India,Domestic,0.88,122491
V00552,Natural Gas,23.6,206,7.32,8.1,ISO Class I,None,0,0,0,Globe,1.5,40,300,Full bore,Butt-weld,API 6D,SS316,Stainless steel,SS316,None,Metal seat,0,0,0,17,12,2.5,0.06,Manual,N/A,0,0,0,0,0,0,0,0,0,1,1,0,0,None,1,0,0,Standard,Casting,4,Standard,14,0.48,22,MidTier-India,Domestic,0.2,127840
V00553,Steam,55.94,80,17.73,299.2,ISO Class VI,None,0,0,0,Control,8,200,600,Full bore,Flanged,ASME B16.10,SS304,Stainless steel,Stellite hardfaced,None,Metal seat,0,0,0,18,8,0.3,0.07,Electric,Fail-close,1,1,0,1,0,0,0,0,0,1,1,0,0,PT,0,0,0,Basic,Casting,4,Tight,10,0.67,13,Premium-India,Domestic,0.89,2393117
V00554,Water,38.42,0.3,0.87,18.6,ISO Class VI,None,0,0,0,Globe,1,25,300,Full bore,Threaded,ISO 5752,SS316,Stainless steel,Duplex 2205,None,PEEK,0,1,0,17,12,2.5,0.06,Gearbox,N/A,0,0,0,0,0,0,0,0,0,1,1,0,1,MT,0,0,0,Standard,Forging,1,Tight,8,0.77,7,Generic-India,Domestic,0.91,84401
V00555,Natural Gas,69.05,107.9,0.05,282,ISO Class VI,None,0,0,0,Butterfly,10,250,900,Reduced port,Wafer,ASME B16.10,A105,Carbon steel,Nickel Alloy 625,None,PEEK,0,0,0,0.2,0.1,0.05,0.2,Pneumatic,Fail-close,1,0,1,1,0,0,1,1,1,1,1,0,0,PT+MT,0,0,0,Standard,Casting,3,Tight,9,0.77,15,Generic-India,Domestic,0.7,662384
V00556,Air,111.75,47.6,11.07,60.2,ISO Class I,None,0,0,0,Ball,2,50,900,Reduced port,Butt-weld,API 6D,CS/WCB,Carbon steel,SS316,None,Metal seat,0,0,0,0.2,0.2,0.1,0.25,Manual,N/A,0,0,0,0,0,0,0,0,0,1,1,1,0,UT,0,0,0,Standard,Forging,2,Standard,10,0.65,16,Generic-India,Domestic,0.76,126149
V00557,Slurry,125.19,44.8,0.39,21.4,ISO Class II,None,0,0,0,Globe,0.75,20,1500,Full bore,Socket-weld,ISO 5752,SS316,Stainless steel,Stellite hardfaced,Ceramic coating,PTFE,0,1,1,17,12,2.5,0.06,Manual,N/A,0,0,0,0,0,0,0,0,0,1,1,0,0,None,1,0,0,Basic,Forging,3,Standard,14,0.95,12,MidTier-India,Domestic,0.57,128730
V00558,Hydrocarbon,60.66,227.3,9.84,32.2,ISO Class IV,None,0,0,0,Check,0.75,20,1500,Full bore,Flanged,ASME B16.10,CS/WCB,Carbon steel,Stellite hardfaced,None,Metal seat,1,0,0,0.2,0.2,0.1,0.25,Manual,N/A,0,0,0,0,0,0,0,0,0,1,1,0,0,UT+RT,1,0,0,Standard,Forging,2,Standard,15,0.68,13,MidTier-India,Domestic,0.98,92361
V00559,Steam,241.28,234.9,13.55,447.6,ISO Class III,None,0,0,0,Butterfly,18,450,1500,Full bore,Wafer,ISO 5752,Bronze,Copper alloy,SS316,None,Metal seat,0,0,0,0.2,0.8,0.1,0.02,Manual,N/A,0,0,0,0,0,0,0,0,0,1,1,0,0,UT,1,0,0,Basic,Casting,1,Standard,12,0.79,14,MidTier-India,Domestic,0.55,815892
V00560,Hydrocarbon,112.04,150.2,10.08,411.8,ISO Class V,None,0,0,0,Butterfly,18,450,900,Full bore,Lug,API 6D,A105,Carbon steel,SS316,Tungsten carbide,PTFE,0,0,0,0.2,0.1,0.05,0.2,Hydraulic,Fail-open,0,0,0,0,0,0,0,0,0,1,1,0,0,RT,0,0,0,Basic,Casting,4,Tight,2,0.77,27,Imported-Standard,Import,0.12,1513353
V00561,Air,10.42,38.4,1.48,40.5,ISO Class IV,None,0,0,0,Check,1,25,150,Reduced port,Flanged,MSS SP-97,SS316,Stainless steel,Duplex 2205,None,Elastomer (NBR/EPDM),0,1,0,17,12,2.5,0.06,Manual,N/A,0,1,0,0,0,0,0,0,0,1,1,0,0,UT+RT,0,0,1,Basic,Casting,3,Standard,10,0.72,30,MidTier-India,Domestic,0.78,50711
V00562,Slurry,24.7,43.7,3.68,53.9,ISO Class IV,None,0,0,0,Gate,3,80,600,Reduced port,Butt-weld,ASME B16.10,CS/WCB,Carbon steel,SS316,None,Metal seat,0,0,0,0.2,0.2,0.1,0.25,Pneumatic,Fail-open,1,0,1,1,0,0,1,0,0,1,1,0,0,MT,0,0,0,Standard,Forging,1,Standard,8,0.88,14,Generic-India,Domestic,0.68,179058
V00563,Slurry,96.61,79.8,0.05,218.3,ISO Class V,None,0,0,0,Ball,4,100,900,Full bore,Flanged,ISO 5752,CS/WCB,Carbon steel,Stellite hardfaced,None,Metal seat,0,0,0,0.2,0.2,0.1,0.25,Pneumatic,Fail-in-place,1,0,1,1,0,0,1,1,0,1,0,0,0,PT+MT,0,0,0,Basic,Forging,4,Tight,11,0.79,17,MidTier-India,Domestic,0.85,650287
V00564,Steam,4.23,129.9,0.59,23.9,ISO Class VI,None,0,0,0,Control,1,25,150,Full bore,Lug,ASME B16.10,SS304,Stainless steel,Duplex 2205,None,Metal seat,0,0,0,18,8,0.3,0.07,Electric,Fail-close,1,0,0,1,0,0,0,0,0,1,1,0,0,None,0,0,0,Standard,Casting,4,Tight,9,0.85,27,MidTier-India,Domestic,0.58,144368
V00565,Natural Gas,40.53,106.8,12.09,22.7,ISO Class V,None,0,0,0,Control,3,80,600,Full bore,Socket-weld,ASME B16.10,SS316,Stainless steel,Stellite hardfaced,ENP (Electroless Nickel),Metal seat,0,1,0,17,12,2.5,0.06,Pneumatic,Fail-close,1,1,1,1,0,1,1,0,0,1,0,0,0,PT+MT,0,1,0,Standard,Forging,5,Tight,10,0.65,31,MidTier-India,Domestic,0.78,935001
V00566,Corrosive (Acid),16.1,74.8,1.43,337.8,ISO Class VI,None,0,0,0,Butterfly,6,150,150,Full bore,Lug,ISO 5752,Nickel Alloy 625,Nickel alloy,SS410,None,PTFE,0,1,0,21.5,60,9,0.02,Manual,N/A,0,0,1,0,0,0,0,0,0,1,1,0,0,UT,1,0,0,Standard,Casting,5,Tight,10,0.85,27,Generic-India,Domestic,0.81,353627
V00567,Air,29.62,82.8,1.3,404.5,ISO Class II,None,0,0,0,Check,14,350,300,Reduced port,Flanged,ASME B16.10,A105,Carbon steel,SS410,ENP (Electroless Nickel),Elastomer (NBR/EPDM),0,0,0,0.2,0.1,0.05,0.2,Electric,Fail-open,1,0,0,1,0,0,0,0,0,1,1,0,0,None,1,0,0,Basic,Forging,1,Standard,4,0.66,14,Imported-Standard,Import,0.62,606210
V00568,Hydrocarbon,19.68,69,3.2,40.8,ISO Class VI,None,0,0,0,Gate,0.75,20,300,Full bore,Threaded,MSS SP-97,A105,Carbon steel,SS316,None,Elastomer (NBR/EPDM),0,0,0,0.2,0.1,0.05,0.2,Manual,N/A,0,0,0,0,0,0,0,0,0,1,0,0,0,PT+MT,1,0,0,Standard,Casting,3,Tight,7,0.85,9,Generic-India,Domestic,0.83,44005
V00569,Natural Gas,149.68,65.7,15.66,371.1,ISO Class V,None,0,0,0,Ball,14,350,1500,Full bore,Flanged,ASME B16.10,CS/WCB,Carbon steel,Alloy 20,Stellite,Elastomer (NBR/EPDM),0,0,0,0.2,0.2,0.1,0.25,Manual,N/A,0,1,0,0,0,0,0,0,0,1,1,0,0,None,1,0,0,Standard,Forging,1,Tight,14,0.68,12,Generic-India,Domestic,0.56,830715
V00570,Water,8.53,24.7,1.65,121.2,ISO Class III,None,0,0,0,Butterfly,3,80,150,Full bore,Wafer,MSS SP-97,CS/WCB,Carbon steel,Stellite hardfaced,Ceramic coating,Metal seat,0,0,0,0.2,0.2,0.1,0.25,Manual,N/A,0,0,0,0,0,0,0,0,0,1,0,0,0,UT,0,1,0,Basic,Casting,4,Tight,11,0.81,12,Imported-Standard,Import,0.39,79887
V00571,Oxygen,32.08,50.3,1.83,144,ISO Class V,None,0,0,0,Check,8,200,300,Reduced port,Butt-weld,ASME B16.10,Bronze,Copper alloy,Stellite hardfaced,None,PTFE,0,0,0,0.2,0.8,0.1,0.02,Manual,N/A,0,0,0,0,0,0,0,0,0,1,1,0,1,RT,1,0,0,Full (EN10204 3.1 + QAP/ITP),Casting,3,Tight,7,0.49,17,Imported-Standard,Domestic,0.94,496152
V00572,Natural Gas,48.92,82.3,0.66,287.8,ISO Class I,None,0,0,0,Butterfly,8,200,600,Full bore,Wafer,ASME B16.10,Bronze,Copper alloy,Nickel Alloy 625,Tungsten carbide,Elastomer (NBR/EPDM),0,0,0,0.2,0.8,0.1,0.02,Manual,N/A,0,1,0,0,1,0,0,0,0,1,1,1,0,None,0,0,0,Standard,Casting,3,Standard,6,0.7,5,MidTier-India,Domestic,0.94,349875
V00573,Steam,27.73,134.4,1.25,57.8,ISO Class II,None,0,0,0,Check,2,50,300,Reduced port,Flanged,API 6D,A105,Carbon steel,SS316,ENP (Electroless Nickel),Metal seat,0,0,0,0.2,0.1,0.05,0.2,Manual,N/A,0,0,0,0,0,0,0,0,0,1,0,0,0,RT,1,0,1,Basic,Casting,3,Standard,9,0.89,18,Imported-Premium,Import,0.49,136410
V00574,Hydrocarbon,12.4,117.4,1.74,53.1,ISO Class V,None,0,0,0,Gate,1,25,150,Full bore,Flanged,ISO 5752,Duplex 2205,Duplex SS,Stellite hardfaced,None,Metal seat,0,0,0,22,5.5,3,0.03,Manual,N/A,0,0,0,0,0,0,0,0,0,1,0,0,0,UT+RT,1,0,0,Basic,Casting,5,Tight,8,0.62,13,Generic-India,Domestic,0.91,81741
V00575,Oxygen,38.49,79.5,16.54,152.5,ISO Class VI,Anti-cavitation trim,1,0,0,Control,4,100,300,Reduced port,Lug,ISO 5752,SS304,Stainless steel,Stellite hardfaced,None,PEEK,0,0,0,18,8,0.3,0.07,Electric,Fail-close,0,0,0,1,0,0,0,0,0,1,0,0,0,PT+MT,1,1,0,Basic,Casting,3,Tight,9,0.65,14,MidTier-India,Domestic,0.98,565491
V00576,Steam,232.87,230.6,52.83,496.6,ISO Class III,None,0,0,0,Gate,14,350,1500,Reduced port,Flanged,ISO 5752,CS/WCB,Carbon steel,Duplex 2205,Stellite,PEEK,0,0,0,0.2,0.2,0.1,0.25,Electric,Fail-in-place,0,0,0,1,1,0,0,0,0,1,1,0,0,MT,0,0,0,Basic,Forging,3,Standard,8,0.85,11,MidTier-India,Domestic,0.62,1879241
V00577,Natural Gas,193.41,199.2,11.27,64,ISO Class V,None,0,0,0,Check,2,50,1500,Reduced port,Flanged,API 6D,A105,Carbon steel,SS316,Stellite,Metal seat,0,0,0,0.2,0.1,0.05,0.2,Manual,N/A,0,0,0,1,0,0,0,0,0,1,1,0,1,PT,0,0,0,Standard,Forging,3,Tight,12,0.76,24,Imported-Standard,Domestic,0.93,228546
V00578,Water,106.97,92.6,21.38,223.5,ISO Class I,None,0,0,0,Ball,4,100,900,Full bore,Flanged,ASME B16.10,Duplex 2205,Duplex SS,SS316,None,PTFE,0,0,0,22,5.5,3,0.03,Manual,N/A,0,0,1,0,0,0,0,0,0,1,1,1,0,RT,0,0,1,Standard,Forging,4,Standard,12,0.79,22,MidTier-India,Domestic,0.84,600032
V00579,Hydrocarbon,142.61,97,10.02,104.4,ISO Class IV,None,0,0,0,Gate,3,80,1500,Full bore,Flanged,ISO 5752,CS/WCB,Carbon steel,SS410,None,Metal seat,1,0,0,0.2,0.2,0.1,0.25,Manual,N/A,0,0,1,0,0,0,0,0,0,1,1,0,1,PT,1,1,0,Standard,Forging,5,Standard,10,0.62,18,MidTier-India,Domestic,0.98,405755
V00580,Water,11.15,64.4,2.53,481.2,ISO Class IV,None,0,0,0,Globe,16,400,150,Reduced port,Butt-weld,ISO 5752,CS/WCB,Carbon steel,SS410,None,Metal seat,0,0,0,0.2,0.2,0.1,0.25,Pneumatic,Fail-close,0,0,1,1,0,0,1,1,0,1,0,0,0,RT,0,0,0,Full (EN10204 3.1 + QAP/ITP),Casting,3,Standard,8,0.74,16,Premium-India,Domestic,0.69,545126
V00581,Steam,131.17,382.6,9.1,193.1,ISO Class IV,Low-noise trim,0,1,0,Globe,12,300,900,Reduced port,Butt-weld,API 6D,Alloy Steel F22,Alloy steel,Stellite hardfaced,None,Metal seat,0,0,0,2.25,0.5,1,0.12,Gearbox,N/A,0,0,0,0,0,0,0,0,0,1,1,0,1,None,1,1,0,Basic,Forging,2,Standard,8,0.83,17,Generic-India,Domestic,0.78,828311
V00582,Corrosive (Acid),8.08,67.8,0.64,192.7,ISO Class IV,None,0,0,0,Butterfly,12,300,150,Reduced port,Wafer,ASME B16.10,Duplex 2205,Duplex SS,Nickel Alloy 625,ENP (Electroless Nickel),PTFE,0,1,0,22,5.5,3,0.03,Manual,N/A,0,0,0,0,0,0,0,0,0,1,1,0,0,UT,0,0,1,Basic,Casting,3,Standard,9,0.81,15,Generic-India,Domestic,0.87,201379
V00583,Natural Gas,14.43,166.4,0.05,85.2,ISO Class II,None,0,0,0,Ball,1.5,40,300,Full bore,Threaded,ASME B16.10,CS/WCB,Carbon steel,Nickel Alloy 625,None,PTFE,0,0,0,0.2,0.2,0.1,0.25,Manual,N/A,0,0,0,0,0,0,0,0,0,1,0,1,0,None,0,0,0,Full (EN10204 3.1 + QAP/ITP),Casting,1,Tight,11,0.61,19,Generic-India,Domestic,0.98,37026
V00584,Water,12.83,4.8,1.35,238.7,ISO Class I,None,0,0,0,Check,8,200,150,Full bore,Flanged,ASME B16.10,CS/WCB,Carbon steel,Stellite hardfaced,ENP (Electroless Nickel),Metal seat,0,0,0,0.2,0.2,0.1,0.25,Pneumatic,Fail-open,1,0,1,1,0,0,1,1,1,1,0,0,0,None,0,0,0,Standard,Forging,3,Standard,5,0.81,7,Premium-India,Domestic,0.98,369741
V00585,Natural Gas,75.87,231.6,5.76,927.2,ISO Class II,None,0,0,0,Butterfly,12,300,1500,Reduced port,Lug,ASME B16.10,SS304,Stainless steel,SS316,ENP (Electroless Nickel),Metal seat,1,0,0,18,8,0.3,0.07,Manual,N/A,0,0,0,0,0,0,0,0,0,1,0,0,0,PT,1,0,1,Full (EN10204 3.1 + QAP/ITP),Forging,4,Standard,10,0.73,22,Imported-Standard,Import,0.42,1087838
V00586,Hydrocarbon,9.77,116.5,1.55,459.3,ISO Class IV,None,0,0,0,Ball,14,350,150,Full bore,Flanged,ASME B16.10,CS/WCB,Carbon steel,Stellite hardfaced,None,PTFE,0,0,0,0.2,0.2,0.1,0.25,Manual,N/A,0,1,0,0,0,0,0,0,0,1,1,0,0,PT,0,0,0,Basic,Forging,3,Standard,6,0.65,7,Generic-India,Domestic,0.6,350758
V00587,Water,9.74,67.6,0.2,61,ISO Class V,None,0,0,0,Globe,2,50,150,Reduced port,Flanged,API 6D,CS/WCB,Carbon steel,SS316,Stellite,Elastomer (NBR/EPDM),0,0,0,0.2,0.2,0.1,0.25,Pneumatic,Fail-in-place,1,0,1,1,1,0,1,0,0,1,1,0,1,None,0,0,0,Basic,Casting,3,Tight,7,0.74,12,Premium-India,Domestic,0.33,158488
V00588,Water,11.28,42.2,0.25,33.8,ISO Class II,None,0,0,0,Ball,2,50,150,Reduced port,Lug,ISO 5752,Bronze,Copper alloy,SS316,None,Metal seat,0,0,0,0.2,0.8,0.1,0.02,Manual,N/A,0,0,0,0,0,0,0,0,0,1,1,0,0,UT+RT,0,0,0,Standard,Casting,3,Standard,13,0.74,7,Premium-India,Domestic,0.8,83493
V00589,Air,35.98,65.2,0.2,60.5,ISO Class IV,None,0,0,0,Control,2,50,300,Reduced port,Butt-weld,ISO 5752,CS/WCB,Carbon steel,Stellite hardfaced,Tungsten carbide,PTFE,0,0,0,0.2,0.2,0.1,0.25,Electric,Fail-close,0,0,0,1,0,0,0,0,0,1,1,0,0,PT+MT,0,0,0,Basic,Casting,3,Tight,4,0.7,22,MidTier-India,Domestic,0.42,271383
V00590,Slurry,175.29,61.4,4.9,252.9,ISO Class VI,None,0,0,0,Butterfly,12,300,1500,Full bore,Flanged,ASME B16.10,CS/WCB,Carbon steel,Stellite hardfaced,Stellite,Metal seat,0,0,1,0.2,0.2,0.1,0.25,Manual,N/A,0,0,0,0,0,0,0,0,0,1,1,1,0,PT,0,1,0,Standard,Forging,4,Tight,5,0.7,14,Generic-India,Domestic,0.41,752027
V00591,Oxygen,33.68,-0.1,10.94,38.7,ISO Class VI,None,0,0,0,Needle,1.5,40,300,Reduced port,Wafer,ASME B16.10,SS316,Stainless steel,SS316,Stellite,PTFE,0,1,0,17,12,2.5,0.06,Manual,N/A,0,0,0,1,0,0,0,0,0,0,1,0,0,PT+MT,1,1,0,Basic,Casting,2,Tight,11,0.46,16,MidTier-India,Domestic,0.98,101318
V00592,Slurry,11.78,50.9,0.49,42.9,ISO Class III,None,0,0,0,Gate,1.5,40,150,Full bore,Lug,ISO 5752,CS/WCB,Carbon steel,Nickel Alloy 625,ENP (Electroless Nickel),Metal seat,0,0,1,0.2,0.2,0.1,0.25,Gearbox,N/A,0,0,0,0,0,0,0,0,0,1,1,0,0,MT,1,1,0,Basic,Casting,4,Standard,6,0.81,25,MidTier-India,Domestic,0.74,50126
V00593,Steam,31.41,266.6,2.4,48.6,ISO Class II,None,0,0,0,Ball,1,25,600,Full bore,Wafer,ASME B16.10,SS316,Stainless steel,Stellite hardfaced,ENP (Electroless Nickel),Metal seat,0,1,0,17,12,2.5,0.06,Manual,N/A,0,1,0,0,0,0,0,0,0,0,0,0,1,None,0,0,0,Standard,Forging,2,Standard,10,0.7,10,Generic-India,Domestic,0.67,87064
V00594,Oxygen,17.25,37.1,2.05,154.3,ISO Class VI,None,0,0,0,Ball,6,150,150,Full bore,Butt-weld,ASME B16.10,Bronze,Copper alloy,Nickel Alloy 625,None,PTFE,0,0,0,0.2,0.8,0.1,0.02,Gearbox,N/A,0,0,0,0,0,0,0,0,0,1,1,0,0,UT+RT,1,0,0,Full (EN10204 3.1 + QAP/ITP),Casting,2,Tight,7,0.85,11,Imported-Standard,Import,0.22,288881
V00595,Steam,65.26,318.6,19.78,31.3,ISO Class V,None,0,0,0,Globe,1,25,600,Full bore,Socket-weld,ASME B16.10,SS316,Stainless steel,SS316,None,Metal seat,0,1,0,17,12,2.5,0.06,Electric,Fail-in-place,1,0,0,1,0,0,0,0,0,1,1,0,0,None,1,0,0,Standard,Forging,4,Tight,5,0.6,9,Generic-India,Domestic,0.48,235605
V00596,Water,30.71,52,0.05,1486.6,ISO Class I,None,0,0,0,Butterfly,18,450,300,Full bore,Wafer,ASME B16.10,SS316,Stainless steel,Nickel Alloy 625,Ceramic coating,Metal seat,0,1,0,17,12,2.5,0.06,Gearbox,N/A,0,0,0,0,0,0,0,0,0,1,1,0,0,None,1,0,0,Basic,Forging,2,Standard,14,0.55,10,Generic-India,Domestic,0.31,569332
V00597,Water,6.68,23.2,0.29,49.2,ISO Class VI,None,0,0,0,Needle,1.5,40,150,Reduced port,Wafer,API 6D,SS316,Stainless steel,SS316,Ceramic coating,Metal seat,0,1,0,17,12,2.5,0.06,Electric,Fail-close,1,0,0,1,0,0,0,0,0,1,1,0,0,UT+RT,1,1,0,Standard,Forging,4,Tight,13,0.64,15,Generic-India,Domestic,0.49,115109
V00598,Corrosive (Acid),46.57,103.2,18.75,106.1,ISO Class II,Anti-cavitation trim,1,1,0,Control,3,80,600,Reduced port,Socket-weld,ASME B16.10,SS316,Stainless steel,Duplex 2205,None,Metal seat,0,1,0,17,12,2.5,0.06,Electric,Fail-close,0,0,0,1,0,0,0,0,0,1,1,0,1,UT,0,0,0,Standard,Casting,3,Tight,11,0.71,19,Premium-India,Domestic,0.61,642270
V00599,Water,88.09,57.7,24.33,45.6,ISO Class VI,None,0,0,0,Control,2,50,600,Reduced port,Wafer,ASME B16.10,CS/WCB,Carbon steel,Stellite hardfaced,None,PTFE,0,0,0,0.2,0.2,0.1,0.25,Electric,Fail-open,0,0,1,1,0,0,0,0,0,1,1,0,0,MT,0,0,0,Basic,Casting,5,Tight,12,0.63,20,Generic-India,Domestic,0.78,227908
V00600,Water,64.16,86.3,0.08,59.1,ISO Class IV,None,0,0,0,Butterfly,3,80,600,Reduced port,Wafer,ASME B16.10,CS/WCB,Carbon steel,Nickel Alloy 625,Stellite,PEEK,0,0,0,0.2,0.2,0.1,0.25,Manual,N/A,0,1,0,0,0,0,0,0,0,1,1,0,0,None,0,0,0,Standard,Forging,2,Standard,7,0.95,19,Premium-India,Domestic,0.94,132050
V00601,Water,50.84,13.7,6.45,653.6,ISO Class VI,None,0,0,0,Check,16,400,600,Reduced port,Flanged,ASME B16.10,CS/WCB,Carbon steel,Stellite hardfaced,Tungsten carbide,Elastomer (NBR/EPDM),0,0,0,0.2,0.2,0.1,0.25,Gearbox,N/A,0,1,0,0,0,0,0,0,0,1,1,0,0,PT+MT,0,0,0,Basic,Casting,5,Tight,7,0.7,15,Generic-India,Domestic,0.93,604757
V00602,Water,104.42,49.5,9.52,120.5,ISO Class IV,None,0,0,0,Globe,10,250,900,Reduced port,Flanged,API 6D,A105,Carbon steel,Nickel Alloy 625,None,PEEK,0,0,0,0.2,0.1,0.05,0.2,Manual,N/A,0,0,0,0,0,0,0,0,0,1,1,0,0,UT,1,1,0,Standard,Casting,3,Standard,12,0.92,16,Premium-India,Domestic,0.98,547935
V00603,Slurry,36.8,46.5,1.81,12.1,ISO Class III,None,0,0,0,Gate,0.5,15,300,Reduced port,Socket-weld,ASME B16.10,SS316,Stainless steel,Nickel Alloy 625,Stellite,PTFE,0,1,1,17,12,2.5,0.06,Manual,N/A,0,0,0,0,0,0,0,0,0,1,1,0,0,RT,0,0,0,Basic,Casting,1,Standard,12,0.64,10,Generic-India,Domestic,0.51,34435
V00604,Slurry,221.19,122.8,0.2,33.1,ISO Class IV,None,0,0,0,Needle,1.5,40,1500,Reduced port,Butt-weld,ASME B16.10,CS/WCB,Carbon steel,Nickel Alloy 625,None,PTFE,0,0,0,0.2,0.2,0.1,0.25,Gearbox,N/A,0,0,0,0,0,0,0,0,0,1,1,0,1,UT,0,1,0,Standard,Forging,2,Standard,13,0.75,11,Premium-India,Domestic,0.76,143965
V00605,Steam,42.87,252.8,15.02,29.5,ISO Class VI,Anti-cavitation trim,1,0,0,Control,3,80,300,Reduced port,Socket-weld,API 6D,CS/WCB,Carbon steel,SS316,None,Metal seat,0,0,0,0.2,0.2,0.1,0.25,Pneumatic,Fail-close,1,1,1,1,1,1,1,0,0,1,1,0,0,UT+RT,0,0,0,Basic,Forging,4,Tight,14,0.88,11,MidTier-India,Domestic,0.51,502068
V00606,Hydrocarbon,60.58,66.3,15.46,7.5,ISO Class I,None,0,0,0,Globe,0.75,20,600,Reduced port,Threaded,ASME B16.10,SS316,Stainless steel,Stellite hardfaced,None,PTFE,0,1,0,17,12,2.5,0.06,Manual,N/A,0,0,0,0,0,0,0,0,0,1,1,0,0,MT,1,0,0,Standard,Casting,2,Standard,8,0.82,5,Premium-India,Domestic,0.67,82658
V00607,Slurry,14.73,66.9,1.24,1275,ISO Class IV,None,0,0,0,Butterfly,18,450,300,Reduced port,Wafer,API 6D,SS304,Stainless steel,Nickel Alloy 625,Stellite,PTFE,0,0,1,18,8,0.3,0.07,Electric,Fail-close,1,0,0,1,0,0,0,0,0,1,1,0,0,None,0,0,1,Standard,Casting,3,Tight,7,0.82,7,Generic-India,Domestic,0.71,722905
V00608,Water,9.97,71.2,1.13,233.8,ISO Class III,None,0,0,0,Check,10,250,150,Full bore,Flanged,API 6D,CS/WCB,Carbon steel,SS316,None,PTFE,0,0,0,0.2,0.2,0.1,0.25,Manual,N/A,0,0,0,0,0,0,0,0,0,1,0,0,1,UT,0,1,0,Basic,Forging,3,Tight,12,0.62,15,Generic-India,Domestic,0.71,171280
V00609,Water,13.08,85.3,1.75,143.2,ISO Class VI,None,0,0,0,Control,4,100,300,Full bore,Flanged,MSS SP-97,CS/WCB,Carbon steel,Stellite hardfaced,None,Metal seat,0,0,0,0.2,0.2,0.1,0.25,Electric,Fail-in-place,1,0,0,1,0,0,0,0,0,1,1,0,1,RT,1,0,0,Basic,Forging,3,Tight,6,0.87,24,MidTier-India,Domestic,0.79,490963
V00610,Water,25.4,49.8,1.02,49.2,ISO Class VI,None,0,0,0,Ball,1,25,300,Reduced port,Flanged,ASME B16.10,CS/WCB,Carbon steel,SS316,None,Metal seat,0,0,0,0.2,0.2,0.1,0.25,Gearbox,N/A,0,0,0,0,1,0,0,0,0,0,1,0,0,UT,1,0,1,Basic,Casting,2,Tight,12,0.68,14,MidTier-India,Domestic,0.9,65324
V00611,Slurry,9.43,59.1,1.26,24.3,ISO Class IV,None,0,0,0,Gate,1,25,150,Reduced port,Threaded,ASME B16.10,CS/WCB,Carbon steel,SS316,Tungsten carbide,PEEK,0,0,0,0.2,0.2,0.1,0.25,Manual,N/A,0,0,1,0,0,0,0,0,0,1,1,0,0,None,0,0,0,Full (EN10204 3.1 + QAP/ITP),Casting,3,Tight,8,0.82,14,Premium-India,Domestic,0.98,40308
V00612,Steam,51.74,209.7,2.72,139.1,ISO Class VI,None,0,0,0,Control,8,200,600,Reduced port,Flanged,API 6D,SS316,Stainless steel,SS316,None,Metal seat,0,1,0,17,12,2.5,0.06,Pneumatic,Fail-in-place,1,1,1,1,0,1,1,1,1,1,1,0,1,None,1,0,0,Full (EN10204 3.1 + QAP/ITP),Casting,3,Tight,11,0.72,17,Generic-India,Domestic,0.98,2095283
V00613,Corrosive (Acid),20.22,55.2,3.82,438,ISO Class III,None,0,0,0,Butterfly,12,300,300,Full bore,Lug,ASME B16.10,Duplex 2205,Duplex SS,Stellite hardfaced,Tungsten carbide,PTFE,0,1,0,22,5.5,3,0.03,Manual,N/A,0,0,0,0,0,0,0,0,0,1,0,0,1,None,1,1,0,Standard,Casting,4,Standard,12,0.84,11,Imported-Standard,Import,0.38,671251
V00614,Slurry,17.4,60.4,0.23,210.4,ISO Class IV,None,0,0,0,Gate,10,250,300,Reduced port,Butt-weld,API 6D,CS/WCB,Carbon steel,Alloy 20,Stellite,Metal seat,0,0,0,0.2,0.2,0.1,0.25,Manual,N/A,0,0,0,0,0,0,0,0,0,1,1,1,0,None,0,0,0,Full (EN10204 3.1 + QAP/ITP),Casting,2,Standard,9,0.68,11,Generic-India,Domestic,0.76,218310
V00615,Hydrocarbon,159.93,199.2,12.03,44.8,ISO Class III,None,0,0,0,Check,1.5,40,1500,Reduced port,Lug,ISO 5752,CS/WCB,Carbon steel,Duplex 2205,None,Elastomer (NBR/EPDM),0,0,0,0.2,0.2,0.1,0.25,Manual,N/A,0,1,0,0,0,0,0,0,0,1,1,0,0,None,0,1,0,Standard,Forging,3,Standard,6,0.95,13,Generic-India,Domestic,0.73,119687
V00616,Slurry,86.31,89.2,0.05,42.2,ISO Class IV,None,0,0,0,Check,1,25,600,Reduced port,Butt-weld,ASME B16.10,SS316,Stainless steel,SS316,Tungsten carbide,PTFE,0,0,0,17,12,2.5,0.06,Manual,N/A,0,1,0,0,0,0,0,0,0,1,1,0,1,None,0,0,0,Standard,Casting,5,Tight,10,0.58,15,Generic-India,Domestic,0.49,143581
V00617,Water,160.62,51.9,4.58,358.5,ISO Class V,None,0,0,0,Ball,14,350,2500,Full bore,Flanged,ASME B16.10,SS316,Stainless steel,Stellite hardfaced,None,PTFE,0,1,0,17,12,2.5,0.06,Pneumatic,Fail-open,0,0,1,1,0,0,1,1,0,1,1,0,0,None,0,0,0,Standard,Casting,5,Tight,13,0.65,8,Generic-India,Domestic,0.38,2676740
V00618,Hydrocarbon,10.83,188.6,0.5,531.2,ISO Class II,None,0,0,0,Gate,8,200,150,Reduced port,Flanged,API 6D,CS/WCB,Carbon steel,Stellite hardfaced,None,Elastomer (NBR/EPDM),0,0,0,0.2,0.2,0.1,0.25,Pneumatic,Fail-close,0,0,1,1,0,0,1,1,0,1,1,0,1,MT,0,1,0,Basic,Forging,2,Standard,7,0.59,19,Generic-India,Domestic,0.98,188691
V00619,Water,24.87,81.6,0.05,338.1,ISO Class II,None,0,0,0,Butterfly,8,200,300,Full bore,Flanged,ISO 5752,CS/WCB,Carbon steel,Nickel Alloy 625,Tungsten carbide,PTFE,0,0,0,0.2,0.2,0.1,0.25,Gearbox,N/A,0,0,0,0,0,0,0,0,0,1,1,0,1,RT,1,0,0,Basic,Casting,4,Standard,8,0.79,23,MidTier-India,Domestic,0.98,280445
V00620,Natural Gas,8.63,55.6,1.2,17.7,ISO Class II,None,0,0,0,Check,1,25,150,Full bore,Flanged,ASME B16.10,SS316,Stainless steel,Duplex 2205,ENP (Electroless Nickel),Metal seat,1,1,0,17,12,2.5,0.06,Electric,Fail-close,1,1,0,1,0,0,0,0,0,1,1,0,0,PT+MT,0,0,0,Basic,Casting,3,Standard,8,0.66,15,MidTier-India,Domestic,0.98,110628
V00621,Slurry,8.96,90.5,0.85,125.2,ISO Class IV,None,0,0,0,Gate,2,50,150,Full bore,Flanged,ASME B16.10,Duplex 2205,Duplex SS,Stellite hardfaced,None,Metal seat,0,1,1,22,5.5,3,0.03,Manual,N/A,0,0,0,0,0,0,0,0,0,1,1,0,1,MT,0,0,1,Basic,Forging,4,Standard,10,0.53,5,Generic-India,Domestic,0.83,98942
V00622,Air,118.73,50.8,7.76,224,ISO Class V,None,0,0,0,Butterfly,10,250,900,Reduced port,Flanged,ASME B16.10,A105,Carbon steel,Nickel Alloy 625,Tungsten carbide,PTFE,0,0,0,0.2,0.1,0.05,0.2,Pneumatic,Fail-close,1,0,1,1,0,0,1,1,1,1,1,0,0,UT+RT,1,1,1,Full (EN10204 3.1 + QAP/ITP),Casting,4,Tight,6,0.6,20,MidTier-India,Domestic,0.82,985983
V00623,Air,12.64,50.2,1.3,362.8,ISO Class VI,None,0,0,0,Ball,16,400,150,Reduced port,Flanged,ISO 5752,CS/WCB,Carbon steel,SS316,Stellite,Metal seat,0,0,0,0.2,0.2,0.1,0.25,Manual,N/A,0,0,1,0,0,0,0,0,0,1,1,0,0,UT,1,1,0,Full (EN10204 3.1 + QAP/ITP),Casting,5,Tight,6,0.91,13,MidTier-India,Domestic,0.91,471274
V00624,Natural Gas,38.58,61.2,5.58,300.7,ISO Class IV,None,0,0,0,Check,4,100,300,Reduced port,Flanged,ASME B16.10,CS/WCB,Carbon steel,Stellite hardfaced,None,PEEK,0,0,0,0.2,0.2,0.1,0.25,Manual,N/A,0,0,0,0,0,0,0,0,0,1,1,0,1,UT,0,0,0,Basic,Casting,3,Tight,8,0.66,12,Imported-Standard,Domestic,0.98,143116
V00625,Steam,19.4,316.7,2.28,1360.5,ISO Class III,None,0,0,0,Ball,16,400,300,Reduced port,Flanged,API 6D,CS/WCB,Carbon steel,SS316,None,Metal seat,0,0,0,0.2,0.2,0.1,0.25,Manual,N/A,0,1,0,0,0,0,0,0,0,1,1,0,0,None,0,1,0,Basic,Casting,2,Standard,8,0.64,15,MidTier-India,Domestic,0.4,458481
V00626,Oxygen,31.02,38.3,1.76,87.6,ISO Class V,None,0,0,0,Butterfly,4,100,300,Reduced port,Lug,API 6D,SS316,Stainless steel,Stellite hardfaced,None,PTFE,0,1,0,17,12,2.5,0.06,Manual,N/A,0,0,0,0,0,0,0,0,0,1,1,0,0,None,0,1,0,Standard,Casting,4,Tight,4,0.78,24,Imported-Standard,Domestic,0.98,152100
V00627,Corrosive (Acid),8.61,101.1,0.65,52.3,ISO Class III,None,0,0,0,Ball,3,80,150,Full bore,Threaded,API 6D,Duplex 2205,Duplex SS,Stellite hardfaced,None,PTFE,0,1,0,22,5.5,3,0.03,Hydraulic,Fail-open,0,0,0,0,0,0,0,0,0,1,1,0,0,None,0,0,0,Full (EN10204 3.1 + QAP/ITP),Casting,4,Standard,11,0.95,13,Premium-India,Domestic,0.98,227380
V00628,Natural Gas,37.23,170.5,5.4,127.7,ISO Class II,None,0,0,0,Gate,6,150,600,Reduced port,Butt-weld,ISO 5752,SS316,Stainless steel,SS316,None,Elastomer (NBR/EPDM),0,0,0,17,12,2.5,0.06,Electric,Fail-close,1,0,0,1,0,0,0,0,0,1,1,0,0,UT+RT,1,0,0,Full (EN10204 3.1 + QAP/ITP),Casting,3,Standard,4,0.7,18,MidTier-India,Domestic,0.66,637613
V00629,Water,35.36,33.8,18.16,76.9,ISO Class VI,Anti-cavitation trim,1,0,0,Control,3,80,600,Reduced port,Butt-weld,API 6D,CS/WCB,Carbon steel,SS316,None,PTFE,0,0,0,0.2,0.2,0.1,0.25,Pneumatic,Fail-open,0,1,1,1,0,1,1,0,0,1,1,0,0,PT+MT,0,1,0,Standard,Casting,3,Tight,7,0.53,17,MidTier-India,Domestic,0.72,614391
V00630,Oxygen,81.52,38.9,9.66,39.4,ISO Class V,None,0,0,0,Check,4,100,900,Full bore,Flanged,ASME B16.10,SS304,Stainless steel,SS316,Tungsten carbide,PEEK,0,0,0,18,8,0.3,0.07,Manual,N/A,0,0,0,0,0,0,0,0,0,1,1,0,0,None,1,0,0,Basic,Forging,3,Tight,8,0.9,19,MidTier-India,Domestic,0.52,529593
V00631,Natural Gas,76.93,56.7,7.06,358.7,ISO Class III,None,0,0,0,Butterfly,12,300,900,Reduced port,Lug,ASME B16.10,CS/WCB,Carbon steel,Stellite hardfaced,None,Metal seat,0,0,0,0.2,0.2,0.1,0.25,Pneumatic,Fail-in-place,0,0,1,1,0,0,1,1,0,1,1,1,0,RT,0,0,1,Full (EN10204 3.1 + QAP/ITP),Casting,5,Standard,9,0.74,19,MidTier-India,Domestic,0.97,920718
V00632,Hydrocarbon,82.16,162.6,22.61,154.3,ISO Class III,None,0,0,0,Control,4,100,600,Reduced port,Threaded,ASME B16.10,CS/WCB,Carbon steel,SS316,None,PTFE,0,0,0,0.2,0.2,0.1,0.25,Pneumatic,Fail-close,0,1,1,1,0,1,1,0,0,1,1,0,0,PT+MT,0,0,0,Basic,Casting,4,Tight,8,0.93,30,Generic-India,Domestic,0.75,459768
V00633,Water,15.45,70,4.6,44.7,ISO Class IV,None,0,0,0,Control,2,50,150,Reduced port,Flanged,ISO 5752,SS316,Stainless steel,SS410,None,PTFE,0,1,0,17,12,2.5,0.06,Electric,Fail-close,0,0,0,1,0,0,0,0,0,1,1,0,0,None,1,0,0,Standard,Casting,4,Tight,8,0.64,21,Generic-India,Domestic,0.67,257402
V00634,Water,119.64,74.2,24.95,24.4,ISO Class IV,None,0,0,0,Globe,0.75,20,900,Reduced port,Flanged,ISO 5752,Bronze,Copper alloy,SS410,None,PTFE,0,0,0,0.2,0.8,0.1,0.02,Pneumatic,Fail-open,1,0,1,1,0,0,1,1,0,1,1,0,1,PT,0,0,0,Standard,Forging,3,Standard,4,0.8,15,Generic-India,Domestic,0.98,221730
V00635,Slurry,34.58,67.5,3.11,125.1,ISO Class V,None,0,0,0,Check,6,150,300,Full bore,Butt-weld,API 6D,CS/WCB,Carbon steel,SS410,None,Metal seat,0,0,1,0.2,0.2,0.1,0.25,Manual,N/A,0,0,0,0,0,0,0,0,0,1,1,0,0,None,0,0,0,Full (EN10204 3.1 + QAP/ITP),Casting,1,Tight,5,0.71,5,MidTier-India,Domestic,0.64,159924
V00636,Steam,52.14,180.3,10.36,45.7,ISO Class V,Low-noise trim,0,1,0,Needle,1,25,600,Reduced port,Flanged,API 6D,A105,Carbon steel,Alloy 20,None,Metal seat,0,0,0,0.2,0.1,0.05,0.2,Electric,Fail-close,0,0,0,1,0,0,0,0,0,1,1,0,0,None,1,0,0,Standard,Forging,4,Tight,6,0.71,14,Premium-India,Domestic,0.6,128285
V00637,Air,74.65,39.5,1.07,96.4,ISO Class V,None,0,0,0,Check,3,80,600,Reduced port,Threaded,ASME B16.10,SS316,Stainless steel,SS316,None,Elastomer (NBR/EPDM),0,1,0,17,12,2.5,0.06,Pneumatic,Fail-open,0,0,1,1,0,0,1,0,0,1,1,0,0,UT+RT,1,0,0,Standard,Forging,3,Tight,2,0.72,18,MidTier-India,Domestic,0.84,467961
V00638,Water,79.07,86.2,19.61,92.1,ISO Class III,None,0,0,0,Gate,2,50,600,Reduced port,Lug,ISO 5752,SS304,Stainless steel,Stellite hardfaced,None,PTFE,0,0,0,18,8,0.3,0.07,Pneumatic,Fail-close,0,0,1,1,0,0,1,0,0,1,1,0,0,RT,1,0,0,Basic,Forging,3,Standard,11,0.65,15,MidTier-India,Domestic,0.62,265734
V00639,Slurry,110.33,39.4,11.56,123.1,ISO Class I,None,0,0,0,Ball,4,100,1500,Reduced port,Threaded,ISO 5752,SS304,Stainless steel,Alloy 20,ENP (Electroless Nickel),Elastomer (NBR/EPDM),0,0,1,18,8,0.3,0.07,Manual,N/A,0,0,0,0,1,0,0,0,0,1,1,1,0,UT+RT,0,0,1,Full (EN10204 3.1 + QAP/ITP),Forging,1,Standard,9,0.58,10,Premium-India,Domestic,0.83,456831
V00640,Hydrocarbon,113.49,172.7,46.62,46.4,ISO Class I,Anti-cavitation trim,1,0,0,Control,1.5,40,900,Full bore,Butt-weld,MSS SP-97,A105,Carbon steel,Stellite hardfaced,Ceramic coating,Metal seat,0,0,0,0.2,0.1,0.05,0.2,Pneumatic,Fail-open,1,1,1,1,0,1,1,1,0,1,1,0,1,UT+RT,0,0,0,Full (EN10204 3.1 + QAP/ITP),Forging,4,Tight,11,0.83,24,Generic-India,Domestic,0.28,505110
V00641,Water,25.24,78.8,4.4,12.8,ISO Class IV,None,0,0,0,Check,0.75,20,300,Reduced port,Threaded,ASME B16.10,CS/WCB,Carbon steel,Nickel Alloy 625,None,PTFE,0,0,0,0.2,0.2,0.1,0.25,Manual,N/A,0,0,0,0,0,0,0,0,0,1,1,0,0,PT+MT,1,0,0,Standard,Forging,5,Standard,4,0.58,13,Generic-India,Domestic,0.69,24959
V00642,Slurry,12.67,80.4,1.82,215.6,ISO Class IV,None,0,0,0,Check,8,200,150,Full bore,Flanged,ISO 5752,CS/WCB,Carbon steel,SS316,None,PTFE,0,0,0,0.2,0.2,0.1,0.25,Manual,N/A,0,0,0,0,0,0,0,0,0,1,1,0,0,PT,0,1,0,Standard,Casting,3,Standard,8,0.92,5,Generic-India,Domestic,0.56,136891
V00643,Natural Gas,6.74,101.9,0.49,12.2,ISO Class VI,None,0,0,0,Check,0.5,15,150,Reduced port,Butt-weld,API 6D,CS/WCB,Carbon steel,Duplex 2205,ENP (Electroless Nickel),Elastomer (NBR/EPDM),0,0,0,0.2,0.2,0.1,0.25,Manual,N/A,0,1,1,0,0,0,0,0,0,1,0,1,0,None,0,0,1,Standard,Casting,3,Tight,10,0.69,12,MidTier-India,Domestic,0.72,21906
V00644,Natural Gas,24.15,152.3,1.28,173.3,ISO Class IV,None,0,0,0,Check,3,80,600,Reduced port,Threaded,API 6D,A105,Carbon steel,SS316,None,Metal seat,1,0,0,0.2,0.1,0.05,0.2,Electric,Fail-in-place,0,0,0,1,0,0,0,0,0,1,1,0,0,PT,0,0,1,Basic,Casting,4,Tight,12,0.6,12,Imported-Standard,Import,0.16,245685
V00645,Water,39.54,87.2,3.08,63.9,ISO Class VI,None,0,0,0,Control,3,80,300,Reduced port,Flanged,ISO 5752,Bronze,Copper alloy,Nickel Alloy 625,ENP (Electroless Nickel),PEEK,0,0,0,0.2,0.8,0.1,0.02,Electric,Fail-in-place,1,0,0,1,0,0,0,0,0,1,1,0,0,MT,0,0,0,Full (EN10204 3.1 + QAP/ITP),Casting,4,Tight,10,0.51,12,Generic-India,Domestic,0.85,351068
V00646,Hydrocarbon,71.85,131.3,7.54,92.2,ISO Class I,None,0,0,0,Ball,3,80,900,Full bore,Socket-weld,API 6D,CS/WCB,Carbon steel,Nickel Alloy 625,None,Elastomer (NBR/EPDM),1,0,0,0.2,0.2,0.1,0.25,Electric,Fail-open,0,0,0,1,0,0,0,0,0,0,1,0,0,UT+RT,1,0,0,Standard,Forging,3,Standard,11,0.75,11,Generic-India,Domestic,0.76,336889
V00647,Water,87.65,69.7,37.88,20.2,ISO Class V,Anti-cavitation trim,1,0,0,Control,1,25,600,Full bore,Flanged,ISO 5752,SS304,Stainless steel,Stellite hardfaced,None,PTFE,0,0,0,18,8,0.3,0.07,Pneumatic,Fail-open,1,1,1,1,0,1,1,0,0,1,1,0,0,RT,0,0,1,Full (EN10204 3.1 + QAP/ITP),Casting,3,Tight,7,0.7,15,Generic-India,Domestic,0.93,359696
V00648,Water,33.94,55.6,12.15,46.9,ISO Class II,None,0,0,0,Globe,3,80,300,Full bore,Flanged,ISO 5752,SS316,Stainless steel,SS316,None,Metal seat,0,1,0,17,12,2.5,0.06,Manual,N/A,0,0,0,0,0,0,0,0,0,1,1,0,0,UT,0,1,0,Basic,Casting,3,Standard,8,0.79,11,Generic-India,Domestic,0.25,154295
V00649,Natural Gas,54.98,124.5,27.63,46,ISO Class III,Anti-cavitation trim,1,1,0,Control,1.5,40,600,Reduced port,Butt-weld,ASME B16.10,CS/WCB,Carbon steel,SS316,None,PEEK,1,0,0,0.2,0.2,0.1,0.25,Manual,N/A,0,0,0,0,0,0,0,0,0,0,1,0,0,MT,0,0,0,Full (EN10204 3.1 + QAP/ITP),Casting,4,Tight,8,0.85,18,MidTier-India,Domestic,0.72,139831
V00650,Water,41.08,59.8,5.91,240.2,ISO Class VI,None,0,0,0,Globe,10,250,300,Reduced port,Butt-weld,ISO 5752,Bronze,Copper alloy,SS316,None,Elastomer (NBR/EPDM),0,0,0,0.2,0.8,0.1,0.02,Hydraulic,Fail-close,0,0,0,0,1,0,0,0,0,1,1,0,1,PT+MT,0,0,0,Basic,Casting,4,Tight,7,0.66,11,Generic-India,Domestic,0.82,682108
V00651,Hydrocarbon,71.65,26.5,6.07,181.1,ISO Class VI,None,0,0,0,Butterfly,6,150,900,Reduced port,Lug,ASME B16.10,SS304,Stainless steel,Stellite hardfaced,None,Metal seat,0,0,0,18,8,0.3,0.07,Manual,N/A,0,0,0,0,0,0,0,0,0,1,1,0,0,UT+RT,1,0,1,Basic,Forging,3,Tight,9,0.81,18,Imported-Premium,Import,0.43,511739
V00652,Air,8.51,23.9,0.38,24.8,ISO Class II,None,0,0,0,Ball,0.75,20,150,Full bore,Butt-weld,MSS SP-97,A105,Carbon steel,Nickel Alloy 625,None,Elastomer (NBR/EPDM),0,0,0,0.2,0.1,0.05,0.2,Manual,N/A,0,0,0,0,0,0,0,0,0,1,1,0,0,UT+RT,1,0,0,Standard,Forging,2,Tight,8,0.6,6,MidTier-India,Domestic,0.91,27437
V00653,Natural Gas,61.1,43.4,6.44,30.4,ISO Class III,None,0,0,0,Ball,0.5,15,900,Reduced port,Socket-weld,MSS SP-97,CS/WCB,Carbon steel,SS316,None,Elastomer (NBR/EPDM),0,0,0,0.2,0.2,0.1,0.25,Manual,N/A,0,0,0,0,0,0,0,0,0,1,1,1,0,UT,0,0,0,Basic,Forging,3,Standard,7,0.85,5,MidTier-India,Domestic,0.98,66565
V00654,Steam,1.19,214.1,0.05,581.4,ISO Class II,None,0,0,0,Butterfly,20,500,150,Reduced port,Wafer,ASME B16.10,CS/WCB,Carbon steel,SS316,Stellite,Metal seat,0,0,0,0.2,0.2,0.1,0.25,Manual,N/A,0,0,0,0,1,0,0,0,0,1,0,1,0,None,0,0,0,Standard,Casting,2,Standard,10,0.71,9,Premium-India,Domestic,0.72,268084
V00655,Steam,6.4,121.2,1.28,18.4,ISO Class IV,None,0,0,0,Ball,0.75,20,150,Reduced port,Butt-weld,MSS SP-97,CS/WCB,Carbon steel,SS316,ENP (Electroless Nickel),Metal seat,0,0,0,0.2,0.2,0.1,0.25,Electric,Fail-in-place,0,0,0,1,0,0,0,0,0,1,1,1,0,MT,0,0,0,Standard,Casting,3,Standard,7,0.79,23,MidTier-India,Domestic,0.87,45889
V00656,Steam,127.86,196.1,8.17,301.8,ISO Class VI,None,0,0,0,Check,20,500,2500,Reduced port,Butt-weld,ASME B16.10,CS/WCB,Carbon steel,SS316,None,PEEK,0,0,0,0.2,0.2,0.1,0.25,Pneumatic,Fail-in-place,1,0,1,1,0,0,1,1,1,1,0,0,1,None,0,1,0,Standard,Casting,4,Tight,9,0.94,13,MidTier-India,Domestic,0.84,2223486
V00657,Natural Gas,281.46,85.1,4.16,230,ISO Class III,None,0,0,0,Ball,8,200,2500,Full bore,Butt-weld,ASME B16.10,SS304,Stainless steel,SS316,None,Metal seat,0,0,0,18,8,0.3,0.07,Manual,N/A,0,0,0,1,0,0,0,0,0,1,1,0,1,PT,0,0,0,Basic,Forging,2,Standard,9,0.83,10,Imported-Standard,Import,0.61,1103051
V00658,Water,214.4,24.6,17.14,315.2,ISO Class IV,None,0,0,0,Butterfly,12,300,1500,Reduced port,Wafer,ISO 5752,Bronze,Copper alloy,SS316,Tungsten carbide,Metal seat,0,0,0,0.2,0.8,0.1,0.02,Manual,N/A,0,0,0,0,0,0,0,0,0,1,1,1,0,None,0,1,0,Full (EN10204 3.1 + QAP/ITP),Casting,3,Standard,15,0.86,12,Generic-India,Domestic,0.79,596555
V00659,Corrosive (Acid),18.95,22.7,1.02,513,ISO Class III,None,0,0,0,Gate,14,350,300,Reduced port,Flanged,ISO 5752,Duplex 2205,Duplex SS,Stellite hardfaced,Ceramic coating,PTFE,0,0,0,22,5.5,3,0.03,Gearbox,N/A,0,1,0,0,0,0,0,0,0,1,0,0,0,None,1,0,0,Basic,Casting,2,Standard,10,0.9,20,Generic-India,Domestic,0.63,658695
V00660,Water,161.36,0,67.21,34.8,ISO Class III,None,0,0,0,Needle,1.5,40,1500,Full bore,Flanged,API 6D,CS/WCB,Carbon steel,Duplex 2205,None,PTFE,0,0,0,0.2,0.2,0.1,0.25,Pneumatic,Fail-close,0,0,1,1,0,0,1,1,0,1,1,0,0,PT+MT,0,0,0,Standard,Forging,5,Tight,6,0.71,12,Imported-Standard,Import,0.14,394723
V00661,Water,34.26,94.6,13.74,81.2,ISO Class I,Anti-cavitation trim,1,1,0,Control,4,100,300,Reduced port,Flanged,ASME B16.10,CS/WCB,Carbon steel,SS316,Stellite,PTFE,0,0,0,0.2,0.2,0.1,0.25,Pneumatic,Fail-close,0,1,1,1,1,1,1,0,0,1,1,0,0,PT+MT,0,1,0,Standard,Casting,3,Tight,4,0.9,16,MidTier-India,Domestic,0.98,550627
V00662,Hydrocarbon,31.08,98.5,3.72,65,ISO Class II,None,0,0,0,Ball,2,50,300,Reduced port,Lug,API 6D,CS/WCB,Carbon steel,Nickel Alloy 625,ENP (Electroless Nickel),PTFE,1,0,0,0.2,0.2,0.1,0.25,Manual,N/A,0,0,0,0,0,0,0,0,0,1,1,0,0,PT+MT,0,0,0,Standard,Casting,3,Standard,10,0.7,10,Generic-India,Domestic,0.87,72042
V00663,Corrosive (Acid),12.12,57.3,0.83,91.8,ISO Class IV,None,0,0,0,Control,2,50,150,Full bore,Threaded,ASME B16.10,SS316,Stainless steel,SS316,ENP (Electroless Nickel),PTFE,0,0,0,17,12,2.5,0.06,Electric,Fail-close,0,0,0,1,1,0,0,0,0,1,1,0,1,RT,0,0,0,Basic,Casting,5,Tight,11,0.67,17,MidTier-India,Domestic,0.68,234791
V00664,Water,16.85,48.8,3.14,244.4,ISO Class II,None,0,0,0,Butterfly,14,350,150,Reduced port,Lug,ASME B16.10,SS304,Stainless steel,Stellite hardfaced,Stellite,PTFE,0,0,0,18,8,0.3,0.07,Manual,N/A,0,0,0,1,0,0,0,0,0,1,0,1,0,PT+MT,0,0,0,Basic,Casting,4,Standard,14,0.72,13,Imported-Standard,Domestic,0.52,429884
V00665,Water,20.98,47.6,1.36,129.3,ISO Class VI,None,0,0,0,Control,3,80,300,Full bore,Butt-weld,ISO 5752,A105,Carbon steel,SS316,Stellite,Elastomer (NBR/EPDM),0,0,0,0.2,0.1,0.05,0.2,Pneumatic,Fail-in-place,0,1,1,1,0,1,1,0,0,1,0,0,1,UT,1,0,0,Basic,Forging,5,Tight,8,0.58,30,Generic-India,Domestic,0.68,364757
V00666,Natural Gas,4.42,74.8,0.2,30.2,ISO Class V,None,0,0,0,Control,1.5,40,150,Reduced port,Threaded,ASME B16.10,SS316,Stainless steel,SS410,ENP (Electroless Nickel),Metal seat,0,1,0,17,12,2.5,0.06,Electric,Fail-close,1,0,0,1,0,0,0,0,0,1,1,0,0,UT+RT,1,0,0,Standard,Casting,5,Tight,7,0.76,16,Generic-India,Domestic,0.65,261321
V00667,Natural Gas,49.7,146.9,0.75,63.8,ISO Class V,None,0,0,0,Globe,1.5,40,600,Reduced port,Flanged,API 6D,SS316,Stainless steel,Stellite hardfaced,None,Metal seat,0,1,0,17,12,2.5,0.06,Pneumatic,Fail-close,1,1,1,1,0,0,1,0,0,0,1,0,0,PT+MT,0,1,0,Full (EN10204 3.1 + QAP/ITP),Casting,2,Tight,11,0.71,17,Imported-Premium,Import,0.45,378353
V00668,Water,38.07,31,4.82,164.9,ISO Class II,None,0,0,0,Butterfly,6,150,300,Full bore,Wafer,ISO 5752,Duplex 2205,Duplex SS,SS316,ENP (Electroless Nickel),PTFE,0,1,0,22,5.5,3,0.03,Gearbox,N/A,0,0,0,0,0,0,0,0,0,0,1,0,0,UT+RT,0,1,1,Basic,Forging,4,Standard,11,0.73,9,Generic-India,Domestic,0.8,302457
V00669,Air,46.18,48.6,12.47,30.2,ISO Class V,None,0,0,0,Needle,1.5,40,600,Reduced port,Flanged,ASME B16.10,SS304,Stainless steel,Stellite hardfaced,None,PTFE,0,0,0,18,8,0.3,0.07,Pneumatic,Fail-open,1,1,1,1,0,0,1,0,0,1,1,0,0,RT,1,1,0,Standard,Casting,3,Tight,5,0.95,19,Imported-Standard,Domestic,0.8,414142
V00670,Oxygen,9.88,-36.7,0.55,281.8,ISO Class VI,None,0,0,0,Ball,16,400,300,Reduced port,Flanged,API 6D,SS304,Stainless steel,Alloy 20,ENP (Electroless Nickel),PEEK,0,0,0,18,8,0.3,0.07,Manual,N/A,0,1,0,0,0,0,0,0,0,1,1,0,0,UT+RT,0,0,0,Standard,Casting,3,Tight,9,0.83,8,MidTier-India,Domestic,0.83,860446
V00671,Corrosive (Acid),11.64,54,1.9,125,ISO Class III,None,0,0,0,Ball,4,100,150,Full bore,Socket-weld,API 6D,Nickel Alloy 625,Nickel alloy,Stellite hardfaced,None,PTFE,0,0,0,21.5,60,9,0.02,Manual,N/A,0,0,0,0,0,0,0,0,0,1,1,0,0,MT,0,1,0,Basic,Casting,5,Standard,11,0.71,12,Imported-Standard,Domestic,0.88,378852
V00672,Water,3.61,0,0.56,569.7,ISO Class V,None,0,0,0,Butterfly,10,250,300,Reduced port,Wafer,ISO 5752,A105,Carbon steel,SS316,None,Metal seat,0,0,0,0.2,0.1,0.05,0.2,Pneumatic,Fail-close,1,0,1,1,0,0,1,1,1,1,1,0,0,PT,0,1,0,Standard,Casting,5,Tight,8,0.56,12,Generic-India,Domestic,0.75,343328
V00673,Natural Gas,43.18,276.8,4.69,16.3,ISO Class V,None,0,0,0,Ball,0.5,15,300,Full bore,Butt-weld,ISO 5752,SS316,Stainless steel,Duplex 2205,Ceramic coating,Metal seat,0,1,0,17,12,2.5,0.06,Manual,N/A,0,0,0,0,0,0,0,0,0,1,1,1,0,MT,0,0,0,Basic,Casting,1,Tight,13,0.73,13,Generic-India,Domestic,0.85,49198
V00674,Natural Gas,244.99,19,101.19,72.3,ISO Class VI,Low-noise trim,0,1,0,Control,3,80,2500,Full bore,Flanged,ASME B16.10,CS/WCB,Carbon steel,Stellite hardfaced,None,Metal seat,0,0,0,0.2,0.2,0.1,0.25,Gearbox,N/A,0,0,0,0,0,0,0,0,0,1,1,0,0,UT,0,0,0,Standard,Forging,5,Tight,12,0.7,14,MidTier-India,Domestic,0.57,641326
V00675,Hydrocarbon,28.06,128.5,0.05,14.8,ISO Class VI,None,0,0,0,Ball,0.5,15,300,Full bore,Butt-weld,API 6D,CS/WCB,Carbon steel,Stellite hardfaced,ENP (Electroless Nickel),PEEK,0,0,0,0.2,0.2,0.1,0.25,Manual,N/A,0,0,0,0,0,0,0,0,0,1,1,0,1,None,1,0,0,Basic,Casting,4,Tight,7,0.69,15,Premium-India,Domestic,0.72,41488
V00676,Natural Gas,55.43,189.6,0.94,166,ISO Class VI,None,0,0,0,Ball,6,150,600,Full bore,Butt-weld,ASME B16.10,CS/WCB,Carbon steel,SS316,Stellite,Metal seat,1,0,0,0.2,0.2,0.1,0.25,Manual,N/A,0,0,0,0,0,0,0,0,0,1,1,0,0,None,1,0,0,Standard,Forging,1,Tight,11,0.71,10,Imported-Standard,Import,0.36,306087
V00677,Air,6.92,13.5,0.11,1447.7,ISO Class II,None,0,0,0,Butterfly,24,600,150,Full bore,Lug,ISO 5752,CS/WCB,Carbon steel,SS316,ENP (Electroless Nickel),PTFE,0,0,0,0.2,0.2,0.1,0.25,Manual,N/A,0,0,0,0,0,0,0,0,0,1,1,1,0,None,0,0,1,Standard,Casting,2,Standard,9,0.62,18,Imported-Premium,Import,0.2,365245
V00678,Steam,10.63,359.7,1.25,250.8,ISO Class IV,None,0,0,0,Check,10,250,150,Reduced port,Butt-weld,ISO 5752,Alloy Steel F22,Alloy steel,Nickel Alloy 625,ENP (Electroless Nickel),Metal seat,0,0,0,2.25,0.5,1,0.12,Electric,Fail-close,1,1,0,1,1,0,0,0,0,1,1,0,0,None,1,1,0,Basic,Casting,4,Tight,14,0.52,10,Generic-India,Domestic,0.7,468740
V00679,Natural Gas,124.98,28.7,20.53,310.8,ISO Class I,None,0,0,0,Ball,18,450,1500,Full bore,Flanged,ISO 5752,SS316,Stainless steel,SS316,None,Elastomer (NBR/EPDM),0,1,0,17,12,2.5,0.06,Hydraulic,Fail-open,0,0,0,0,0,0,0,0,0,1,1,0,0,PT+MT,0,0,0,Basic,Forging,3,Standard,13,0.72,9,MidTier-India,Domestic,0.48,2559037
V00680,Natural Gas,21.1,134.4,0.84,66.5,ISO Class III,None,0,0,0,Globe,2,50,300,Reduced port,Flanged,API 6D,CS/WCB,Carbon steel,Nickel Alloy 625,Stellite,Metal seat,1,0,0,0.2,0.2,0.1,0.25,Pneumatic,Fail-open,1,0,1,1,0,0,1,0,0,1,0,0,1,RT,1,0,0,Basic,Casting,3,Standard,9,0.89,12,Imported-Premium,Import,0.24,240310
V00681,Water,131.41,47.7,3.96,210.8,ISO Class V,None,0,0,0,Butterfly,16,400,1500,Reduced port,Flanged,ASME B16.10,CS/WCB,Carbon steel,SS316,Stellite,Metal seat,0,0,0,0.2,0.2,0.1,0.25,Manual,N/A,0,1,0,0,0,0,0,0,0,0,1,0,0,UT+RT,1,0,0,Full (EN10204 3.1 + QAP/ITP),Casting,2,Tight,13,0.86,24,Imported-Standard,Domestic,0.9,1257705
V00682,Steam,175.44,322.6,33.52,301.5,ISO Class II,None,0,0,0,Ball,6,150,1500,Full bore,Flanged,API 6D,A105,Carbon steel,Stellite hardfaced,None,Metal seat,0,0,0,0.2,0.1,0.05,0.2,Pneumatic,Fail-open,0,0,1,1,0,0,1,1,0,1,1,0,0,None,0,0,0,Basic,Forging,4,Tight,9,0.72,12,Imported-Standard,Import,0.44,993736
V00683,Slurry,78.89,0,14.47,14.8,ISO Class V,None,0,0,0,Gate,0.5,15,900,Reduced port,Flanged,API 6D,SS316,Stainless steel,Nickel Alloy 625,None,Metal seat,0,1,0,17,12,2.5,0.06,Manual,N/A,0,0,0,0,1,0,0,0,0,1,1,0,0,MT,1,0,1,Basic,Forging,4,Tight,12,0.76,21,Generic-India,Domestic,0.5,119396
V00684,Water,38.03,55.2,6.29,29,ISO Class II,None,0,0,0,Ball,1.5,40,300,Reduced port,Flanged,ISO 5752,CS/WCB,Carbon steel,SS316,Stellite,PTFE,0,0,0,0.2,0.2,0.1,0.25,Electric,Fail-open,0,1,0,1,0,0,0,0,0,1,1,1,0,MT,0,0,0,Basic,Forging,3,Standard,12,0.5,17,Generic-India,Domestic,0.86,176346
V00685,Water,40.56,90.2,1.88,160.7,ISO Class III,None,0,0,0,Check,6,150,900,Full bore,Flanged,API 6D,CS/WCB,Carbon steel,Alloy 20,None,Metal seat,0,0,0,0.2,0.2,0.1,0.25,Pneumatic,Fail-close,0,1,1,1,0,0,1,1,0,1,1,1,0,RT,1,0,0,Standard,Forging,2,Standard,5,0.77,8,Generic-India,Domestic,0.9,567949
V00686,Steam,50.74,188.3,15.25,226.9,ISO Class V,None,0,0,0,Control,10,250,900,Reduced port,Butt-weld,ASME B16.10,A105,Carbon steel,Duplex 2205,None,Metal seat,0,0,0,0.2,0.1,0.05,0.2,Electric,Fail-open,0,0,0,1,0,0,0,0,0,1,1,0,0,None,0,0,0,Full (EN10204 3.1 + QAP/ITP),Casting,4,Tight,10,0.85,21,Imported-Standard,Import,0.36,1556488
V00687,Corrosive (Acid),14.64,35.5,0.54,417.6,ISO Class V,None,0,0,0,Butterfly,14,350,300,Reduced port,Wafer,ASME B16.10,SS316,Stainless steel,Stellite hardfaced,None,PEEK,0,0,0,17,12,2.5,0.06,Manual,N/A,0,0,0,0,0,0,0,0,0,1,1,1,1,RT,0,0,0,Basic,Casting,2,Tight,10,0.53,6,MidTier-India,Domestic,0.68,372561
V00688,Air,44.09,34.8,8.37,43.6,ISO Class VI,None,0,0,0,Control,2,50,900,Reduced port,Flanged,MSS SP-97,CS/WCB,Carbon steel,Alloy 20,None,PEEK,0,0,0,0.2,0.2,0.1,0.25,Electric,Fail-close,0,1,0,1,0,0,0,0,0,1,1,0,0,RT,0,0,0,Standard,Forging,4,Tight,6,0.9,22,MidTier-India,Domestic,0.59,499493
V00689,Natural Gas,145.94,205,23.34,49.1,ISO Class III,None,0,0,0,Globe,1.5,40,1500,Reduced port,Threaded,ASME B16.10,CS/WCB,Carbon steel,SS316,ENP (Electroless Nickel),Metal seat,0,0,0,0.2,0.2,0.1,0.25,Manual,N/A,0,0,0,0,0,0,0,0,0,1,1,0,0,None,0,0,0,Standard,Forging,3,Standard,17,0.74,13,Generic-India,Domestic,0.85,116585
V00690,Slurry,43.48,62.4,8.22,10.6,ISO Class I,None,0,0,0,Needle,0.5,15,300,Full bore,Flanged,ISO 5752,SS316,Stainless steel,Stellite hardfaced,None,Elastomer (NBR/EPDM),0,1,0,17,12,2.5,0.06,Manual,N/A,0,0,1,0,0,0,0,0,0,1,1,0,0,UT+RT,1,1,0,Basic,Forging,2,Standard,10,0.62,19,MidTier-India,Domestic,0.49,42176
V00691,Slurry,38.61,0,7.76,108.2,ISO Class I,None,0,0,0,Gate,4,100,300,Full bore,Flanged,ASME B16.10,CS/WCB,Carbon steel,SS316,Tungsten carbide,Metal seat,0,0,1,0.2,0.2,0.1,0.25,Manual,N/A,0,0,0,0,0,0,0,0,0,1,1,1,0,UT+RT,0,0,0,Standard,Casting,3,Standard,10,0.81,15,MidTier-India,Domestic,0.95,185897
V00692,Steam,88.43,251.3,17.5,98.2,ISO Class III,None,0,0,0,Gate,2,50,600,Reduced port,Lug,ASME B16.10,SS316,Stainless steel,SS316,None,Metal seat,0,1,0,17,12,2.5,0.06,Manual,N/A,0,0,0,0,0,0,0,0,0,1,1,0,0,UT+RT,0,0,0,Standard,Forging,1,Standard,16,0.65,21,Imported-Standard,Import,0.35,183048
V00693,Steam,8.1,257.5,0.52,666.5,ISO Class IV,None,0,0,0,Ball,10,250,150,Reduced port,Flanged,ASME B16.10,A105,Carbon steel,Stellite hardfaced,None,Metal seat,0,0,0,0.2,0.1,0.05,0.2,Electric,Fail-open,0,0,0,1,0,0,0,0,0,1,1,0,0,None,0,0,0,Standard,Casting,4,Standard,11,0.46,14,MidTier-India,Domestic,0.83,364333
V00694,Natural Gas,184.37,94.4,15.29,83.6,ISO Class IV,None,0,0,0,Ball,1.5,40,1500,Full bore,Threaded,ASME B16.10,Bronze,Copper alloy,Duplex 2205,None,PTFE,0,0,0,0.2,0.8,0.1,0.02,Manual,N/A,0,0,0,0,0,0,0,0,0,1,1,0,0,UT,0,0,0,Standard,Forging,1,Tight,14,0.68,9,Generic-India,Domestic,0.82,185898
V00695,Slurry,37.59,55.9,4.98,36.3,ISO Class IV,None,0,0,0,Check,0.75,20,300,Full bore,Butt-weld,ASME B16.10,A105,Carbon steel,Nickel Alloy 625,None,Elastomer (NBR/EPDM),0,0,0,0.2,0.1,0.05,0.2,Manual,N/A,0,0,0,0,0,0,0,0,0,1,1,0,0,UT+RT,0,1,0,Basic,Casting,3,Standard,6,0.64,18,MidTier-India,Domestic,0.74,30250
V00696,Natural Gas,37.75,178.2,6.34,112.3,ISO Class I,None,0,0,0,Globe,4,100,900,Reduced port,Flanged,ISO 5752,CS/WCB,Carbon steel,Nickel Alloy 625,None,Metal seat,0,0,0,0.2,0.2,0.1,0.25,Electric,Fail-in-place,0,0,0,1,0,0,0,0,0,1,1,0,0,RT,0,0,0,Standard,Forging,4,Standard,4,0.71,13,MidTier-India,Domestic,0.83,561940
V00697,Corrosive (Acid),15.85,108.5,2.25,180.7,ISO Class V,None,0,0,0,Ball,6,150,300,Full bore,Butt-weld,ASME B16.10,Duplex 2205,Duplex SS,SS316,Ceramic coating,PTFE,0,0,0,22,5.5,3,0.03,Gearbox,N/A,0,0,0,0,0,0,0,0,0,1,1,0,0,RT,0,0,0,Basic,Casting,4,Tight,11,0.79,17,Generic-India,Domestic,0.55,608224
V00698,Water,77.52,54.7,0.05,248.8,ISO Class VI,None,0,0,0,Gate,8,200,600,Full bore,Butt-weld,ASME B16.10,SS304,Stainless steel,Alloy 20,ENP (Electroless Nickel),PTFE,0,0,0,18,8,0.3,0.07,Gearbox,N/A,0,0,0,0,0,0,0,0,0,1,1,0,1,RT,1,0,0,Standard,Forging,3,Tight,5,0.68,7,MidTier-India,Domestic,0.87,730869
V00699,Steam,25.88,241.1,6.25,59.9,ISO Class IV,None,0,0,0,Control,2,50,600,Reduced port,Flanged,API 6D,SS316,Stainless steel,Stellite hardfaced,Ceramic coating,Metal seat,0,1,0,17,12,2.5,0.06,Hydraulic,Fail-open,1,0,0,0,0,0,0,0,0,1,1,0,0,None,1,0,0,Basic,Casting,4,Tight,6,0.63,20,MidTier-India,Domestic,0.75,717624
V00700,Oxygen,78.9,27.3,15.57,90.2,ISO Class V,None,0,0,0,Globe,1.5,40,900,Reduced port,Threaded,API 6D,SS304,Stainless steel,Stellite hardfaced,ENP (Electroless Nickel),PTFE,0,0,0,18,8,0.3,0.07,Pneumatic,Fail-open,1,1,1,1,0,0,1,1,0,1,1,0,0,None,1,0,1,Full (EN10204 3.1 + QAP/ITP),Forging,2,Tight,6,0.95,16,Imported-Standard,Domestic,0.47,447081
V00701,Steam,98.48,274.5,6.63,215,ISO Class IV,None,0,0,0,Check,8,200,1500,Reduced port,Butt-weld,ASME B16.10,CS/WCB,Carbon steel,Nickel Alloy 625,ENP (Electroless Nickel),Metal seat,0,0,0,0.2,0.2,0.1,0.25,Manual,N/A,0,0,0,0,0,0,0,0,0,1,1,0,0,MT,1,1,0,Basic,Casting,5,Standard,12,0.77,12,Imported-Premium,Import,0.44,838426
V00702,Corrosive (Acid),58.57,170.1,7.67,360.3,ISO Class III,None,0,0,0,Check,10,250,600,Reduced port,Butt-weld,ASME B16.10,SS316,Stainless steel,Duplex 2205,Stellite,PTFE,0,1,0,17,12,2.5,0.06,Gearbox,N/A,0,0,0,0,0,0,0,0,0,1,1,0,0,PT+MT,1,0,0,Standard,Casting,3,Standard,8,0.57,14,Generic-India,Domestic,0.79,575548
V00703,Air,62.3,50.5,7.88,132.4,ISO Class V,None,0,0,0,Gate,3,80,600,Full bore,Lug,API 6D,Duplex 2205,Duplex SS,SS316,None,Elastomer (NBR/EPDM),0,1,0,22,5.5,3,0.03,Gearbox,N/A,0,0,0,0,0,0,0,0,0,1,0,0,0,None,1,0,0,Standard,Casting,4,Tight,9,0.93,13,MidTier-India,Domestic,0.73,297952
V00704,Water,196.39,88.6,32.04,560,ISO Class III,None,0,0,0,Gate,14,350,2500,Full bore,Flanged,ISO 5752,A105,Carbon steel,SS410,ENP (Electroless Nickel),PEEK,0,0,0,0.2,0.1,0.05,0.2,Manual,N/A,0,0,0,0,1,0,0,0,0,1,1,0,0,UT,0,0,0,Standard,Casting,3,Standard,13,0.7,16,MidTier-India,Domestic,0.66,1237051
V00705,Steam,89.77,256.2,3.85,901.6,ISO Class VI,None,0,0,0,Butterfly,20,500,900,Reduced port,Flanged,ASME B16.10,SS304,Stainless steel,Duplex 2205,None,Metal seat,0,0,0,18,8,0.3,0.07,Gearbox,N/A,0,0,0,0,0,0,0,0,0,1,1,1,1,None,0,0,0,Standard,Forging,2,Tight,6,0.66,9,MidTier-India,Domestic,0.95,1076235
V00706,Water,43.27,81.4,1.98,361.1,ISO Class IV,None,0,0,0,Butterfly,12,300,600,Reduced port,Flanged,ISO 5752,CS/WCB,Carbon steel,SS316,None,PTFE,0,0,0,0.2,0.2,0.1,0.25,Manual,N/A,0,0,0,0,0,0,0,0,0,1,0,0,1,MT,0,1,0,Full (EN10204 3.1 + QAP/ITP),Forging,2,Tight,10,0.82,18,Premium-India,Domestic,0.86,366341
V00707,Slurry,193.64,35.6,85.87,130.7,ISO Class IV,None,0,0,0,Globe,4,100,2500,Reduced port,Flanged,ISO 5752,SS304,Stainless steel,SS410,None,PEEK,0,0,1,18,8,0.3,0.07,Manual,N/A,0,1,0,0,0,0,0,0,0,1,0,1,1,PT+MT,1,0,0,Standard,Forging,2,Standard,10,0.68,8,Imported-Standard,Domestic,0.79,804358
V00708,Natural Gas,96.53,16.5,1.49,11,ISO Class III,None,0,0,0,Needle,0.5,15,1500,Reduced port,Flanged,API 6D,Duplex 2205,Duplex SS,SS316,Stellite,PEEK,0,1,0,22,5.5,3,0.03,Pneumatic,Fail-close,1,1,1,1,0,0,1,1,0,1,1,0,0,UT+RT,0,0,0,Standard,Forging,4,Standard,9,0.73,17,MidTier-India,Domestic,0.74,338633
V00709,Hydrocarbon,26.37,64.9,2.29,296.9,ISO Class II,None,0,0,0,Butterfly,16,400,300,Reduced port,Lug,ASME B16.10,Duplex 2205,Duplex SS,SS316,Ceramic coating,PTFE,0,0,0,22,5.5,3,0.03,Manual,N/A,0,0,0,0,0,0,0,0,0,1,1,0,0,PT+MT,0,1,0,Full (EN10204 3.1 + QAP/ITP),Forging,5,Tight,10,0.83,12,Imported-Premium,Domestic,0.96,740026
V00710,Natural Gas,109.14,146.7,46.45,44.8,ISO Class I,None,0,0,0,Needle,1,25,1500,Full bore,Socket-weld,ISO 5752,CS/WCB,Carbon steel,SS410,None,PTFE,0,0,0,0.2,0.2,0.1,0.25,Hydraulic,Fail-open,1,1,0,0,0,0,0,0,0,0,1,1,0,None,0,0,0,Basic,Forging,3,Standard,16,0.85,9,Generic-India,Domestic,0.83,140714
V00711,Water,17.75,61.7,0.05,119.1,ISO Class IV,None,0,0,0,Ball,3,80,300,Reduced port,Flanged,ASME B16.10,CS/WCB,Carbon steel,SS316,Stellite,PTFE,0,0,0,0.2,0.2,0.1,0.25,Electric,Fail-open,0,0,0,1,0,0,0,0,0,1,1,0,0,None,0,0,0,Full (EN10204 3.1 + QAP/ITP),Casting,4,Standard,6,0.6,12,MidTier-India,Domestic,0.56,220929
V00712,Steam,57.97,201.6,10.46,47.4,ISO Class VI,None,0,0,0,Gate,2,50,600,Full bore,Flanged,ASME B16.10,Bronze,Copper alloy,Nickel Alloy 625,Tungsten carbide,Metal seat,0,0,0,0.2,0.8,0.1,0.02,Manual,N/A,0,0,0,0,0,0,0,0,0,1,1,0,1,PT+MT,0,0,1,Basic,Casting,5,Tight,5,0.73,20,Generic-India,Domestic,0.98,229598
V00713,Natural Gas,12.35,149.5,0.59,777.8,ISO Class V,None,0,0,0,Ball,18,450,150,Full bore,Flanged,ASME B16.10,CS/WCB,Carbon steel,Stellite hardfaced,Stellite,Elastomer (NBR/EPDM),0,0,0,0.2,0.2,0.1,0.25,Pneumatic,Fail-open,1,0,1,1,0,0,1,1,1,1,1,1,0,MT,0,0,0,Basic,Forging,5,Tight,9,0.79,17,Generic-India,Domestic,0.46,840785
V00714,Slurry,18.72,42.3,3.93,21.9,ISO Class I,None,0,0,0,Ball,0.75,20,300,Full bore,Threaded,ISO 5752,A105,Carbon steel,SS316,ENP (Electroless Nickel),Metal seat,0,0,0,0.2,0.1,0.05,0.2,Manual,N/A,0,0,0,0,0,0,0,0,0,1,1,0,0,PT+MT,0,0,0,Standard,Casting,2,Standard,11,0.61,12,Generic-India,Domestic,0.98,35304
V00715,Steam,13.71,252.6,0.77,1178.7,ISO Class IV,None,0,0,0,Check,18,450,300,Full bore,Butt-weld,ASME B16.10,CS/WCB,Carbon steel,Stellite hardfaced,None,Metal seat,0,0,0,0.2,0.2,0.1,0.25,Manual,N/A,0,1,0,0,0,0,0,0,0,1,0,0,0,None,0,0,0,Full (EN10204 3.1 + QAP/ITP),Casting,2,Standard,11,0.93,10,Premium-India,Domestic,0.71,461200
V00716,Hydrocarbon,100.9,138.9,6.71,22,ISO Class V,None,0,0,0,Gate,0.75,20,1500,Reduced port,Butt-weld,ISO 5752,CS/WCB,Carbon steel,SS316,ENP (Electroless Nickel),Metal seat,0,0,0,0.2,0.2,0.1,0.25,Manual,N/A,0,0,0,0,0,0,0,0,0,1,1,0,0,UT,0,0,0,Standard,Forging,3,Tight,10,0.74,11,Imported-Premium,Domestic,0.64,123212
V00717,Air,10.3,39,1.02,43.4,ISO Class III,None,0,0,0,Ball,3,80,150,Reduced port,Flanged,ASME B16.10,SS316,Stainless steel,Nickel Alloy 625,None,PTFE,0,1,0,17,12,2.5,0.06,Pneumatic,Fail-in-place,1,0,1,1,0,0,1,0,0,1,1,1,0,RT,1,0,0,Standard,Forging,2,Standard,7,0.62,22,MidTier-India,Domestic,0.75,237257
V00718,Hydrocarbon,118.07,118.9,0.84,121.4,ISO Class III,None,0,0,0,Ball,4,100,1500,Full bore,Lug,ASME B16.10,SS316,Stainless steel,SS316,None,PTFE,0,1,0,17,12,2.5,0.06,Manual,N/A,0,0,0,0,0,0,0,0,0,1,0,0,0,None,0,0,1,Basic,Forging,2,Standard,11,0.58,21,Generic-India,Domestic,0.92,454575
V00719,Air,122.37,66.8,6.46,20.5,ISO Class IV,None,0,0,0,Gate,1,25,900,Reduced port,Butt-weld,ASME B16.10,SS316,Stainless steel,Stellite hardfaced,None,Metal seat,0,1,0,17,12,2.5,0.06,Manual,N/A,0,0,0,0,0,0,0,0,0,1,1,0,0,UT,0,0,0,Standard,Forging,4,Standard,8,0.95,12,Generic-India,Domestic,0.98,122580
V00720,Steam,80.63,321.8,7.79,31.6,ISO Class III,None,0,0,0,Needle,1.5,40,600,Reduced port,Threaded,API 6D,CS/WCB,Carbon steel,SS316,ENP (Electroless Nickel),PEEK,0,0,0,0.2,0.2,0.1,0.25,Manual,N/A,0,0,0,0,0,0,0,0,0,0,1,0,0,None,0,0,1,Full (EN10204 3.1 + QAP/ITP),Forging,2,Standard,4,0.8,13,MidTier-India,Domestic,0.76,87426
V00721,Air,4.1,82.2,0.81,120.5,ISO Class V,None,0,0,0,Control,4,100,150,Full bore,Butt-weld,ASME B16.10,CS/WCB,Carbon steel,Nickel Alloy 625,None,Elastomer (NBR/EPDM),0,0,0,0.2,0.2,0.1,0.25,Electric,Fail-open,0,0,0,1,0,0,0,0,0,1,1,1,0,None,1,0,0,Basic,Casting,5,Tight,12,0.71,13,Generic-India,Domestic,0.76,270691
V00722,Natural Gas,37.11,130.3,2.17,107.4,ISO Class I,None,0,0,0,Gate,6,150,600,Full bore,Butt-weld,ASME B16.10,CS/WCB,Carbon steel,SS410,None,Metal seat,0,0,0,0.2,0.2,0.1,0.25,Manual,N/A,0,0,0,0,0,0,0,0,0,1,1,0,0,None,1,0,1,Standard,Casting,4,Standard,6,0.67,12,Generic-India,Domestic,0.98,281992
V00723,Water,28.78,39,9.19,160.4,ISO Class V,None,0,0,0,Control,4,100,300,Reduced port,Flanged,ISO 5752,SS304,Stainless steel,SS410,None,Metal seat,0,0,0,18,8,0.3,0.07,Electric,Fail-close,0,0,0,1,0,0,0,0,0,1,1,0,0,UT,0,0,0,Standard,Casting,5,Tight,10,0.79,15,MidTier-India,Domestic,0.71,566476
V00724,Air,6.81,3.2,0.05,43.8,ISO Class IV,None,0,0,0,Check,1.5,40,150,Full bore,Butt-weld,API 6D,CS/WCB,Carbon steel,SS316,None,Elastomer (NBR/EPDM),0,0,0,0.2,0.2,0.1,0.25,Gearbox,N/A,0,0,0,0,0,0,0,0,0,1,1,0,0,UT+RT,1,0,0,Standard,Forging,3,Tight,6,0.73,12,MidTier-India,Domestic,0.97,51856
V00725,Air,12.83,55.1,0.05,31.4,ISO Class III,None,0,0,0,Check,1,25,150,Reduced port,Flanged,ASME B16.10,SS316,Stainless steel,Stellite hardfaced,Stellite,Metal seat,0,0,0,17,12,2.5,0.06,Manual,N/A,0,0,0,1,0,0,0,0,0,1,1,0,0,None,0,0,0,Standard,Casting,2,Tight,8,0.63,16,Generic-India,Domestic,0.48,52227
V00726,Steam,12.41,274.5,0.42,66,ISO Class V,None,0,0,0,Check,2,50,150,Full bore,Socket-weld,ASME B16.10,Duplex 2205,Duplex SS,SS410,None,Metal seat,0,1,0,22,5.5,3,0.03,Manual,N/A,0,1,0,0,0,0,0,0,0,1,1,0,0,RT,0,0,1,Full (EN10204 3.1 + QAP/ITP),Casting,4,Tight,18,0.54,9,MidTier-India,Domestic,0.98,121849
V00727,Slurry,21.38,42.5,0.2,54.4,ISO Class IV,None,0,0,0,Globe,2,50,600,Full bore,Flanged,ISO 5752,SS316,Stainless steel,SS316,ENP (Electroless Nickel),Metal seat,0,1,0,17,12,2.5,0.06,Gearbox,N/A,0,0,0,0,0,0,0,0,0,1,1,0,1,UT,1,0,0,Full (EN10204 3.1 + QAP/ITP),Casting,4,Standard,5,0.66,19,Imported-Standard,Import,0.09,286291
V00728,Natural Gas,51.91,67.3,10.69,48.2,ISO Class IV,None,0,0,0,Control,3,80,600,Reduced port,Wafer,ASME B16.10,CS/WCB,Carbon steel,Stellite hardfaced,None,PTFE,1,0,0,0.2,0.2,0.1,0.25,Pneumatic,Fail-close,1,1,1,1,0,1,1,0,0,1,1,0,0,None,0,0,0,Standard,Casting,4,Tight,8,0.79,22,MidTier-India,Domestic,0.46,462531
V00729,Air,50.03,45.8,20.37,155.5,ISO Class V,None,0,0,0,Globe,8,200,600,Reduced port,Butt-weld,ISO 5752,A105,Carbon steel,SS316,Stellite,PEEK,0,0,0,0.2,0.1,0.05,0.2,Pneumatic,Fail-close,1,0,1,1,0,0,1,1,1,1,1,0,0,UT+RT,1,0,0,Basic,Casting,5,Tight,12,0.81,9,MidTier-India,Domestic,0.31,1070887
V00730,Water,58.15,31.4,24.77,27.7,ISO Class V,Anti-cavitation trim,1,1,0,Control,1.5,40,600,Reduced port,Socket-weld,ASME B16.10,CS/WCB,Carbon steel,Nickel Alloy 625,None,Metal seat,0,0,0,0.2,0.2,0.1,0.25,Pneumatic,Fail-open,1,1,1,1,0,1,1,0,0,1,1,0,0,UT,0,1,1,Standard,Forging,3,Tight,10,0.59,21,Imported-Standard,Domestic,0.97,372147
V00731,Natural Gas,79,199.4,6.36,34.3,ISO Class V,None,0,0,0,Ball,3,80,600,Full bore,Threaded,ISO 5752,CS/WCB,Carbon steel,Duplex 2205,Stellite,PTFE,0,0,0,0.2,0.2,0.1,0.25,Gearbox,N/A,0,1,0,0,0,0,0,0,0,1,1,0,0,MT,0,0,0,Standard,Casting,2,Tight,10,0.53,12,Imported-Standard,Import,0.4,282823
V00732,Hydrocarbon,68.31,75,5.25,115.1,ISO Class IV,None,0,0,0,Gate,3,80,900,Reduced port,Butt-weld,ASME B16.10,SS316,Stainless steel,SS316,None,PTFE,1,0,0,17,12,2.5,0.06,Manual,N/A,0,0,0,0,0,0,0,0,0,1,1,0,0,None,1,0,0,Standard,Forging,3,Standard,11,0.62,15,MidTier-India,Domestic,0.84,246613
V00733,Slurry,107.28,64.5,39.51,53.5,ISO Class IV,Anti-cavitation trim,1,0,1,Control,2,50,900,Full bore,Flanged,ASME B16.10,CS/WCB,Carbon steel,Duplex 2205,None,PEEK,0,0,1,0.2,0.2,0.1,0.25,Pneumatic,Fail-open,1,1,1,1,0,1,1,1,0,1,1,0,0,PT+MT,1,0,1,Standard,Forging,4,Tight,6,0.64,29,MidTier-India,Domestic,0.55,672090
V00734,Water,2.33,35.7,0.32,309.6,ISO Class IV,None,0,0,0,Ball,10,250,150,Reduced port,Butt-weld,ASME B16.10,SS316,Stainless steel,Stellite hardfaced,ENP (Electroless Nickel),Elastomer (NBR/EPDM),0,1,0,17,12,2.5,0.06,Manual,N/A,0,1,0,0,0,0,0,0,0,1,1,1,0,PT,0,0,0,Basic,Casting,3,Standard,2,0.67,16,Generic-India,Domestic,0.84,403959
V00735,Slurry,9.73,55,0.05,239,ISO Class IV,None,0,0,0,Check,8,200,150,Reduced port,Flanged,API 6D,SS304,Stainless steel,Duplex 2205,None,Elastomer (NBR/EPDM),0,0,1,18,8,0.3,0.07,Manual,N/A,0,0,0,0,0,0,0,0,0,1,1,0,0,None,0,0,0,Standard,Casting,1,Standard,2,0.59,22,Generic-India,Domestic,0.7,182476
V00736,Oxygen,23.34,-13.7,3.18,147.9,ISO Class IV,None,0,0,0,Butterfly,12,300,300,Full bore,Wafer,ASME B16.10,SS304,Stainless steel,Stellite hardfaced,None,PEEK,0,0,0,18,8,0.3,0.07,Manual,N/A,0,0,0,0,0,0,0,0,0,1,0,0,0,PT+MT,1,0,0,Basic,Forging,2,Standard,8,0.75,10,Generic-India,Domestic,0.38,285173
V00737,Water,42.35,30.7,5.85,14.2,ISO Class IV,None,0,0,0,Ball,0.75,20,600,Full bore,Butt-weld,ASME B16.10,SS316,Stainless steel,Nickel Alloy 625,None,Metal seat,0,1,0,17,12,2.5,0.06,Manual,N/A,0,0,0,0,0,0,0,0,0,0,1,0,0,None,1,1,0,Standard,Casting,3,Standard,8,0.84,13,Generic-India,Domestic,0.91,88642
V00738,Water,32.04,12.4,0.05,698.6,ISO Class V,None,0,0,0,Check,18,450,300,Reduced port,Flanged,API 6D,SS316,Stainless steel,SS316,None,PTFE,0,1,0,17,12,2.5,0.06,Manual,N/A,0,0,0,0,0,0,0,0,0,1,1,0,0,UT,0,1,0,Full (EN10204 3.1 + QAP/ITP),Forging,4,Tight,9,0.66,21,MidTier-India,Domestic,0.66,628641
V00739,Steam,33.51,323.1,2.04,146.5,ISO Class III,None,0,0,0,Butterfly,6,150,300,Full bore,Wafer,API 6D,A105,Carbon steel,SS316,None,Metal seat,0,0,0,0.2,0.1,0.05,0.2,Manual,N/A,0,0,0,0,0,0,0,0,0,1,1,1,1,None,0,0,0,Standard,Forging,1,Standard,13,0.77,16,Imported-Standard,Import,0.7,141754
V00740,Air,32.19,45.1,0.69,82.2,ISO Class IV,None,0,0,0,Check,3,80,600,Reduced port,Threaded,API 6D,SS316,Stainless steel,SS316,ENP (Electroless Nickel),PTFE,0,0,0,17,12,2.5,0.06,Manual,N/A,0,0,1,0,0,0,0,0,0,1,0,0,0,MT,0,0,0,Basic,Casting,3,Standard,6,0.55,22,Imported-Premium,Import,0.39,252238
V00741,Water,13.04,61.8,1.26,445.7,ISO Class II,None,0,0,0,Check,10,250,150,Full bore,Flanged,ASME B16.10,SS304,Stainless steel,Nickel Alloy 625,Stellite,PTFE,0,0,0,18,8,0.3,0.07,Manual,N/A,0,0,0,0,1,0,0,0,0,1,1,0,0,None,1,0,0,Standard,Forging,3,Standard,10,0.81,15,MidTier-India,Domestic,0.71,369035
V00742,Hydrocarbon,8.82,147.4,0.92,74.7,ISO Class V,None,0,0,0,Check,3,80,150,Reduced port,Socket-weld,ISO 5752,CS/WCB,Carbon steel,Stellite hardfaced,Ceramic coating,Metal seat,0,0,0,0.2,0.2,0.1,0.25,Manual,N/A,0,0,0,0,0,0,0,0,0,1,1,0,0,UT,0,0,0,Standard,Casting,2,Tight,7,0.66,7,Generic-India,Domestic,0.62,77703
V00743,Water,39.67,63.9,0.05,131.1,ISO Class IV,None,0,0,0,Check,3,80,300,Reduced port,Threaded,ISO 5752,Bronze,Copper alloy,SS316,None,PTFE,0,0,0,0.2,0.8,0.1,0.02,Pneumatic,Fail-close,1,0,1,1,0,0,1,0,0,1,1,0,0,UT,1,0,0,Full (EN10204 3.1 + QAP/ITP),Casting,2,Standard,9,0.72,13,MidTier-India,Domestic,0.73,188512
V00744,Hydrocarbon,80.78,118.6,11.72,299.9,ISO Class V,None,0,0,0,Check,6,150,600,Full bore,Flanged,ASME B16.10,A105,Carbon steel,SS316,Ceramic coating,Metal seat,0,0,0,0.2,0.1,0.05,0.2,Manual,N/A,0,0,0,0,0,0,0,0,0,1,1,0,0,PT,1,0,0,Standard,Forging,4,Tight,3,0.85,12,MidTier-India,Domestic,0.89,314380
V00745,Water,85.86,99.4,1.94,219.4,ISO Class III,None,0,0,0,Gate,4,100,1500,Full bore,Flanged,ISO 5752,CS/WCB,Carbon steel,Nickel Alloy 625,ENP (Electroless Nickel),PTFE,0,0,0,0.2,0.2,0.1,0.25,Manual,N/A,0,0,0,1,0,0,0,0,0,1,1,1,0,PT,1,1,1,Basic,Forging,3,Standard,11,0.71,7,Generic-India,Domestic,0.75,289366
V00746,Water,48.84,73.1,4.65,50.4,ISO Class V,None,0,0,0,Ball,3,80,600,Reduced port,Flanged,ASME B16.10,SS316,Stainless steel,SS316,Tungsten carbide,PTFE,0,1,0,17,12,2.5,0.06,Manual,N/A,0,0,1,0,0,0,0,0,0,0,1,0,0,PT+MT,1,0,1,Basic,Casting,4,Tight,8,0.65,18,Generic-India,Domestic,0.72,275695
V00747,Hydrocarbon,45.01,118.8,10.7,21.7,ISO Class VI,None,0,0,0,Control,1,25,300,Reduced port,Butt-weld,ISO 5752,CS/WCB,Carbon steel,Duplex 2205,None,Metal seat,0,0,0,0.2,0.2,0.1,0.25,Pneumatic,Fail-open,0,1,1,1,0,1,1,0,0,1,1,0,0,PT+MT,0,0,1,Standard,Casting,5,Tight,6,0.53,16,MidTier-India,Domestic,0.92,179103
V00748,Slurry,15.15,82.4,0.97,364.7,ISO Class IV,None,0,0,0,Ball,12,300,150,Full bore,Flanged,API 6D,Duplex 2205,Duplex SS,Nickel Alloy 625,None,PEEK,0,0,0,22,5.5,3,0.03,Manual,N/A,0,0,0,0,0,0,0,0,0,1,1,0,0,PT+MT,1,0,0,Standard,Casting,4,Tight,8,0.72,16,Imported-Premium,Import,0.1,752512
V00749,Water,50.54,75.7,0.05,441.3,ISO Class VI,None,0,0,0,Gate,16,400,600,Reduced port,Butt-weld,API 6D,CS/WCB,Carbon steel,Stellite hardfaced,None,Elastomer (NBR/EPDM),0,0,0,0.2,0.2,0.1,0.25,Manual,N/A,0,0,0,0,1,0,0,0,0,1,1,0,1,RT,1,0,0,Full (EN10204 3.1 + QAP/ITP),Casting,2,Tight,11,0.71,23,Imported-Standard,Domestic,0.88,547126
V00750,Oxygen,30.25,29.4,3.98,27,ISO Class VI,None,0,0,0,Check,1.5,40,300,Full bore,Flanged,ASME B16.10,SS316,Stainless steel,SS410,None,PEEK,0,0,0,17,12,2.5,0.06,Pneumatic,Fail-close,0,0,1,1,0,0,1,0,0,1,1,0,0,None,1,0,0,Standard,Casting,2,Tight,9,0.87,5,Imported-Standard,Domestic,0.98,207959
V00751,Corrosive (Acid),4.01,0,0.2,37.2,ISO Class V,None,0,0,0,Control,1.5,40,150,Full bore,Flanged,API 6D,Duplex 2205,Duplex SS,SS410,Tungsten carbide,PTFE,0,1,0,22,5.5,3,0.03,Pneumatic,Fail-close,0,1,1,1,0,1,1,0,0,1,1,0,1,None,0,0,1,Full (EN10204 3.1 + QAP/ITP),Forging,5,Tight,13,0.59,19,Generic-India,Domestic,0.76,370134
V00752,Hydrocarbon,7.75,183.1,1.22,13.8,ISO Class V,None,0,0,0,Needle,0.75,20,150,Reduced port,Wafer,ISO 5752,Duplex 2205,Duplex SS,SS316,None,PTFE,0,1,0,22,5.5,3,0.03,Manual,N/A,0,0,0,0,0,0,0,0,0,1,1,0,0,None,1,0,1,Basic,Casting,3,Tight,13,0.64,19,Generic-India,Domestic,0.98,37967
V00753,Natural Gas,78.75,192.5,12.53,75.7,ISO Class IV,None,0,0,0,Control,3,80,600,Reduced port,Flanged,ASME B16.10,CS/WCB,Carbon steel,SS316,None,PTFE,0,0,0,0.2,0.2,0.1,0.25,Gearbox,N/A,0,0,0,0,0,0,0,0,0,1,1,0,1,None,0,0,0,Basic,Casting,2,Tight,7,0.64,18,MidTier-India,Domestic,0.6,247412
V00754,Hydrocarbon,12.27,111.6,0.05,327.7,ISO Class V,None,0,0,0,Ball,14,350,150,Full bore,Flanged,ASME B16.10,SS316,Stainless steel,Stellite hardfaced,None,Metal seat,0,1,0,17,12,2.5,0.06,Manual,N/A,0,0,0,0,0,0,0,0,0,1,1,0,0,None,1,0,0,Basic,Casting,1,Tight,9,0.78,15,Generic-India,Domestic,0.59,395463
V00755,Oxygen,8.84,5.9,1.1,142,ISO Class VI,None,0,0,0,Gate,3,80,150,Full bore,Wafer,ASME B16.10,SS304,Stainless steel,SS316,ENP (Electroless Nickel),PTFE,0,0,0,18,8,0.3,0.07,Pneumatic,Fail-open,0,0,1,1,0,0,1,0,0,1,1,0,0,PT+MT,0,1,0,Standard,Casting,4,Tight,6,0.86,12,Generic-India,Domestic,0.88,187068
V00756,Water,9.68,0,1.98,619.4,ISO Class VI,None,0,0,0,Globe,24,600,150,Reduced port,Flanged,ASME B16.10,CS/WCB,Carbon steel,Stellite hardfaced,None,PTFE,0,0,0,0.2,0.2,0.1,0.25,Pneumatic,Fail-open,0,0,1,1,0,0,1,1,0,1,1,0,0,None,0,0,1,Full (EN10204 3.1 + QAP/ITP),Casting,3,Tight,13,0.58,11,Premium-India,Domestic,0.57,683393
V00757,Corrosive (Acid),13.98,153.9,0.53,47.3,ISO Class II,None,0,0,0,Ball,2,50,150,Full bore,Flanged,ASME B16.10,Duplex 2205,Duplex SS,Alloy 20,None,PTFE,0,0,0,22,5.5,3,0.03,Manual,N/A,0,0,0,0,0,0,0,0,0,1,1,0,0,UT,1,1,0,Standard,Casting,3,Standard,17,0.71,7,Generic-India,Domestic,0.49,113203
V00758,Steam,99.28,96,6.03,678.4,ISO Class III,None,0,0,0,Butterfly,10,250,900,Full bore,Wafer,MSS SP-97,CS/WCB,Carbon steel,SS316,ENP (Electroless Nickel),Metal seat,0,0,0,0.2,0.2,0.1,0.25,Pneumatic,Fail-close,0,0,1,1,0,0,1,1,0,1,1,0,0,None,1,0,0,Standard,Casting,3,Standard,12,0.8,9,Imported-Standard,Import,0.31,721764
V00759,Slurry,38.61,30.9,18.38,53.3,ISO Class V,Anti-cavitation trim,1,1,0,Control,3,80,600,Full bore,Socket-weld,ISO 5752,Duplex 2205,Duplex SS,Alloy 20,Tungsten carbide,PEEK,0,0,0,22,5.5,3,0.03,Electric,Fail-close,0,1,0,1,0,0,0,0,0,1,1,0,0,PT+MT,1,0,0,Basic,Casting,5,Tight,12,0.72,25,Imported-Premium,Import,0.44,1229242
V00760,Natural Gas,96.26,-20,6.39,481,ISO Class I,None,0,0,0,Butterfly,10,250,900,Full bore,Lug,ASME B16.10,CS/WCB,Carbon steel,Duplex 2205,Stellite,PTFE,1,0,0,0.2,0.2,0.1,0.25,Pneumatic,Fail-close,0,0,1,1,0,0,1,1,0,1,1,0,1,MT,0,0,0,Basic,Forging,4,Standard,4,0.58,11,MidTier-India,Domestic,0.79,606193
V00761,Water,10.4,57.8,0.66,663.7,ISO Class I,None,0,0,0,Butterfly,16,400,150,Full bore,Wafer,ASME B16.10,A105,Carbon steel,Stellite hardfaced,Stellite,Metal seat,0,0,0,0.2,0.1,0.05,0.2,Pneumatic,Fail-close,0,1,1,1,1,0,1,1,0,1,1,1,0,PT,0,0,0,Standard,Forging,3,Standard,6,0.49,15,MidTier-India,Domestic,0.56,434979
V00762,Steam,162.24,305,12.61,84,ISO Class II,None,0,0,0,Check,2,50,1500,Full bore,Flanged,ISO 5752,SS304,Stainless steel,Alloy 20,Tungsten carbide,Metal seat,0,0,0,18,8,0.3,0.07,Manual,N/A,0,0,0,0,1,0,0,0,0,1,1,0,0,None,0,0,0,Standard,Forging,1,Standard,12,0.71,20,Imported-Standard,Domestic,0.64,307169
V00763,Air,314.75,47.7,4.24,51.6,ISO Class II,None,0,0,0,Ball,0.5,15,2500,Reduced port,Flanged,ASME B16.10,CS/WCB,Carbon steel,Stellite hardfaced,Stellite,Metal seat,0,0,0,0.2,0.2,0.1,0.25,Manual,N/A,0,0,0,0,0,0,0,0,0,1,1,0,0,UT,0,0,0,Basic,Forging,2,Standard,10,0.75,13,MidTier-India,Domestic,0.71,87826
V00764,Steam,148.38,349,32.2,184.9,ISO Class VI,None,0,0,0,Control,6,150,2500,Full bore,Butt-weld,ASME B16.10,CS/WCB,Carbon steel,Duplex 2205,None,Metal seat,0,0,0,0.2,0.2,0.1,0.25,Pneumatic,Fail-close,1,1,1,1,0,1,1,1,0,1,0,0,1,None,1,0,0,Full (EN10204 3.1 + QAP/ITP),Forging,4,Tight,9,0.67,14,Imported-Standard,Import,0.29,2800000
V00765,Air,142.2,35.6,3.71,31.3,ISO Class V,None,0,0,0,Ball,0.5,15,2500,Full bore,Butt-weld,ASME B16.10,Bronze,Copper alloy,Stellite hardfaced,None,Elastomer (NBR/EPDM),0,0,0,0.2,0.8,0.1,0.02,Electric,Fail-open,0,0,0,1,0,0,0,0,0,1,0,0,1,None,1,1,0,Full (EN10204 3.1 + QAP/ITP),Forging,2,Tight,15,0.84,13,MidTier-India,Domestic,0.47,165119
V00766,Corrosive (Acid),71.89,17,7.44,25.9,ISO Class I,None,0,0,0,Gate,0.75,20,600,Full bore,Butt-weld,ASME B16.10,Duplex 2205,Duplex SS,Alloy 20,None,Metal seat,0,0,0,22,5.5,3,0.03,Manual,N/A,0,1,0,0,1,0,0,0,0,1,1,0,0,None,0,1,0,Basic,Casting,4,Standard,11,0.6,18,Imported-Standard,Import,0.26,101297
V00767,Natural Gas,68.01,47.5,21.77,40.7,ISO Class III,None,0,0,0,Needle,1,25,600,Reduced port,Flanged,ASME B16.10,SS304,Stainless steel,SS316,Tungsten carbide,PTFE,0,0,0,18,8,0.3,0.07,Manual,N/A,0,1,0,0,0,0,0,0,0,1,1,0,1,None,0,1,0,Basic,Casting,3,Standard,11,0.74,22,Premium-India,Domestic,0.54,129699
V00768,Natural Gas,34.23,106.7,5.1,40.4,ISO Class II,None,0,0,0,Ball,1.5,40,300,Reduced port,Flanged,ASME B16.10,CS/WCB,Carbon steel,SS316,None,PTFE,0,0,0,0.2,0.2,0.1,0.25,Pneumatic,Fail-in-place,1,0,1,1,0,0,1,0,0,1,1,1,0,UT,0,1,0,Full (EN10204 3.1 + QAP/ITP),Casting,5,Standard,14,0.75,17,Imported-Premium,Import,0.53,159207
V00769,Natural Gas,80.03,207.9,7.72,414.1,ISO Class II,None,0,0,0,Ball,14,350,1500,Full bore,Flanged,ISO 5752,SS304,Stainless steel,SS316,Stellite,Metal seat,0,0,0,18,8,0.3,0.07,Manual,N/A,0,0,0,0,0,0,0,0,0,1,1,0,0,UT+RT,1,0,1,Basic,Forging,3,Standard,6,0.7,10,Imported-Premium,Import,0.49,2650201
V00770,Water,33.34,59.9,0.85,184.4,ISO Class V,None,0,0,0,Globe,6,150,300,Full bore,Threaded,API 6D,SS304,Stainless steel,SS410,Stellite,PTFE,0,0,0,18,8,0.3,0.07,Hydraulic,Fail-in-place,0,0,0,0,0,0,0,0,0,1,0,0,1,None,0,0,0,Standard,Casting,4,Tight,12,0.95,6,MidTier-India,Domestic,0.67,491796
V00771,Slurry,29.63,60.4,1.95,624,ISO Class IV,None,0,0,0,Butterfly,12,300,300,Full bore,Lug,ASME B16.10,CS/WCB,Carbon steel,Stellite hardfaced,None,PTFE,0,0,0,0.2,0.2,0.1,0.25,Manual,N/A,0,0,0,1,0,0,0,0,0,0,1,1,0,PT+MT,1,1,0,Standard,Casting,2,Tight,5,0.6,12,Generic-India,Domestic,0.5,238952
V00772,Steam,132.65,172.8,50.55,97.9,ISO Class IV,Anti-cavitation trim,1,1,0,Control,4,100,1500,Full bore,Butt-weld,ASME B16.10,A105,Carbon steel,Stellite hardfaced,None,Metal seat,0,0,0,0.2,0.1,0.05,0.2,Pneumatic,Fail-in-place,1,1,1,1,0,1,1,1,0,1,1,0,0,RT,1,0,0,Basic,Forging,5,Tight,9,0.65,19,MidTier-India,Domestic,0.89,1227861
V00773,Steam,12.22,171.2,4.45,163.3,ISO Class I,Low-noise trim,0,1,0,Control,8,200,150,Full bore,Flanged,ASME B16.10,CS/WCB,Carbon steel,Nickel Alloy 625,Stellite,Metal seat,0,0,0,0.2,0.2,0.1,0.25,Manual,N/A,0,1,0,0,0,0,0,0,0,1,1,0,1,RT,0,1,0,Standard,Casting,5,Tight,8,0.9,16,Generic-India,Domestic,0.63,314835
V00774,Air,76.78,65.5,19.15,211.4,ISO Class VI,None,0,0,0,Control,10,250,1500,Full bore,Flanged,ISO 5752,A105,Carbon steel,SS316,Stellite,PEEK,0,0,0,0.2,0.1,0.05,0.2,Electric,Fail-close,0,0,0,1,0,0,0,0,0,1,1,0,0,None,0,0,0,Basic,Forging,4,Tight,11,0.92,15,MidTier-India,Domestic,0.91,2003417
V00775,Water,46.77,36.8,17.63,73,ISO Class II,Low-noise trim,0,1,0,Control,2,50,300,Reduced port,Butt-weld,ASME B16.10,CS/WCB,Carbon steel,SS316,None,PTFE,0,0,0,0.2,0.2,0.1,0.25,Pneumatic,Fail-close,1,1,1,1,0,1,1,0,0,1,1,0,0,PT+MT,0,1,0,Basic,Casting,3,Tight,6,0.81,23,Premium-India,Domestic,0.47,254584
V00776,Water,1.78,64.9,0.37,47.2,ISO Class I,None,0,0,0,Control,2,50,150,Reduced port,Flanged,ASME B16.10,SS316,Stainless steel,SS316,Tungsten carbide,PTFE,0,0,0,17,12,2.5,0.06,Pneumatic,Fail-open,0,1,1,1,1,1,1,0,0,1,1,0,0,PT,0,0,0,Basic,Forging,2,Tight,5,0.66,19,Generic-India,Domestic,0.87,415314
V00777,Corrosive (Acid),10.38,135.8,1.3,83.5,ISO Class II,None,0,0,0,Globe,6,150,150,Full bore,Flanged,API 6D,Nickel Alloy 625,Nickel alloy,SS316,None,PTFE,0,0,0,21.5,60,9,0.02,Electric,Fail-close,0,1,0,1,0,0,0,0,0,1,0,0,0,None,0,0,0,Standard,Forging,4,Tight,6,0.72,10,MidTier-India,Domestic,0.36,1183039
V00778,Water,46.23,9.1,6.19,47.2,ISO Class III,None,0,0,0,Ball,2,50,600,Full bore,Lug,ASME B16.10,CS/WCB,Carbon steel,SS410,None,Metal seat,0,0,0,0.2,0.2,0.1,0.25,Pneumatic,Fail-close,1,0,1,1,0,0,1,0,0,1,0,0,0,UT,0,0,0,Basic,Casting,4,Standard,6,0.66,16,MidTier-India,Domestic,0.87,264358
V00779,Water,10.14,63.2,1.27,143.4,ISO Class IV,None,0,0,0,Check,4,100,150,Full bore,Flanged,ASME B16.10,SS304,Stainless steel,SS410,Stellite,Metal seat,0,0,0,18,8,0.3,0.07,Manual,N/A,0,0,0,1,0,0,0,0,0,1,1,0,1,None,0,0,0,Full (EN10204 3.1 + QAP/ITP),Casting,3,Standard,4,0.79,14,Imported-Premium,Import,0.29,291865
V00780,Slurry,5.57,109.3,0.44,453.4,ISO Class III,None,0,0,0,Butterfly,12,300,150,Reduced port,Wafer,ISO 5752,CS/WCB,Carbon steel,Stellite hardfaced,None,Metal seat,0,0,1,0.2,0.2,0.1,0.25,Manual,N/A,0,0,0,0,0,0,0,0,0,1,1,0,0,None,0,0,1,Standard,Casting,3,Standard,3,0.7,16,Generic-India,Domestic,0.89,140767
V00781,Hydrocarbon,15.84,12.1,3.22,40.1,ISO Class III,None,0,0,0,Gate,2,50,600,Reduced port,Flanged,ASME B16.10,CS/WCB,Carbon steel,SS316,None,PTFE,0,0,0,0.2,0.2,0.1,0.25,Electric,Fail-open,0,0,0,1,0,0,0,0,0,1,1,0,0,MT,0,0,0,Standard,Casting,5,Standard,5,0.7,17,MidTier-India,Domestic,0.59,262217
V00782,Water,10.71,61.5,2.25,63,ISO Class IV,None,0,0,0,Control,2,50,150,Full bore,Flanged,ISO 5752,A105,Carbon steel,SS316,Tungsten carbide,PTFE,0,0,0,0.2,0.1,0.05,0.2,Pneumatic,Fail-in-place,0,1,1,1,0,1,1,0,0,1,1,0,0,UT,0,0,0,Basic,Casting,5,Tight,8,0.93,17,Imported-Premium,Import,0.42,285746
V00783,Hydrocarbon,90.04,120.5,2.59,38.5,ISO Class III,None,0,0,0,Gate,1,25,900,Reduced port,Butt-weld,ASME B16.10,CS/WCB,Carbon steel,Duplex 2205,None,Metal seat,0,0,0,0.2,0.2,0.1,0.25,Pneumatic,Fail-in-place,1,0,1,1,0,0,1,1,0,1,1,0,1,UT+RT,0,0,0,Full (EN10204 3.1 + QAP/ITP),Forging,3,Standard,8,0.71,14,Generic-India,Domestic,0.68,161178
V00784,Slurry,66.42,139.7,2.56,20.4,ISO Class IV,None,0,0,0,Needle,1,25,900,Reduced port,Flanged,API 6D,Bronze,Copper alloy,SS316,None,Metal seat,0,0,1,0.2,0.8,0.1,0.02,Manual,N/A,0,0,0,0,0,0,0,0,0,0,1,0,0,PT,0,0,0,Standard,Forging,2,Standard,14,0.56,16,Generic-India,Domestic,0.8,99301
V00785,Water,14.68,80.4,2.68,80.3,ISO Class IV,None,0,0,0,Control,3,80,150,Reduced port,Flanged,API 6D,CS/WCB,Carbon steel,SS316,None,PTFE,0,0,0,0.2,0.2,0.1,0.25,Electric,Fail-open,1,1,0,1,0,0,0,0,0,1,1,0,1,None,1,0,0,Standard,Forging,2,Tight,8,0.62,20,Imported-Premium,Import,0.1,304731
V00786,Water,103.96,53.7,0.67,268.1,ISO Class V,None,0,0,0,Check,12,300,2500,Reduced port,Flanged,ASME B16.10,SS304,Stainless steel,SS316,Stellite,PTFE,0,0,0,18,8,0.3,0.07,Manual,N/A,0,0,0,0,0,0,0,0,0,1,1,1,0,None,0,0,0,Basic,Casting,4,Tight,15,0.91,10,Premium-India,Domestic,0.98,1273303
V00787,Hydrocarbon,69.8,85.5,1.69,86.4,ISO Class V,None,0,0,0,Ball,2,50,600,Full bore,Flanged,API 6D,SS316,Stainless steel,Stellite hardfaced,ENP (Electroless Nickel),Elastomer (NBR/EPDM),0,0,0,17,12,2.5,0.06,Manual,N/A,0,0,0,0,0,0,0,0,0,1,1,0,0,MT,0,0,0,Full (EN10204 3.1 + QAP/ITP),Casting,4,Tight,11,0.75,15,Generic-India,Domestic,0.86,210854
V00788,Natural Gas,66.04,134.3,24.86,42.4,ISO Class I,Anti-cavitation trim,1,0,1,Control,3,80,600,Full bore,Butt-weld,API 6D,SS316,Stainless steel,Stellite hardfaced,None,Elastomer (NBR/EPDM),0,0,0,17,12,2.5,0.06,Electric,Fail-in-place,1,0,0,1,1,0,0,0,0,1,1,0,0,UT+RT,0,0,0,Basic,Casting,4,Tight,4,0.75,30,Generic-India,Domestic,0.66,714931
V00789,Hydrocarbon,13.04,-20,0.63,463,ISO Class II,None,0,0,0,Gate,12,300,150,Full bore,Flanged,ASME B16.10,SS304,Stainless steel,Duplex 2205,Stellite,PEEK,0,0,0,18,8,0.3,0.07,Pneumatic,Fail-open,1,0,1,1,0,0,1,1,1,1,0,0,0,None,0,0,0,Full (EN10204 3.1 + QAP/ITP),Casting,1,Standard,5,0.85,19,Imported-Standard,Domestic,0.82,1021534
V00790,Water,11.19,63.9,0.68,103.5,ISO Class III,None,0,0,0,Check,3,80,150,Reduced port,Flanged,ASME B16.10,SS316,Stainless steel,SS316,Tungsten carbide,PTFE,0,0,0,17,12,2.5,0.06,Manual,N/A,0,0,0,0,0,0,0,0,0,1,1,0,1,UT+RT,1,0,0,Standard,Casting,2,Standard,12,0.9,21,Premium-India,Domestic,0.67,112021
V00791,Water,39.77,63.6,3.97,295.5,ISO Class VI,None,0,0,0,Butterfly,12,300,300,Full bore,Wafer,ASME B16.10,A105,Carbon steel,Stellite hardfaced,None,PTFE,0,0,0,0.2,0.1,0.05,0.2,Pneumatic,Fail-close,1,0,1,1,0,0,1,1,1,1,1,1,0,PT+MT,0,0,0,Standard,Casting,4,Tight,5,0.8,21,MidTier-India,Domestic,0.98,548145
V00792,Water,15.36,54.9,3.2,221.5,ISO Class II,None,0,0,0,Butterfly,10,250,300,Reduced port,Wafer,ISO 5752,A105,Carbon steel,SS316,None,PTFE,0,0,0,0.2,0.1,0.05,0.2,Manual,N/A,0,1,0,0,0,0,0,0,0,1,1,0,0,MT,0,0,0,Standard,Casting,3,Standard,12,0.79,26,Generic-India,Domestic,0.6,144347
V00793,Corrosive (Acid),78.57,20.2,17.32,24.4,ISO Class III,None,0,0,0,Globe,1,25,600,Reduced port,Butt-weld,ASME B16.10,SS316,Stainless steel,SS410,ENP (Electroless Nickel),PTFE,0,0,0,17,12,2.5,0.06,Electric,Fail-close,0,0,0,1,0,0,0,0,0,1,1,1,0,MT,0,1,0,Standard,Forging,4,Standard,10,0.77,12,Imported-Standard,Import,0.53,405011
V00794,Corrosive (Acid),103.19,85,5.71,20,ISO Class VI,None,0,0,0,Needle,1,25,900,Reduced port,Flanged,ASME B16.10,SS316,Stainless steel,SS316,ENP (Electroless Nickel),PEEK,0,1,0,17,12,2.5,0.06,Manual,N/A,0,0,0,0,0,0,0,0,0,1,1,0,0,None,1,0,1,Full (EN10204 3.1 + QAP/ITP),Forging,3,Tight,6,0.72,23,Generic-India,Domestic,0.98,142648
V00795,Corrosive (Acid),16.96,146.9,1.31,90.4,ISO Class III,None,0,0,0,Check,6,150,300,Reduced port,Threaded,ISO 5752,Nickel Alloy 625,Nickel alloy,Nickel Alloy 625,Stellite,PEEK,0,1,0,21.5,60,9,0.02,Manual,N/A,0,0,0,0,0,0,0,0,0,1,1,0,0,PT,1,0,1,Basic,Casting,5,Standard,15,0.62,13,Generic-India,Domestic,0.9,511458
V00796,Steam,61.23,263.6,11.01,45.3,ISO Class V,None,0,0,0,Control,1.5,40,900,Reduced port,Flanged,API 6D,Bronze,Copper alloy,SS316,ENP (Electroless Nickel),Metal seat,0,0,0,0.2,0.8,0.1,0.02,Electric,Fail-open,0,0,0,1,0,0,0,0,0,1,1,0,0,MT,1,0,1,Standard,Forging,3,Tight,4,0.81,21,Premium-India,Domestic,0.93,538660
V00797,Water,103.75,84,0.05,345.1,ISO Class III,None,0,0,0,Gate,6,150,1500,Full bore,Flanged,ASME B16.10,A105,Carbon steel,Stellite hardfaced,Stellite,Elastomer (NBR/EPDM),0,0,0,0.2,0.1,0.05,0.2,Electric,Fail-close,1,1,0,1,0,0,0,0,0,1,1,0,1,UT,0,0,0,Basic,Forging,5,Standard,16,0.62,13,Generic-India,Domestic,0.49,776743
V00798,Natural Gas,67.94,165.5,6.29,95,ISO Class VI,None,0,0,0,Control,3,80,600,Full bore,Socket-weld,ASME B16.10,SS304,Stainless steel,SS316,Ceramic coating,PTFE,0,0,0,18,8,0.3,0.07,Pneumatic,Fail-close,0,1,1,1,0,1,1,0,0,1,1,0,1,PT+MT,1,0,0,Basic,Forging,5,Tight,13,0.79,26,Premium-India,Domestic,0.85,1291295
V00799,Hydrocarbon,16.23,111.5,1.26,14.7,ISO Class I,None,0,0,0,Check,0.5,15,300,Reduced port,Flanged,ISO 5752,CS/WCB,Carbon steel,Alloy 20,Stellite,Metal seat,0,0,0,0.2,0.2,0.1,0.25,Manual,N/A,0,1,0,0,0,0,0,0,0,1,1,0,0,PT+MT,1,1,0,Standard,Forging,4,Standard,10,0.77,13,Generic-India,Domestic,0.6,38090
V00800,Water,11.65,24.5,2.57,13.6,ISO Class VI,None,0,0,0,Control,1,25,150,Full bore,Butt-weld,ASME B16.10,CS/WCB,Carbon steel,SS316,Tungsten carbide,Elastomer (NBR/EPDM),0,0,0,0.2,0.2,0.1,0.25,Pneumatic,Fail-open,1,1,1,1,1,1,1,0,0,1,1,0,0,UT+RT,0,0,0,Standard,Casting,4,Tight,7,0.65,29,Imported-Standard,Import,0.46,238317
V00801,Natural Gas,113.82,117.8,1.36,13.3,ISO Class III,None,0,0,0,Check,0.75,20,900,Reduced port,Butt-weld,ASME B16.10,SS304,Stainless steel,SS316,None,PTFE,0,0,0,18,8,0.3,0.07,Manual,N/A,0,1,0,0,0,0,0,0,0,1,1,0,0,None,1,0,1,Full (EN10204 3.1 + QAP/ITP),Forging,3,Standard,6,0.63,12,Generic-India,Domestic,0.73,101711
V00802,Water,6.22,32.9,0.44,479.9,ISO Class V,None,0,0,0,Butterfly,16,400,150,Reduced port,Wafer,API 6D,SS316,Stainless steel,SS316,None,PTFE,0,1,0,17,12,2.5,0.06,Pneumatic,Fail-open,0,0,1,1,1,0,1,1,0,1,1,0,0,PT,0,0,0,Standard,Casting,5,Tight,9,0.53,16,Imported-Standard,Domestic,0.86,643256
V00803,Corrosive (Acid),50.73,167.9,0.8,264.5,ISO Class III,None,0,0,0,Butterfly,6,150,900,Reduced port,Wafer,ASME B16.10,SS316,Stainless steel,Stellite hardfaced,ENP (Electroless Nickel),PEEK,0,0,0,17,12,2.5,0.06,Electric,Fail-open,0,0,0,1,0,0,0,0,0,1,0,0,0,UT,0,0,1,Basic,Forging,3,Standard,10,0.92,17,MidTier-India,Domestic,0.64,729362
V00804,Hydrocarbon,8.29,131.4,0.05,329.1,ISO Class III,None,0,0,0,Check,16,400,150,Reduced port,Flanged,API 6D,CS/WCB,Carbon steel,SS316,Stellite,PTFE,0,0,0,0.2,0.2,0.1,0.25,Manual,N/A,0,0,0,0,0,0,0,0,0,1,1,1,0,None,1,1,1,Standard,Forging,3,Standard,9,0.52,16,Imported-Premium,Import,0.23,425857
V00805,Air,206.82,21.9,17.49,260.2,ISO Class II,None,0,0,0,Butterfly,12,300,2500,Reduced port,Flanged,ISO 5752,CS/WCB,Carbon steel,SS316,None,Metal seat,0,0,0,0.2,0.2,0.1,0.25,Manual,N/A,0,1,0,0,0,0,0,0,0,1,0,0,0,None,0,0,1,Standard,Forging,5,Standard,11,0.7,17,MidTier-India,Domestic,0.55,726499
V00806,Steam,11.85,154,0.17,23.9,ISO Class II,None,0,0,0,Gate,0.5,15,150,Reduced port,Flanged,ASME B16.10,SS316,Stainless steel,SS316,None,Metal seat,0,0,0,17,12,2.5,0.06,Manual,N/A,0,0,1,0,0,0,0,0,0,1,1,0,1,PT,0,0,0,Standard,Forging,4,Standard,4,0.65,9,Imported-Premium,Import,0.62,58469
V00807,Water,9.01,64.4,0.05,36.3,ISO Class III,None,0,0,0,Gate,1.5,40,150,Full bore,Socket-weld,API 6D,A105,Carbon steel,SS410,None,PEEK,0,0,0,0.2,0.1,0.05,0.2,Gearbox,N/A,0,1,0,0,0,0,0,0,0,1,1,0,0,PT+MT,1,0,0,Standard,Casting,3,Standard,9,0.71,15,MidTier-India,Domestic,0.77,63164
V00808,Corrosive (Acid),9.44,58.7,2.69,57.7,ISO Class VI,None,0,0,0,Control,2,50,150,Full bore,Flanged,ASME B16.10,SS316,Stainless steel,SS410,None,PTFE,0,1,0,17,12,2.5,0.06,Pneumatic,Fail-in-place,0,1,1,1,0,1,1,0,0,1,1,0,1,None,1,0,0,Standard,Casting,4,Tight,4,0.6,25,MidTier-India,Domestic,0.78,320440
V00809,Natural Gas,30.11,40.4,4.77,356.2,ISO Class III,None,0,0,0,Butterfly,10,250,300,Reduced port,Wafer,ISO 5752,A105,Carbon steel,Duplex 2205,None,PTFE,0,0,0,0.2,0.1,0.05,0.2,Manual,N/A,0,0,0,0,0,0,0,0,0,1,1,0,0,PT+MT,0,0,0,Standard,Casting,2,Standard,7,0.66,21,Imported-Standard,Import,0.32,186403
V00810,Oxygen,12.41,17.8,1.14,18.5,ISO Class V,None,0,0,0,Gate,0.5,15,150,Full bore,Threaded,ASME B16.10,SS316,Stainless steel,Nickel Alloy 625,ENP (Electroless Nickel),PEEK,0,1,0,17,12,2.5,0.06,Gearbox,N/A,0,0,0,0,0,0,0,0,0,1,1,0,1,UT,1,0,0,Basic,Casting,1,Tight,9,0.71,15,Generic-India,Domestic,0.76,35846
V00811,Water,15.02,20.5,2.98,15.8,ISO Class IV,None,0,0,0,Needle,0.5,15,150,Reduced port,Flanged,ASME B16.10,CS/WCB,Carbon steel,Alloy 20,None,Metal seat,0,0,0,0.2,0.2,0.1,0.25,Electric,Fail-open,0,0,0,1,0,0,0,0,0,1,1,0,1,RT,0,0,0,Basic,Casting,4,Standard,9,0.95,17,MidTier-India,Domestic,0.98,34997
V00812,Slurry,7.05,50.6,0.87,78.7,ISO Class III,None,0,0,0,Ball,2,50,150,Full bore,Flanged,ISO 5752,CS/WCB,Carbon steel,SS316,Stellite,Metal seat,0,0,0,0.2,0.2,0.1,0.25,Manual,N/A,0,0,0,0,0,0,0,0,0,1,1,0,0,PT+MT,1,0,0,Standard,Casting,3,Standard,7,0.68,13,Premium-India,Domestic,0.89,97380
V00813,Steam,56.44,265.7,8.6,58.9,ISO Class III,None,0,0,0,Control,2,50,900,Full bore,Butt-weld,ISO 5752,CS/WCB,Carbon steel,SS316,ENP (Electroless Nickel),Metal seat,0,0,0,0.2,0.2,0.1,0.25,Pneumatic,Fail-close,0,1,1,1,1,1,1,1,0,1,0,0,0,PT+MT,0,0,0,Standard,Forging,4,Tight,13,0.67,24,Generic-India,Domestic,0.87,482978
V00814,Hydrocarbon,27.38,101.3,1.35,13.4,ISO Class II,None,0,0,0,Gate,0.5,15,300,Reduced port,Lug,ASME B16.10,CS/WCB,Carbon steel,Alloy 20,None,PTFE,0,0,0,0.2,0.2,0.1,0.25,Pneumatic,Fail-open,1,0,1,1,0,0,1,0,0,1,0,0,1,None,0,0,0,Standard,Casting,4,Tight,6,0.79,16,Imported-Standard,Import,0.14,63732
V00815,Steam,75.37,257.7,3.74,263,ISO Class VI,None,0,0,0,Ball,8,200,1500,Reduced port,Flanged,ISO 5752,A105,Carbon steel,Alloy 20,Tungsten carbide,Metal seat,0,0,0,0.2,0.1,0.05,0.2,Manual,N/A,0,1,0,0,0,0,0,0,0,1,1,0,0,UT+RT,0,0,0,Basic,Casting,1,Tight,10,0.62,11,MidTier-India,Domestic,0.84,699002
V00816,Natural Gas,11.41,261.1,3.76,95.7,ISO Class II,None,0,0,0,Control,3,80,600,Full bore,Socket-weld,ASME B16.10,CS/WCB,Carbon steel,SS316,Tungsten carbide,Metal seat,1,0,0,0.2,0.2,0.1,0.25,Pneumatic,Fail-open,1,1,1,1,0,1,1,0,0,1,0,0,0,None,1,0,0,Standard,Casting,4,Tight,2,0.8,18,MidTier-India,Domestic,0.86,730161
V00817,Water,30.24,30.6,3.99,115.1,ISO Class II,None,0,0,0,Check,6,150,300,Reduced port,Wafer,ISO 5752,Duplex 2205,Duplex SS,SS316,None,Metal seat,0,1,0,22,5.5,3,0.03,Gearbox,N/A,0,0,0,0,0,0,0,0,0,1,1,0,0,MT,0,0,0,Standard,Forging,5,Standard,17,0.87,14,Generic-India,Domestic,0.98,299164
V00818,Natural Gas,5.14,225.2,2.15,74.2,ISO Class IV,None,0,0,0,Globe,3,80,150,Reduced port,Flanged,API 6D,SS316,Stainless steel,SS410,None,Metal seat,0,0,0,17,12,2.5,0.06,Hydraulic,Fail-open,1,0,0,0,0,0,0,0,0,1,1,0,0,None,0,0,0,Standard,Casting,2,Standard,6,0.5,19,Imported-Standard,Import,0.11,280881
V00819,Hydrocarbon,40.61,20.1,3.83,28.2,ISO Class IV,None,0,0,0,Check,1,25,600,Full bore,Socket-weld,ASME B16.10,SS316,Stainless steel,SS316,ENP (Electroless Nickel),PTFE,0,0,0,17,12,2.5,0.06,Manual,N/A,0,0,0,0,0,0,0,0,0,1,0,0,0,None,0,0,0,Standard,Casting,4,Standard,4,0.63,5,Generic-India,Domestic,0.31,129010
V00820,Air,94.35,52.3,2.88,28.6,ISO Class VI,None,0,0,0,Gate,1,25,600,Reduced port,Socket-weld,API 6D,SS316,Stainless steel,SS316,ENP (Electroless Nickel),Metal seat,0,1,0,17,12,2.5,0.06,Gearbox,N/A,0,0,1,0,0,0,0,0,0,1,0,0,0,None,0,0,0,Basic,Casting,4,Tight,6,0.75,14,Generic-India,Domestic,0.64,130965
V00821,Corrosive (Acid),92.23,31.2,9.88,423.8,ISO Class III,None,0,0,0,Check,16,400,900,Full bore,Flanged,ASME B16.10,Duplex 2205,Duplex SS,Stellite hardfaced,Stellite,Metal seat,0,0,0,22,5.5,3,0.03,Manual,N/A,0,0,0,0,0,0,0,0,0,1,1,0,0,None,0,0,0,Basic,Casting,4,Standard,17,0.7,19,Imported-Standard,Import,0.08,1495998
V00822,Natural Gas,56.61,254.6,0.05,250.9,ISO Class IV,None,0,0,0,Butterfly,8,200,600,Reduced port,Wafer,ASME B16.10,CS/WCB,Carbon steel,SS316,None,Metal seat,0,0,0,0.2,0.2,0.1,0.25,Manual,N/A,0,0,0,0,0,0,0,0,0,1,0,0,0,None,0,1,0,Basic,Forging,5,Standard,6,0.69,16,Generic-India,Domestic,0.79,276273
V00823,Slurry,32.17,99.8,1.88,187.7,ISO Class III,None,0,0,0,Check,8,200,300,Full bore,Flanged,ASME B16.10,CS/WCB,Carbon steel,Duplex 2205,None,Metal seat,0,0,0,0.2,0.2,0.1,0.25,Gearbox,N/A,0,0,0,0,0,0,0,0,0,1,1,0,0,None,0,1,0,Basic,Forging,3,Standard,5,0.78,12,Generic-India,Domestic,0.62,269162
V00824,Steam,35.1,266.2,1.8,165.5,ISO Class IV,None,0,0,0,Ball,3,80,600,Reduced port,Wafer,ASME B16.10,A105,Carbon steel,Stellite hardfaced,None,Metal seat,0,0,0,0.2,0.1,0.05,0.2,Manual,N/A,0,0,0,0,0,0,0,0,0,1,1,1,0,None,1,0,0,Full (EN10204 3.1 + QAP/ITP),Casting,3,Standard,10,0.74,18,MidTier-India,Domestic,0.77,105025
V00825,Steam,13.9,214.7,1.77,67,ISO Class VI,None,0,0,0,Gate,1.5,40,150,Reduced port,Flanged,API 6D,A105,Carbon steel,SS316,None,Metal seat,0,0,0,0.2,0.1,0.05,0.2,Manual,N/A,0,0,0,0,0,0,0,0,0,1,1,1,0,None,1,0,0,Standard,Forging,2,Tight,5,0.8,12,Premium-India,Domestic,0.94,53875
V00826,Corrosive (Acid),13.95,101.2,1.36,83,ISO Class IV,None,0,0,0,Check,3,80,150,Full bore,Butt-weld,ASME B16.10,Nickel Alloy 625,Nickel alloy,SS316,None,PTFE,0,1,0,21.5,60,9,0.02,Pneumatic,Fail-in-place,0,0,1,1,0,0,1,0,0,1,0,1,1,PT,0,0,0,Full (EN10204 3.1 + QAP/ITP),Casting,4,Standard,14,0.78,14,Generic-India,Domestic,0.77,514733
V00827,Water,78.16,52,22.06,9.8,ISO Class VI,None,0,0,0,Needle,0.5,15,600,Full bore,Flanged,ISO 5752,SS316,Stainless steel,Stellite hardfaced,None,PTFE,0,1,0,17,12,2.5,0.06,Manual,N/A,0,1,0,0,0,0,0,0,0,1,1,0,0,UT+RT,0,0,1,Standard,Casting,3,Tight,9,0.82,18,Generic-India,Domestic,0.53,80841
V00828,Natural Gas,54.47,50.9,24.54,125.2,ISO Class III,Anti-cavitation trim,1,0,0,Control,3,80,600,Reduced port,Threaded,ASME B16.10,CS/WCB,Carbon steel,Stellite hardfaced,None,PTFE,0,0,0,0.2,0.2,0.1,0.25,Pneumatic,Fail-open,1,1,1,1,0,1,1,0,0,1,0,0,0,PT,0,0,0,Basic,Casting,4,Tight,10,0.81,28,Imported-Standard,Import,0.46,415923
V00829,Air,139.5,76.6,6.9,82.4,ISO Class II,None,0,0,0,Ball,4,100,900,Full bore,Butt-weld,ISO 5752,SS316,Stainless steel,SS316,Tungsten carbide,PEEK,0,1,0,17,12,2.5,0.06,Manual,N/A,0,0,0,0,0,0,0,0,0,1,1,0,0,PT+MT,1,0,0,Standard,Forging,4,Standard,7,0.76,18,Imported-Premium,Import,0.27,622657
V00830,Hydrocarbon,11.77,82.7,3.2,15.6,ISO Class IV,None,0,0,0,Needle,1,25,150,Full bore,Butt-weld,ASME B16.10,SS304,Stainless steel,Stellite hardfaced,Stellite,Metal seat,0,0,0,18,8,0.3,0.07,Gearbox,N/A,0,0,0,0,0,0,0,0,0,1,1,0,0,PT+MT,0,0,0,Basic,Forging,3,Standard,10,0.79,10,MidTier-India,Domestic,0.52,68089
V00831,Slurry,276.67,72.2,13.63,18.7,ISO Class IV,None,0,0,0,Check,0.5,15,2500,Reduced port,Threaded,ASME B16.10,SS316,Stainless steel,Nickel Alloy 625,None,Elastomer (NBR/EPDM),0,1,1,17,12,2.5,0.06,Manual,N/A,0,0,0,1,0,0,0,0,0,1,1,0,0,MT,0,0,0,Full (EN10204 3.1 + QAP/ITP),Forging,5,Standard,12,0.74,24,Premium-India,Domestic,0.49,108200
V00832,Hydrocarbon,9.68,126.7,0.89,765.8,ISO Class IV,None,0,0,0,Check,14,350,150,Reduced port,Butt-weld,ASME B16.10,SS304,Stainless steel,SS410,Tungsten carbide,Metal seat,0,0,0,18,8,0.3,0.07,Manual,N/A,0,1,0,0,0,0,0,0,0,1,1,0,1,UT+RT,0,0,0,Basic,Casting,3,Tight,12,0.71,12,Imported-Standard,Domestic,0.62,426894
V00833,Natural Gas,152.91,263.8,16.44,89.2,ISO Class I,None,0,0,0,Check,2,50,1500,Reduced port,Socket-weld,API 6D,Bronze,Copper alloy,SS410,None,Metal seat,0,0,0,0.2,0.8,0.1,0.02,Manual,N/A,0,0,0,0,0,0,0,0,0,1,1,0,0,None,1,1,0,Standard,Forging,3,Standard,11,0.84,24,Imported-Standard,Import,0.57,270716
V00834,Slurry,10.57,66.3,0.37,136.5,ISO Class II,None,0,0,0,Gate,8,200,150,Reduced port,Flanged,ASME B16.10,A105,Carbon steel,Nickel Alloy 625,None,Elastomer (NBR/EPDM),0,0,0,0.2,0.1,0.05,0.2,Manual,N/A,0,0,0,1,0,0,0,0,0,1,1,0,0,PT,0,0,0,Standard,Forging,2,Standard,8,0.68,7,Premium-India,Domestic,0.74,148320
V00835,Corrosive (Acid),6.44,61.5,1.3,120.9,ISO Class IV,None,0,0,0,Control,6,150,150,Full bore,Socket-weld,ASME B16.10,SS316,Stainless steel,SS316,ENP (Electroless Nickel),PTFE,0,0,0,17,12,2.5,0.06,Electric,Fail-close,0,0,0,1,0,0,0,0,0,1,1,0,0,PT+MT,0,0,0,Standard,Forging,5,Tight,2,0.48,22,Generic-India,Domestic,0.83,602567
V00836,Air,39.25,49.8,2.1,131.6,ISO Class II,None,0,0,0,Ball,2,50,600,Full bore,Flanged,ASME B16.10,CS/WCB,Carbon steel,Stellite hardfaced,Stellite,Metal seat,0,0,0,0.2,0.2,0.1,0.25,Electric,Fail-in-place,0,1,0,1,1,0,0,0,0,1,1,1,0,UT+RT,0,0,1,Full (EN10204 3.1 + QAP/ITP),Casting,3,Standard,8,0.95,13,Generic-India,Domestic,0.86,339549
V00837,Slurry,12.95,68.7,1.19,68.5,ISO Class III,None,0,0,0,Gate,2,50,150,Reduced port,Threaded,ASME B16.10,SS316,Stainless steel,Stellite hardfaced,None,Metal seat,0,1,1,17,12,2.5,0.06,Electric,Fail-in-place,1,0,0,1,0,0,0,0,0,1,1,0,0,None,0,0,0,Full (EN10204 3.1 + QAP/ITP),Casting,2,Tight,9,0.95,20,Imported-Standard,Import,0.4,160376
V00838,Corrosive (Acid),60.21,67,8.24,255.8,ISO Class I,None,0,0,0,Gate,4,100,900,Full bore,Lug,ASME B16.10,Duplex 2205,Duplex SS,Nickel Alloy 625,Tungsten carbide,PTFE,0,0,0,22,5.5,3,0.03,Manual,N/A,0,0,0,0,0,0,0,0,0,1,1,0,0,None,0,0,0,Standard,Forging,3,Standard,11,0.95,14,Generic-India,Domestic,0.98,404679
V00839,Oxygen,30.31,30.8,11.86,160.8,ISO Class V,None,0,0,0,Globe,4,100,300,Reduced port,Flanged,ISO 5752,SS316,Stainless steel,Nickel Alloy 625,Stellite,PEEK,0,1,0,17,12,2.5,0.06,Pneumatic,Fail-close,0,0,1,1,0,0,1,0,0,1,1,0,0,MT,0,0,0,Basic,Casting,2,Tight,7,0.83,13,MidTier-India,Domestic,0.65,523258
V00840,Water,14.22,38.8,1.32,19,ISO Class V,None,0,0,0,Ball,1,25,150,Full bore,Threaded,ISO 5752,Bronze,Copper alloy,SS410,None,PTFE,0,0,0,0.2,0.8,0.1,0.02,Pneumatic,Fail-close,1,0,1,1,0,0,1,0,0,1,1,0,0,PT,1,0,0,Basic,Casting,2,Tight,8,0.72,9,Generic-India,Domestic,0.61,66765
V00841,Water,96.68,0.8,9.5,13,ISO Class IV,None,0,0,0,Control,1,25,900,Reduced port,Butt-weld,ASME B16.10,SS304,Stainless steel,Stellite hardfaced,None,Metal seat,0,0,0,18,8,0.3,0.07,Electric,Fail-in-place,0,1,0,1,0,0,0,0,0,1,1,0,0,None,0,1,0,Basic,Forging,5,Tight,3,0.72,27,Generic-India,Domestic,0.39,445010
V00842,Air,18.97,20.2,1.39,85.4,ISO Class IV,None,0,0,0,Ball,1.5,40,300,Reduced port,Threaded,ASME B16.10,A105,Carbon steel,Stellite hardfaced,None,Metal seat,0,0,0,0.2,0.1,0.05,0.2,Manual,N/A,0,0,0,0,1,0,0,0,0,1,1,0,0,None,0,0,0,Standard,Forging,4,Standard,6,0.8,5,Imported-Premium,Import,0.24,76929
V00843,Water,143.84,44.9,10.29,121.1,ISO Class VI,None,0,0,0,Ball,4,100,1500,Reduced port,Butt-weld,ASME B16.10,A105,Carbon steel,Stellite hardfaced,None,Metal seat,0,0,0,0.2,0.1,0.05,0.2,Manual,N/A,0,0,0,0,0,0,0,0,0,1,1,0,0,None,1,0,1,Basic,Forging,3,Tight,12,0.74,13,MidTier-India,Domestic,0.83,370634
V00844,Natural Gas,114.73,115.8,17.18,10,ISO Class I,None,0,0,0,Ball,0.5,15,1500,Full bore,Threaded,ASME B16.10,CS/WCB,Carbon steel,SS410,None,Metal seat,0,0,0,0.2,0.2,0.1,0.25,Manual,N/A,0,0,0,0,0,0,0,0,0,1,1,0,1,RT,1,0,0,Standard,Forging,5,Standard,8,0.61,25,Generic-India,Domestic,0.65,64737
V00845,Steam,73.94,225.7,4.46,617,ISO Class IV,None,0,0,0,Ball,20,500,900,Full bore,Flanged,MSS SP-97,Duplex 2205,Duplex SS,Stellite hardfaced,None,Metal seat,0,1,0,22,5.5,3,0.03,Gearbox,N/A,0,1,0,0,1,0,0,0,0,1,0,1,0,None,1,0,0,Standard,Casting,2,Standard,13,0.72,19,Generic-India,Domestic,0.98,2024008
V00846,Air,71.09,22.5,8.96,101.2,ISO Class V,None,0,0,0,Check,4,100,600,Full bore,Lug,ASME B16.10,Duplex 2205,Duplex SS,Duplex 2205,ENP (Electroless Nickel),PTFE,0,1,0,22,5.5,3,0.03,Manual,N/A,0,0,0,0,0,0,0,0,0,1,1,0,0,UT,0,0,0,Standard,Casting,3,Tight,10,0.74,21,Imported-Standard,Import,0.24,433110
V00847,Hydrocarbon,22.06,135.8,6.23,31.5,ISO Class III,None,0,0,0,Control,1,25,300,Reduced port,Flanged,API 6D,CS/WCB,Carbon steel,Stellite hardfaced,None,PEEK,1,0,0,0.2,0.2,0.1,0.25,Pneumatic,Fail-open,0,1,1,1,0,1,1,0,0,1,1,0,0,UT+RT,0,0,0,Full (EN10204 3.1 + QAP/ITP),Casting,4,Tight,6,0.83,28,Generic-India,Domestic,0.63,144389
V00848,Slurry,32.63,50.1,2.35,126.2,ISO Class III,None,0,0,0,Gate,3,80,300,Reduced port,Flanged,ASME B16.10,A105,Carbon steel,SS316,None,PEEK,0,0,0,0.2,0.1,0.05,0.2,Manual,N/A,0,0,0,0,0,0,0,0,0,1,1,0,1,UT+RT,0,0,0,Standard,Casting,2,Standard,7,0.71,21,Generic-India,Domestic,0.76,91363
V00849,Hydrocarbon,34.14,129.7,2.75,86.8,ISO Class IV,None,0,0,0,Control,6,150,600,Reduced port,Threaded,ASME B16.10,CS/WCB,Carbon steel,Nickel Alloy 625,Tungsten carbide,Metal seat,1,0,0,0.2,0.2,0.1,0.25,Manual,N/A,0,0,0,0,1,0,0,0,0,1,1,0,0,PT+MT,1,0,0,Basic,Casting,5,Tight,10,0.68,22,MidTier-India,Domestic,0.87,507256
V00850,Slurry,1.54,52.8,0.17,217.8,ISO Class IV,None,0,0,0,Ball,8,200,150,Reduced port,Flanged,ISO 5752,CS/WCB,Carbon steel,SS316,Ceramic coating,Elastomer (NBR/EPDM),0,0,0,0.2,0.2,0.1,0.25,Pneumatic,Fail-in-place,1,0,1,1,0,0,1,1,1,1,1,0,1,None,0,0,1,Basic,Forging,3,Standard,10,0.73,22,Premium-India,Domestic,0.98,407780
V00851,Oxygen,9.77,-40,1.96,7.8,ISO Class V,None,0,0,0,Needle,0.5,15,150,Reduced port,Socket-weld,ASME B16.10,Bronze,Copper alloy,SS316,Stellite,PTFE,0,0,0,0.2,0.8,0.1,0.02,Pneumatic,Fail-in-place,1,0,1,1,0,0,1,0,0,1,0,0,0,MT,0,0,0,Standard,Casting,3,Tight,8,0.8,21,Generic-India,Domestic,0.74,68727
V00852,Hydrocarbon,150.92,28.3,6.98,55.4,ISO Class VI,None,0,0,0,Ball,2,50,1500,Full bore,Flanged,ASME B16.10,CS/WCB,Carbon steel,SS316,None,Metal seat,1,0,0,0.2,0.2,0.1,0.25,Pneumatic,Fail-close,1,0,1,1,0,0,1,1,0,1,1,0,0,UT+RT,0,0,0,Full (EN10204 3.1 + QAP/ITP),Forging,4,Tight,8,0.68,13,Generic-India,Domestic,0.66,519995
V00853,Hydrocarbon,67.87,201.7,13.6,57.1,ISO Class III,None,0,0,0,Control,1.5,40,600,Reduced port,Wafer,API 6D,CS/WCB,Carbon steel,SS316,None,Metal seat,0,0,0,0.2,0.2,0.1,0.25,Electric,Fail-open,0,0,0,1,0,0,0,0,0,1,1,0,0,RT,1,0,0,Basic,Casting,2,Tight,4,0.57,20,Generic-India,Domestic,0.63,186158
V00854,Natural Gas,78.2,160.1,4.02,25.8,ISO Class VI,None,0,0,0,Check,1,25,900,Full bore,Flanged,ISO 5752,CS/WCB,Carbon steel,Stellite hardfaced,None,PEEK,1,0,0,0.2,0.2,0.1,0.25,Manual,N/A,0,0,0,0,0,0,0,0,0,1,1,0,0,None,0,0,1,Standard,Forging,1,Tight,6,0.86,14,Imported-Premium,Import,0.24,137219
V00855,Hydrocarbon,45.36,219.4,7.45,403,ISO Class V,None,0,0,0,Butterfly,12,300,600,Full bore,Wafer,MSS SP-97,SS316,Stainless steel,Nickel Alloy 625,None,Metal seat,0,0,0,17,12,2.5,0.06,Pneumatic,Fail-close,1,0,1,1,0,0,1,1,1,1,1,0,0,UT,0,1,0,Standard,Casting,1,Tight,15,0.77,12,MidTier-India,Domestic,0.94,968544
V00856,Water,40.08,33.4,3.97,192.1,ISO Class I,None,0,0,0,Butterfly,10,250,300,Reduced port,Lug,ASME B16.10,CS/WCB,Carbon steel,SS410,None,PTFE,0,0,0,0.2,0.2,0.1,0.25,Manual,N/A,0,0,0,0,0,0,0,0,0,1,0,1,0,PT+MT,0,0,0,Standard,Casting,4,Standard,8,0.75,13,MidTier-India,Domestic,0.7,171981
V00857,Steam,35.31,309.4,1.65,336.1,ISO Class IV,None,0,0,0,Check,8,200,300,Reduced port,Flanged,ASME B16.10,Duplex 2205,Duplex SS,SS316,Stellite,PEEK,0,1,0,22,5.5,3,0.03,Pneumatic,Fail-open,0,1,1,1,0,0,1,1,0,1,1,0,0,None,0,0,0,Standard,Forging,5,Standard,12,0.54,7,MidTier-India,Domestic,0.59,723270
V00858,Natural Gas,122.93,145.7,9.61,122.2,ISO Class IV,None,0,0,0,Check,10,250,900,Full bore,Flanged,ASME B16.10,SS316,Stainless steel,Stellite hardfaced,ENP (Electroless Nickel),PTFE,1,1,0,17,12,2.5,0.06,Pneumatic,Fail-close,1,0,1,1,0,0,1,1,1,1,1,0,0,RT,1,0,0,Standard,Casting,1,Tight,8,0.95,11,Imported-Premium,Import,0.48,1805595
V00859,Water,57.11,80.4,11.31,78.5,ISO Class II,None,0,0,0,Globe,4,100,600,Reduced port,Threaded,ISO 5752,CS/WCB,Carbon steel,Duplex 2205,None,Elastomer (NBR/EPDM),0,0,0,0.2,0.2,0.1,0.25,Pneumatic,Fail-close,1,0,1,1,0,0,1,0,0,1,1,0,0,UT,0,1,0,Full (EN10204 3.1 + QAP/ITP),Casting,5,Tight,8,0.85,11,Imported-Standard,Domestic,0.98,396290
V00860,Steam,64.08,227.9,11.16,25,ISO Class IV,None,0,0,0,Globe,1,25,600,Full bore,Butt-weld,ISO 5752,CS/WCB,Carbon steel,Nickel Alloy 625,Stellite,Metal seat,0,0,0,0.2,0.2,0.1,0.25,Pneumatic,Fail-close,0,0,1,1,0,0,1,0,0,1,1,0,0,None,0,0,0,Full (EN10204 3.1 + QAP/ITP),Casting,2,Standard,11,0.7,7,Imported-Standard,Import,0.1,121319
V00861,Slurry,33.72,25.5,3.31,209,ISO Class IV,None,0,0,0,Check,6,150,300,Full bore,Butt-weld,MSS SP-97,CS/WCB,Carbon steel,Stellite hardfaced,Ceramic coating,PTFE,0,0,1,0.2,0.2,0.1,0.25,Electric,Fail-close,0,0,0,1,0,0,0,0,0,1,1,0,0,UT,0,0,0,Standard,Casting,3,Tight,9,0.74,5,MidTier-India,Domestic,0.69,365302
V00862,Air,86.22,92.2,0.05,223.8,ISO Class VI,None,0,0,0,Butterfly,8,200,600,Reduced port,Wafer,ASME B16.10,A105,Carbon steel,SS316,ENP (Electroless Nickel),PTFE,0,0,0,0.2,0.1,0.05,0.2,Manual,N/A,0,0,0,0,0,0,0,0,0,1,1,0,0,None,0,0,0,Standard,Casting,1,Tight,13,0.84,16,MidTier-India,Domestic,0.78,224695
V00863,Air,39.17,79,4.21,335.8,ISO Class IV,None,0,0,0,Butterfly,12,300,300,Full bore,Wafer,API 6D,A105,Carbon steel,SS316,None,Metal seat,0,0,0,0.2,0.1,0.05,0.2,Electric,Fail-close,0,1,0,1,0,0,0,0,0,1,1,0,0,RT,0,0,0,Standard,Casting,4,Standard,10,0.7,12,Generic-India,Domestic,0.98,519955
V00864,Air,63.51,43.4,6.42,122.3,ISO Class VI,None,0,0,0,Ball,3,80,900,Full bore,Threaded,API 6D,A105,Carbon steel,SS316,None,Metal seat,0,0,0,0.2,0.1,0.05,0.2,Electric,Fail-in-place,0,0,0,1,0,0,0,0,0,1,1,0,0,UT,0,0,0,Basic,Forging,2,Tight,14,0.77,17,Imported-Premium,Import,0.61,385355
V00865,Oxygen,54.48,2.4,12.21,89.1,ISO Class VI,None,0,0,0,Control,6,150,600,Reduced port,Butt-weld,API 6D,SS316,Stainless steel,Stellite hardfaced,None,PTFE,0,0,0,17,12,2.5,0.06,Pneumatic,Fail-open,1,1,1,1,0,1,1,1,0,1,1,0,0,PT,1,0,0,Standard,Casting,5,Tight,9,0.69,19,Imported-Standard,Import,0.18,1769718
V00866,Water,34.47,5.4,4.17,185,ISO Class III,None,0,0,0,Butterfly,12,300,300,Reduced port,Wafer,API 6D,CS/WCB,Carbon steel,Stellite hardfaced,Stellite,Metal seat,0,0,0,0.2,0.2,0.1,0.25,Manual,N/A,0,0,0,0,0,0,0,0,0,1,1,0,0,UT,0,0,0,Standard,Casting,3,Tight,5,0.89,8,MidTier-India,Domestic,0.42,252642
V00867,Steam,48.5,129.7,5.41,53.5,ISO Class V,None,0,0,0,Ball,4,100,600,Full bore,Socket-weld,MSS SP-97,CS/WCB,Carbon steel,Duplex 2205,None,Metal seat,0,0,0,0.2,0.2,0.1,0.25,Manual,N/A,0,0,1,0,0,0,0,0,0,1,1,1,0,PT+MT,0,0,0,Basic,Casting,2,Tight,6,0.82,20,MidTier-India,Domestic,0.97,231092
V00868,Hydrocarbon,28.84,147.4,13.57,19.3,ISO Class IV,None,0,0,0,Needle,0.5,15,1500,Reduced port,Threaded,API 6D,CS/WCB,Carbon steel,Stellite hardfaced,ENP (Electroless Nickel),PTFE,1,0,0,0.2,0.2,0.1,0.25,Pneumatic,Fail-open,1,0,1,1,0,0,1,1,0,1,0,0,0,RT,0,0,0,Full (EN10204 3.1 + QAP/ITP),Forging,4,Standard,7,0.66,24,Generic-India,Domestic,0.47,89672
V00869,Water,73.41,39.2,0.67,651.4,ISO Class VI,None,0,0,0,Check,10,250,600,Full bore,Flanged,ISO 5752,SS316,Stainless steel,Stellite hardfaced,ENP (Electroless Nickel),PTFE,0,1,0,17,12,2.5,0.06,Pneumatic,Fail-close,1,0,1,1,0,0,1,1,1,1,1,0,1,UT,0,0,0,Basic,Casting,4,Tight,7,0.58,24,Imported-Standard,Import,0.35,1952172
V00870,Steam,36.25,188.7,1.78,627.9,ISO Class V,None,0,0,0,Butterfly,10,250,300,Full bore,Flanged,API 6D,CS/WCB,Carbon steel,Nickel Alloy 625,Stellite,Metal seat,0,0,0,0.2,0.2,0.1,0.25,Pneumatic,Fail-in-place,0,0,1,1,0,0,1,1,0,1,1,1,0,None,1,0,0,Basic,Casting,5,Tight,2,0.79,13,Generic-India,Domestic,0.54,634803
V00871,Water,15.66,38.3,2.04,21,ISO Class V,None,0,0,0,Control,1,25,300,Full bore,Socket-weld,ASME B16.10,SS316,Stainless steel,Nickel Alloy 625,None,PEEK,0,0,0,17,12,2.5,0.06,Manual,N/A,0,0,0,0,0,0,0,0,0,1,0,1,0,RT,0,0,0,Standard,Forging,4,Tight,5,0.91,25,MidTier-India,Domestic,0.72,136042
V00872,Hydrocarbon,44.19,79.5,3.06,452.8,ISO Class III,None,0,0,0,Butterfly,10,250,300,Full bore,Flanged,API 6D,CS/WCB,Carbon steel,Duplex 2205,None,PTFE,0,0,0,0.2,0.2,0.1,0.25,Manual,N/A,0,0,0,0,0,0,0,0,0,1,1,1,0,None,0,0,1,Standard,Casting,2,Standard,10,0.79,20,MidTier-India,Domestic,0.93,249125
V00873,Slurry,27.04,34.1,5.59,329.5,ISO Class V,None,0,0,0,Butterfly,20,500,300,Full bore,Lug,ISO 5752,Duplex 2205,Duplex SS,Nickel Alloy 625,None,Elastomer (NBR/EPDM),0,0,1,22,5.5,3,0.03,Electric,Fail-close,0,1,0,1,0,0,0,0,0,1,1,1,0,None,1,0,1,Standard,Forging,2,Tight,13,0.91,15,Premium-India,Domestic,0.95,978556
V00874,Hydrocarbon,117.32,-11.2,14.88,130.6,ISO Class V,None,0,0,0,Ball,8,200,1500,Full bore,Butt-weld,ASME B16.10,SS316,Stainless steel,SS410,Tungsten carbide,Metal seat,1,1,0,17,12,2.5,0.06,Electric,Fail-close,0,0,0,1,0,0,0,0,0,1,1,1,0,RT,0,0,0,Basic,Casting,1,Tight,13,0.7,17,Generic-India,Domestic,0.86,1612380
V00875,Hydrocarbon,18,159.5,6.16,34.2,ISO Class IV,None,0,0,0,Needle,1,25,300,Full bore,Flanged,ASME B16.10,SS304,Stainless steel,SS316,Tungsten carbide,Metal seat,0,0,0,18,8,0.3,0.07,Pneumatic,Fail-close,1,1,1,1,0,0,1,0,0,1,1,0,1,UT,0,0,0,Standard,Casting,3,Standard,4,0.8,14,MidTier-India,Domestic,0.65,192308
V00876,Natural Gas,8.09,182.2,0.3,13.2,ISO Class V,None,0,0,0,Needle,0.75,20,150,Reduced port,Flanged,ASME B16.10,CS/WCB,Carbon steel,SS316,None,Metal seat,1,0,0,0.2,0.2,0.1,0.25,Manual,N/A,0,0,0,0,0,0,0,0,0,1,1,0,0,None,0,1,0,Basic,Forging,3,Tight,13,0.85,6,Generic-India,Domestic,0.98,31279
V00877,Oxygen,17.27,-35.6,1.31,759.8,ISO Class V,None,0,0,0,Butterfly,14,350,300,Full bore,Lug,ISO 5752,SS316,Stainless steel,Duplex 2205,Stellite,PEEK,0,0,0,17,12,2.5,0.06,Manual,N/A,0,1,0,0,0,0,0,0,0,1,1,0,0,MT,1,0,0,Standard,Casting,5,Tight,5,0.93,5,Imported-Standard,Import,0.29,741398
V00878,Steam,38.63,297.9,15.19,46.7,ISO Class V,None,0,0,1,Control,3,80,300,Full bore,Socket-weld,API 6D,CS/WCB,Carbon steel,Nickel Alloy 625,ENP (Electroless Nickel),Metal seat,0,0,0,0.2,0.2,0.1,0.25,Hydraulic,Fail-close,1,0,0,0,0,0,0,0,0,1,1,0,0,None,0,1,0,Basic,Casting,5,Tight,10,0.52,14,MidTier-India,Domestic,0.96,383536
V00879,Natural Gas,16.25,105.4,1.66,94.7,ISO Class II,None,0,0,0,Butterfly,3,80,300,Full bore,Wafer,API 6D,SS316,Stainless steel,SS410,None,Elastomer (NBR/EPDM),1,1,0,17,12,2.5,0.06,Manual,N/A,0,0,0,0,0,0,0,0,0,1,1,0,0,None,1,1,0,Standard,Casting,1,Standard,14,0.84,12,MidTier-India,Domestic,0.69,98665
V00880,Hydrocarbon,6.59,142.6,0.05,126.9,ISO Class III,None,0,0,0,Ball,4,100,150,Reduced port,Flanged,ASME B16.10,CS/WCB,Carbon steel,SS316,Tungsten carbide,PTFE,0,0,0,0.2,0.2,0.1,0.25,Gearbox,N/A,0,0,0,0,0,0,0,0,0,0,1,0,1,None,0,0,0,Standard,Casting,2,Standard,5,0.92,14,Generic-India,Domestic,0.79,91420
V00881,Corrosive (Acid),22.57,103.1,2.07,124.2,ISO Class IV,None,0,0,0,Ball,10,250,300,Reduced port,Flanged,API 6D,SS316,Stainless steel,SS316,None,Metal seat,0,1,0,17,12,2.5,0.06,Manual,N/A,0,0,0,0,0,0,0,0,0,1,1,0,0,UT,1,0,0,Standard,Casting,3,Standard,9,0.87,11,MidTier-India,Domestic,0.3,389550
V00882,Natural Gas,35.96,171.6,0.2,171,ISO Class II,None,0,0,0,Control,8,200,600,Full bore,Flanged,ASME B16.10,Bronze,Copper alloy,Stellite hardfaced,Tungsten carbide,PEEK,0,0,0,0.2,0.8,0.1,0.02,Pneumatic,Fail-in-place,1,1,1,1,0,1,1,1,1,1,1,0,0,MT,0,0,0,Basic,Forging,5,Tight,8,0.83,12,MidTier-India,Domestic,0.98,2449873
V00883,Oxygen,58,6.5,15.38,12.6,ISO Class V,None,0,0,0,Needle,0.75,20,600,Full bore,Butt-weld,ASME B16.10,SS304,Stainless steel,SS410,ENP (Electroless Nickel),Metal seat,0,0,0,18,8,0.3,0.07,Pneumatic,Fail-in-place,0,1,1,1,0,0,1,0,0,1,0,0,0,PT+MT,0,0,1,Full (EN10204 3.1 + QAP/ITP),Casting,4,Tight,16,0.78,11,Generic-India,Domestic,0.24,151772
V00884,Natural Gas,84.65,48,4.89,1055.6,ISO Class III,None,0,0,0,Gate,24,600,600,Full bore,Flanged,ISO 5752,CS/WCB,Carbon steel,Duplex 2205,None,PEEK,0,0,0,0.2,0.2,0.1,0.25,Manual,N/A,0,0,0,0,1,0,0,0,0,1,1,0,0,None,0,0,0,Standard,Forging,5,Standard,7,0.67,14,MidTier-India,Domestic,0.62,853582
V00885,Slurry,63.66,65.6,13.24,798,ISO Class III,None,0,0,0,Butterfly,20,500,600,Full bore,Wafer,ASME B16.10,A105,Carbon steel,SS316,ENP (Electroless Nickel),PTFE,0,0,1,0.2,0.1,0.05,0.2,Manual,N/A,0,0,0,0,0,0,0,0,0,1,1,0,0,PT,0,0,0,Standard,Casting,4,Standard,5,0.78,10,Imported-Premium,Import,0.41,725984
V00886,Water,28.51,110.2,13.23,37.7,ISO Class II,None,0,0,0,Needle,1,25,300,Full bore,Threaded,MSS SP-97,SS316,Stainless steel,SS316,None,Metal seat,0,1,0,17,12,2.5,0.06,Pneumatic,Fail-open,0,0,1,1,1,0,1,0,0,1,1,0,0,UT+RT,1,1,0,Full (EN10204 3.1 + QAP/ITP),Casting,4,Standard,13,0.55,21,Imported-Standard,Import,0.2,137517
V00887,Water,66.41,80.8,0.72,52,ISO Class III,None,0,0,0,Ball,2,50,600,Full bore,Threaded,ASME B16.10,A105,Carbon steel,SS316,Stellite,Metal seat,0,0,0,0.2,0.1,0.05,0.2,Pneumatic,Fail-in-place,0,0,1,1,0,0,1,0,0,1,1,1,0,None,1,0,0,Standard,Casting,3,Standard,7,0.82,31,MidTier-India,Domestic,0.83,205922
V00888,Water,16.15,41.9,0.38,323.3,ISO Class VI,None,0,0,0,Ball,8,200,300,Reduced port,Flanged,MSS SP-97,CS/WCB,Carbon steel,Stellite hardfaced,None,Elastomer (NBR/EPDM),0,0,0,0.2,0.2,0.1,0.25,Electric,Fail-close,0,0,0,1,0,0,0,0,0,0,1,1,0,None,0,0,1,Basic,Forging,4,Tight,7,0.95,10,Imported-Standard,Import,0.33,573367
V00889,Slurry,108.72,98.3,34.17,72.2,ISO Class IV,None,0,0,0,Needle,2,50,900,Reduced port,Butt-weld,ASME B16.10,A105,Carbon steel,Nickel Alloy 625,None,Metal seat,0,0,1,0.2,0.1,0.05,0.2,Manual,N/A,0,0,0,0,0,0,0,0,0,1,1,0,0,PT,0,0,0,Standard,Forging,2,Standard,11,0.83,22,MidTier-India,Domestic,0.42,102258
V00890,Water,13.27,0,1.45,211,ISO Class IV,None,0,0,0,Butterfly,4,100,150,Reduced port,Wafer,ASME B16.10,CS/WCB,Carbon steel,Stellite hardfaced,ENP (Electroless Nickel),PTFE,0,0,0,0.2,0.2,0.1,0.25,Manual,N/A,0,0,0,0,1,0,0,0,0,1,1,0,0,UT+RT,0,1,0,Standard,Forging,2,Standard,7,0.59,11,Premium-India,Domestic,0.65,65354
V00891,Steam,63.83,203.7,13.25,144.5,ISO Class IV,None,0,0,0,Control,3,80,900,Reduced port,Flanged,ASME B16.10,SS316,Stainless steel,SS316,None,Metal seat,0,0,0,17,12,2.5,0.06,Pneumatic,Fail-in-place,0,1,1,1,0,1,1,1,0,1,1,0,1,UT,0,0,0,Standard,Forging,4,Tight,9,0.65,19,Imported-Standard,Import,0.09,1019475
V00892,Oxygen,6.32,45.5,0.91,14.7,ISO Class V,None,0,0,0,Ball,1,25,150,Full bore,Socket-weld,API 6D,SS304,Stainless steel,Duplex 2205,None,PTFE,0,0,0,18,8,0.3,0.07,Manual,N/A,0,0,0,0,0,0,0,0,0,1,1,0,0,None,1,0,0,Standard,Casting,2,Tight,4,0.69,19,Premium-India,Domestic,0.66,62729
V00893,Natural Gas,41.41,152.1,5.63,13.2,ISO Class IV,None,0,0,0,Needle,0.5,15,300,Reduced port,Flanged,ASME B16.10,CS/WCB,Carbon steel,Nickel Alloy 625,None,Elastomer (NBR/EPDM),0,0,0,0.2,0.2,0.1,0.25,Gearbox,N/A,0,0,0,0,0,0,0,0,0,1,1,0,0,None,1,0,1,Standard,Forging,2,Tight,9,0.78,7,Imported-Premium,Import,0.38,38389
V00894,Corrosive (Acid),33.05,121.6,3.59,285.7,ISO Class II,None,0,0,0,Ball,10,250,300,Full bore,Flanged,ASME B16.10,Duplex 2205,Duplex SS,Stellite hardfaced,None,PEEK,0,1,0,22,5.5,3,0.03,Electric,Fail-in-place,1,0,1,1,0,0,0,0,0,1,1,1,0,None,0,0,0,Basic,Forging,5,Standard,10,0.35,14,Generic-India,Domestic,0.59,1245608
V00895,Natural Gas,9.95,74.7,3.19,17.4,ISO Class III,None,0,0,0,Needle,1,25,300,Full bore,Socket-weld,ISO 5752,SS304,Stainless steel,Stellite hardfaced,ENP (Electroless Nickel),PTFE,0,0,0,18,8,0.3,0.07,Pneumatic,Fail-open,1,0,1,1,0,0,1,0,0,1,1,0,1,UT,1,0,0,Basic,Casting,3,Standard,6,0.72,17,MidTier-India,Domestic,0.94,149131
V00896,Slurry,41.15,46.3,14.22,35,ISO Class VI,None,0,0,0,Globe,2,50,600,Full bore,Threaded,ASME B16.10,CS/WCB,Carbon steel,SS316,None,PTFE,0,0,0,0.2,0.2,0.1,0.25,Pneumatic,Fail-close,0,0,1,1,1,0,1,0,0,1,1,0,0,PT+MT,0,0,0,Standard,Forging,3,Tight,7,0.71,9,Generic-India,Domestic,0.38,197428
V00897,Steam,110.7,112.5,33.8,36.5,ISO Class V,None,0,0,0,Needle,1,25,900,Full bore,Butt-weld,API 6D,CS/WCB,Carbon steel,Nickel Alloy 625,Stellite,PEEK,0,0,0,0.2,0.2,0.1,0.25,Manual,N/A,0,0,0,0,0,0,0,0,0,1,1,0,0,PT,0,0,1,Full (EN10204 3.1 + QAP/ITP),Forging,4,Tight,7,0.61,14,Generic-India,Domestic,0.8,108362
V00898,Slurry,9.83,27.5,1.04,20.2,ISO Class III,None,0,0,0,Ball,0.5,15,150,Reduced port,Wafer,ASME B16.10,SS316,Stainless steel,SS410,None,PEEK,0,0,1,17,12,2.5,0.06,Manual,N/A,0,0,0,0,0,0,0,0,0,1,1,0,0,PT,0,0,0,Basic,Casting,3,Standard,8,0.92,11,Imported-Standard,Domestic,0.98,30153
V00899,Natural Gas,14.24,206.3,0.89,207.5,ISO Class V,None,0,0,0,Ball,3,80,150,Full bore,Flanged,MSS SP-97,SS304,Stainless steel,SS316,Stellite,Metal seat,0,0,0,18,8,0.3,0.07,Manual,N/A,0,0,0,0,0,0,0,0,0,1,1,1,0,UT,0,0,0,Basic,Casting,4,Tight,5,0.68,20,Imported-Standard,Import,0.49,193512
V00900,Steam,53.54,232.2,2.65,47.3,ISO Class II,None,0,0,0,Gate,0.5,15,600,Reduced port,Flanged,API 6D,CS/WCB,Carbon steel,Nickel Alloy 625,None,Metal seat,0,0,0,0.2,0.2,0.1,0.25,Manual,N/A,0,0,0,0,0,0,0,0,0,1,1,0,0,None,0,0,0,Basic,Casting,3,Standard,8,0.86,12,Generic-India,Domestic,0.95,29436
V00901,Hydrocarbon,23.89,193.4,4.16,46.2,ISO Class IV,None,0,0,0,Gate,2,50,300,Reduced port,Butt-weld,MSS SP-97,CS/WCB,Carbon steel,Nickel Alloy 625,None,Metal seat,1,0,0,0.2,0.2,0.1,0.25,Pneumatic,Fail-close,1,0,1,1,0,0,1,0,0,1,1,0,1,None,0,0,0,Standard,Casting,2,Standard,10,0.65,13,Imported-Standard,Import,0.48,152894
V00902,Slurry,10.01,21,0.81,169.9,ISO Class V,None,0,0,0,Check,12,300,300,Full bore,Butt-weld,MSS SP-97,Duplex 2205,Duplex SS,Nickel Alloy 625,Stellite,Elastomer (NBR/EPDM),0,0,1,22,5.5,3,0.03,Pneumatic,Fail-open,1,0,1,1,1,0,1,1,1,1,1,1,0,None,0,0,1,Standard,Casting,4,Tight,8,0.92,25,Generic-India,Domestic,0.54,1330030
V00903,Hydrocarbon,57.7,98.3,30.03,169.9,ISO Class VI,Anti-cavitation trim,1,0,0,Control,8,200,900,Full bore,Butt-weld,ASME B16.10,CS/WCB,Carbon steel,SS316,None,Metal seat,0,0,0,0.2,0.2,0.1,0.25,Pneumatic,Fail-in-place,1,1,1,1,0,1,1,1,1,1,1,0,0,UT,0,1,0,Standard,Casting,4,Tight,5,0.86,14,Generic-India,Domestic,0.74,1479849
V00904,Steam,107.93,292.1,0.05,672.1,ISO Class V,None,0,0,0,Gate,8,200,900,Reduced port,Butt-weld,ASME B16.10,A105,Carbon steel,Duplex 2205,None,Metal seat,0,0,0,0.2,0.1,0.05,0.2,Manual,N/A,0,0,0,0,0,0,0,0,0,1,1,0,0,UT,0,0,1,Standard,Casting,1,Tight,12,0.74,11,MidTier-India,Domestic,0.67,351743
V00905,Air,29.96,27,6.44,28.6,ISO Class VI,None,0,0,0,Needle,1.5,40,300,Reduced port,Threaded,ASME B16.10,A105,Carbon steel,Duplex 2205,None,Elastomer (NBR/EPDM),0,0,0,0.2,0.1,0.05,0.2,Pneumatic,Fail-open,0,0,1,1,0,0,1,0,0,1,1,0,0,None,0,0,0,Standard,Casting,2,Tight,6,0.58,12,Premium-India,Domestic,0.84,92345
V00906,Air,46.17,0,4.99,16.4,ISO Class III,None,0,0,0,Gate,0.5,15,300,Reduced port,Threaded,API 6D,Bronze,Copper alloy,SS410,Stellite,Metal seat,0,0,0,0.2,0.8,0.1,0.02,Manual,N/A,0,0,0,0,0,0,0,0,0,1,1,1,0,MT,0,0,0,Basic,Casting,4,Standard,10,0.7,15,MidTier-India,Domestic,0.6,42789
V00907,Water,32.41,69.4,2.55,157.8,ISO Class V,None,0,0,0,Ball,6,150,900,Full bore,Flanged,ISO 5752,CS/WCB,Carbon steel,SS316,Stellite,PTFE,0,0,0,0.2,0.2,0.1,0.25,Manual,N/A,0,0,0,0,0,0,0,0,0,1,1,1,0,RT,0,0,0,Standard,Forging,3,Tight,8,0.88,30,Generic-India,Domestic,0.98,371360
V00908,Air,101.49,66.8,2.49,74.3,ISO Class V,None,0,0,0,Butterfly,4,100,900,Full bore,Wafer,ASME B16.10,CS/WCB,Carbon steel,Stellite hardfaced,None,PTFE,0,0,0,0.2,0.2,0.1,0.25,Manual,N/A,0,0,0,0,0,0,0,0,0,1,1,0,0,PT+MT,0,0,0,Standard,Forging,3,Tight,10,0.53,10,Generic-India,Domestic,0.86,150168
V00909,Natural Gas,82.1,21.2,49.49,43.8,ISO Class V,Anti-cavitation trim,1,0,0,Control,3,80,600,Reduced port,Flanged,ASME B16.10,A105,Carbon steel,Stellite hardfaced,None,Metal seat,0,0,0,0.2,0.1,0.05,0.2,Pneumatic,Fail-open,0,1,1,1,1,1,1,0,0,1,1,1,0,PT,0,1,0,Full (EN10204 3.1 + QAP/ITP),Casting,2,Tight,8,0.58,22,MidTier-India,Domestic,0.74,500896
V00910,Natural Gas,7.57,150.3,0.46,322.9,ISO Class IV,None,0,0,0,Butterfly,6,150,150,Full bore,Wafer,ASME B16.10,SS316,Stainless steel,Stellite hardfaced,None,Metal seat,0,0,0,17,12,2.5,0.06,Pneumatic,Fail-open,0,0,1,1,0,0,1,1,0,1,1,0,0,PT,1,0,0,Full (EN10204 3.1 + QAP/ITP),Forging,3,Standard,5,0.52,13,Imported-Standard,Import,0.16,269867
V00911,Water,12.25,5.6,2.02,70.4,ISO Class IV,None,0,0,0,Gate,2,50,150,Full bore,Flanged,API 6D,A105,Carbon steel,Alloy 20,ENP (Electroless Nickel),PTFE,0,0,0,0.2,0.1,0.05,0.2,Gearbox,N/A,0,0,0,0,0,0,0,0,0,1,1,0,0,UT+RT,1,0,0,Basic,Forging,3,Standard,5,0.81,14,MidTier-India,Domestic,0.61,81682
V00912,Air,25.2,9.1,0.32,76.7,ISO Class II,None,0,0,0,Ball,2,50,600,Full bore,Butt-weld,ASME B16.10,CS/WCB,Carbon steel,Nickel Alloy 625,ENP (Electroless Nickel),Elastomer (NBR/EPDM),0,0,0,0.2,0.2,0.1,0.25,Electric,Fail-open,0,0,0,1,0,0,0,0,0,1,1,0,0,MT,0,0,0,Full (EN10204 3.1 + QAP/ITP),Forging,3,Tight,11,0.61,17,MidTier-India,Domestic,0.73,192044
V00913,Corrosive (Acid),63.17,76.7,2.67,267,ISO Class IV,None,0,0,0,Check,8,200,600,Reduced port,Butt-weld,ASME B16.10,Duplex 2205,Duplex SS,Alloy 20,Tungsten carbide,PEEK,0,1,0,22,5.5,3,0.03,Manual,N/A,0,0,0,1,0,0,0,0,0,1,0,0,0,None,1,1,0,Basic,Forging,4,Standard,13,0.56,14,Generic-India,Domestic,0.59,565360
V00914,Water,25.84,68.4,2.36,103.1,ISO Class IV,None,0,0,0,Check,4,100,300,Full bore,Flanged,ASME B16.10,CS/WCB,Carbon steel,SS316,ENP (Electroless Nickel),PEEK,0,0,0,0.2,0.2,0.1,0.25,Pneumatic,Fail-in-place,1,0,1,1,0,0,1,0,0,1,1,0,0,UT+RT,0,1,0,Standard,Forging,2,Standard,10,0.43,18,Generic-India,Domestic,0.38,206219
V00915,Air,23.33,104.3,11.7,48,ISO Class II,None,0,0,0,Needle,1.5,40,300,Reduced port,Flanged,ISO 5752,CS/WCB,Carbon steel,Alloy 20,Stellite,Elastomer (NBR/EPDM),0,0,0,0.2,0.2,0.1,0.25,Pneumatic,Fail-open,1,0,1,1,0,0,1,0,0,1,1,1,0,None,0,1,0,Standard,Casting,3,Standard,2,0.74,11,Imported-Standard,Import,0.23,154382
V00916,Water,8.84,71.7,0.05,135.5,ISO Class IV,None,0,0,0,Ball,4,100,150,Full bore,Wafer,API 6D,CS/WCB,Carbon steel,SS316,None,PTFE,0,0,0,0.2,0.2,0.1,0.25,Manual,N/A,0,0,0,0,0,0,0,0,0,1,1,0,0,PT+MT,0,0,0,Standard,Casting,2,Standard,7,0.76,8,MidTier-India,Domestic,0.78,76620
V00917,Steam,8.19,191.8,0.58,17.4,ISO Class IV,None,0,0,0,Ball,0.75,20,150,Full bore,Flanged,MSS SP-97,Duplex 2205,Duplex SS,Duplex 2205,None,Metal seat,0,1,0,22,5.5,3,0.03,Electric,Fail-close,0,0,0,1,0,0,0,0,0,1,1,1,0,MT,0,1,0,Standard,Forging,4,Tight,9,0.65,22,Imported-Premium,Import,0.41,154131
V00918,Slurry,29.39,29.2,1.58,42.5,ISO Class VI,None,0,0,0,Gate,1.5,40,300,Full bore,Threaded,API 6D,CS/WCB,Carbon steel,SS316,None,PTFE,0,0,0,0.2,0.2,0.1,0.25,Manual,N/A,0,0,0,0,1,0,0,0,0,1,1,0,0,UT+RT,0,0,1,Full (EN10204 3.1 + QAP/ITP),Forging,2,Tight,9,0.66,12,Generic-India,Domestic,0.64,83543
V00919,Air,43.93,0,0.05,46.1,ISO Class VI,None,0,0,0,Check,1,25,600,Full bore,Flanged,ASME B16.10,SS316,Stainless steel,Duplex 2205,ENP (Electroless Nickel),Metal seat,0,1,0,17,12,2.5,0.06,Manual,N/A,0,0,0,0,1,0,0,0,0,1,1,0,1,None,1,0,0,Standard,Forging,5,Tight,6,0.87,18,Imported-Premium,Domestic,0.71,186663
V00920,Slurry,29.71,86.3,3.09,144.9,ISO Class III,None,0,0,0,Check,6,150,300,Reduced port,Flanged,MSS SP-97,Bronze,Copper alloy,SS316,None,Metal seat,0,0,1,0.2,0.8,0.1,0.02,Electric,Fail-close,1,0,0,1,0,0,0,0,0,1,1,0,0,None,1,0,0,Basic,Casting,3,Standard,14,0.75,18,MidTier-India,Domestic,0.86,400416
V00921,Natural Gas,29.05,182.8,10.39,54.8,ISO Class III,Anti-cavitation trim,1,1,0,Control,2,50,300,Full bore,Flanged,MSS SP-97,SS316,Stainless steel,SS410,None,Elastomer (NBR/EPDM),0,0,0,17,12,2.5,0.06,Pneumatic,Fail-close,1,1,1,1,0,1,1,0,0,1,1,1,0,None,0,0,0,Basic,Casting,3,Tight,9,0.71,19,Imported-Standard,Import,0.12,573591
V00922,Water,167.76,53.3,39.27,15.9,ISO Class V,None,0,0,0,Gate,0.75,20,2500,Reduced port,Socket-weld,ASME B16.10,CS/WCB,Carbon steel,SS316,None,PTFE,0,0,0,0.2,0.2,0.1,0.25,Manual,N/A,0,0,0,0,0,0,0,0,0,1,0,0,0,None,0,0,0,Basic,Forging,2,Tight,13,0.62,18,Imported-Standard,Import,0.27,117176
V00923,Air,31.7,4.8,2.1,10,ISO Class VI,None,0,0,0,Ball,0.5,15,600,Reduced port,Wafer,ISO 5752,A105,Carbon steel,SS316,Tungsten carbide,Metal seat,0,0,0,0.2,0.1,0.05,0.2,Manual,N/A,0,0,0,0,1,0,0,0,0,1,1,0,0,PT+MT,0,0,0,Standard,Casting,5,Tight,3,0.6,16,Generic-India,Domestic,0.63,40760
V00924,Air,17.43,25,3.84,46.5,ISO Class II,None,0,0,0,Needle,2,50,150,Reduced port,Flanged,ASME B16.10,CS/WCB,Carbon steel,Duplex 2205,None,PTFE,0,0,0,0.2,0.2,0.1,0.25,Hydraulic,Fail-open,0,0,0,0,0,0,0,0,0,1,1,0,1,UT,0,0,0,Basic,Casting,4,Standard,9,0.62,12,MidTier-India,Domestic,0.7,111374
V00925,Air,6.45,100.5,0.22,48.9,ISO Class III,None,0,0,0,Gate,1.5,40,150,Reduced port,Threaded,ISO 5752,SS316,Stainless steel,SS410,None,Metal seat,0,1,0,17,12,2.5,0.06,Gearbox,N/A,0,0,0,0,0,0,0,0,0,1,1,0,0,UT,1,0,0,Basic,Forging,2,Tight,4,0.62,9,Premium-India,Domestic,0.67,73073
V00926,Hydrocarbon,68.87,65.2,1.82,329.3,ISO Class V,None,0,0,0,Butterfly,12,300,600,Full bore,Flanged,ISO 5752,CS/WCB,Carbon steel,SS316,None,PTFE,0,0,0,0.2,0.2,0.1,0.25,Manual,N/A,0,0,0,0,0,0,0,0,0,1,1,0,0,PT+MT,0,0,0,Standard,Casting,4,Tight,9,0.71,7,Generic-India,Domestic,0.52,309525
V00927,Water,80.09,63.3,2.27,25.4,ISO Class II,None,0,0,0,Ball,1,25,600,Full bore,Flanged,ASME B16.10,CS/WCB,Carbon steel,Nickel Alloy 625,Ceramic coating,PTFE,0,0,0,0.2,0.2,0.1,0.25,Manual,N/A,0,0,0,0,0,0,0,0,0,0,1,0,0,MT,0,0,0,Full (EN10204 3.1 + QAP/ITP),Forging,2,Standard,5,0.78,13,Imported-Standard,Import,0.66,118304
V00928,Steam,80.14,260.3,14.95,61.6,ISO Class V,None,0,0,0,Control,2,50,600,Reduced port,Flanged,ASME B16.10,CS/WCB,Carbon steel,SS316,Stellite,PEEK,0,0,0,0.2,0.2,0.1,0.25,Hydraulic,Fail-close,0,0,0,0,1,0,0,0,0,1,1,0,0,MT,0,0,0,Standard,Casting,4,Tight,13,0.77,24,MidTier-India,Domestic,0.98,340768
V00929,Water,89.85,45.3,3.51,38.4,ISO Class IV,None,0,0,0,Needle,2,50,600,Full bore,Flanged,API 6D,CS/WCB,Carbon steel,Duplex 2205,Ceramic coating,Elastomer (NBR/EPDM),0,0,0,0.2,0.2,0.1,0.25,Manual,N/A,0,0,0,0,0,0,0,0,0,1,1,0,0,PT+MT,1,0,0,Basic,Casting,1,Standard,10,0.6,15,MidTier-India,Domestic,0.98,97194
V00930,Air,25.59,17.4,4.91,92.3,ISO Class VI,None,0,0,0,Control,1.5,40,300,Reduced port,Flanged,ASME B16.10,SS316,Stainless steel,SS410,Tungsten carbide,PTFE,0,0,0,17,12,2.5,0.06,Pneumatic,Fail-close,0,1,1,1,0,1,1,0,0,1,0,1,1,None,0,0,0,Basic,Casting,5,Tight,7,0.65,19,MidTier-India,Domestic,0.78,399577
V00931,Hydrocarbon,65.83,53.3,6.99,14.2,ISO Class VI,None,0,0,0,Globe,0.5,15,600,Full bore,Flanged,ISO 5752,A105,Carbon steel,SS316,Tungsten carbide,PTFE,1,0,0,0.2,0.1,0.05,0.2,Electric,Fail-close,0,0,0,1,0,0,0,0,0,1,1,0,1,None,0,1,0,Basic,Casting,2,Tight,10,0.72,5,Imported-Standard,Import,0.37,78976
V00932,Air,34.42,43.8,6.58,318.2,ISO Class II,None,0,0,0,Ball,6,150,300,Full bore,Threaded,ASME B16.10,CS/WCB,Carbon steel,Nickel Alloy 625,None,PTFE,0,0,0,0.2,0.2,0.1,0.25,Manual,N/A,0,0,0,0,0,0,0,0,0,1,1,0,0,None,0,0,1,Full (EN10204 3.1 + QAP/ITP),Casting,2,Standard,2,0.63,8,Generic-India,Domestic,0.98,157815
V00933,Steam,13.64,202.9,0.94,64.5,ISO Class IV,None,0,0,0,Gate,2,50,150,Reduced port,Threaded,MSS SP-97,CS/WCB,Carbon steel,Stellite hardfaced,ENP (Electroless Nickel),Metal seat,0,0,0,0.2,0.2,0.1,0.25,Pneumatic,Fail-close,0,0,1,1,0,0,1,0,0,1,1,0,0,MT,0,1,0,Standard,Casting,4,Tight,9,0.59,22,Premium-India,Domestic,0.69,103755
V00934,Slurry,17.29,79,4.59,19.4,ISO Class II,None,0,0,0,Needle,0.75,20,2500,Reduced port,Flanged,ASME B16.10,CS/WCB,Carbon steel,Stellite hardfaced,None,Elastomer (NBR/EPDM),0,0,1,0.2,0.2,0.1,0.25,Electric,Fail-open,0,0,0,1,0,0,0,0,0,1,1,0,0,PT,0,0,0,Basic,Forging,3,Tight,10,0.78,17,Imported-Standard,Import,0.32,223844
V00935,Water,27.33,37.4,7.64,93.2,ISO Class VI,None,0,0,0,Control,6,150,300,Reduced port,Flanged,ISO 5752,CS/WCB,Carbon steel,Nickel Alloy 625,None,Elastomer (NBR/EPDM),0,0,0,0.2,0.2,0.1,0.25,Pneumatic,Fail-in-place,0,1,1,1,0,1,1,1,0,1,1,0,0,None,1,0,0,Standard,Casting,4,Tight,3,0.6,14,Imported-Premium,Domestic,0.71,1063899
V00936,Corrosive (Acid),53.95,112.2,11.93,785.6,ISO Class II,None,0,0,0,Check,20,500,600,Reduced port,Butt-weld,ASME B16.10,Nickel Alloy 625,Nickel alloy,SS410,None,PEEK,0,1,0,21.5,60,9,0.02,Manual,N/A,0,0,0,1,0,0,0,0,0,1,1,1,0,RT,1,0,1,Basic,Forging,3,Standard,11,0.64,11,Premium-India,Domestic,0.95,2697834
V00937,Natural Gas,25.86,62.7,1.35,128.6,ISO Class II,None,0,0,0,Butterfly,3,80,600,Reduced port,Wafer,ASME B16.10,A105,Carbon steel,Alloy 20,None,PTFE,0,0,0,0.2,0.1,0.05,0.2,Gearbox,N/A,0,1,0,0,0,0,0,0,0,1,1,0,0,MT,1,0,0,Basic,Forging,4,Standard,16,0.66,12,MidTier-India,Domestic,0.87,116666
V00938,Corrosive (Acid),9.97,59.2,0.05,346.2,ISO Class IV,None,0,0,0,Gate,10,250,150,Reduced port,Butt-weld,API 6D,Nickel Alloy 625,Nickel alloy,SS316,None,PEEK,0,1,0,21.5,60,9,0.02,Pneumatic,Fail-close,1,0,1,1,0,0,1,1,1,1,1,0,0,None,1,1,0,Basic,Casting,4,Standard,15,0.72,8,MidTier-India,Domestic,0.7,947352
V00939,Corrosive (Acid),16.93,111.8,3.61,69.1,ISO Class III,None,0,0,0,Needle,2,50,300,Reduced port,Flanged,ISO 5752,Duplex 2205,Duplex SS,Stellite hardfaced,None,PTFE,0,1,0,22,5.5,3,0.03,Pneumatic,Fail-close,1,0,1,1,0,0,1,0,0,1,1,0,0,RT,1,1,0,Standard,Forging,2,Standard,9,0.83,17,Generic-India,Domestic,0.88,286680
V00940,Slurry,49.34,100.1,0.86,120.8,ISO Class III,None,0,0,0,Butterfly,6,150,600,Reduced port,Lug,API 6D,CS/WCB,Carbon steel,Stellite hardfaced,Stellite,PTFE,0,0,1,0.2,0.2,0.1,0.25,Manual,N/A,0,0,0,0,0,0,0,0,0,1,1,1,0,MT,0,0,1,Standard,Casting,4,Tight,3,0.79,15,Generic-India,Domestic,0.96,228519
V00941,Hydrocarbon,85.69,155.6,12.91,9.8,ISO Class III,Low-noise trim,0,1,0,Needle,0.5,15,900,Reduced port,Flanged,API 6D,CS/WCB,Carbon steel,Stellite hardfaced,Stellite,Metal seat,0,0,0,0.2,0.2,0.1,0.25,Manual,N/A,0,0,0,0,0,0,0,0,0,1,0,1,0,MT,0,1,0,Standard,Forging,4,Standard,8,0.67,14,Generic-India,Domestic,0.98,51447
V00942,Oxygen,23.72,-11.2,5.78,314.6,ISO Class IV,None,0,0,0,Control,10,250,300,Full bore,Flanged,API 6D,SS316,Stainless steel,SS316,Stellite,PTFE,0,1,0,17,12,2.5,0.06,Gearbox,N/A,0,0,0,0,0,0,0,0,0,1,1,0,0,None,0,0,0,Full (EN10204 3.1 + QAP/ITP),Casting,5,Tight,8,0.83,24,Imported-Premium,Domestic,0.97,1465628
V00943,Natural Gas,84.92,108.1,0.05,33.1,ISO Class III,None,0,0,0,Ball,0.75,20,600,Reduced port,Wafer,API 6D,SS304,Stainless steel,Stellite hardfaced,None,Metal seat,0,0,0,18,8,0.3,0.07,Manual,N/A,0,0,0,0,0,0,0,0,0,1,1,1,0,PT,0,1,0,Basic,Forging,4,Standard,13,0.87,24,Premium-India,Domestic,0.87,89984
V00944,Steam,30.67,238.5,1.44,54,ISO Class IV,None,0,0,0,Check,1.5,40,600,Full bore,Flanged,ASME B16.10,CS/WCB,Carbon steel,Stellite hardfaced,None,Metal seat,0,0,0,0.2,0.2,0.1,0.25,Manual,N/A,0,0,0,0,0,0,0,0,0,1,1,0,0,UT+RT,0,0,0,Full (EN10204 3.1 + QAP/ITP),Casting,3,Standard,9,0.71,19,Generic-India,Domestic,0.21,88908
V00945,Water,78.18,96.8,28.13,135.3,ISO Class VI,Anti-cavitation trim,1,0,0,Control,3,80,600,Full bore,Threaded,MSS SP-97,Duplex 2205,Duplex SS,Alloy 20,None,PTFE,0,0,0,22,5.5,3,0.03,Pneumatic,Fail-close,0,1,1,1,0,1,1,0,0,1,1,0,0,PT+MT,0,0,1,Standard,Casting,5,Tight,10,0.72,15,Generic-India,Domestic,0.65,732098
V00946,Water,12.26,50.3,0.72,203,ISO Class III,None,0,0,0,Butterfly,8,200,150,Full bore,Wafer,ASME B16.10,CS/WCB,Carbon steel,SS316,Stellite,PTFE,0,0,0,0.2,0.2,0.1,0.25,Pneumatic,Fail-in-place,1,0,1,1,0,0,1,1,1,1,1,1,0,UT,0,1,0,Standard,Casting,4,Tight,10,0.58,8,Generic-India,Domestic,0.94,212805
V00947,Air,33.08,90.4,5.86,547.8,ISO Class IV,None,0,0,0,Gate,12,300,300,Full bore,Flanged,ASME B16.10,CS/WCB,Carbon steel,SS316,Stellite,PTFE,0,0,0,0.2,0.2,0.1,0.25,Manual,N/A,0,1,0,0,1,0,0,0,0,1,1,0,0,UT+RT,0,0,0,Full (EN10204 3.1 + QAP/ITP),Casting,4,Standard,15,0.44,12,Generic-India,Domestic,0.92,378136
V00948,Natural Gas,78.86,117.2,6.93,57.9,ISO Class III,None,0,0,0,Ball,2,50,600,Full bore,Threaded,ASME B16.10,SS304,Stainless steel,SS410,Stellite,Metal seat,0,0,0,18,8,0.3,0.07,Pneumatic,Fail-open,0,0,1,1,1,0,1,0,0,1,1,0,0,PT,0,0,1,Standard,Casting,2,Tight,6,0.75,10,Premium-India,Domestic,0.94,451350
V00949,Steam,114.43,152.3,0.05,98.1,ISO Class I,None,0,0,0,Ball,3,80,900,Full bore,Flanged,API 6D,A105,Carbon steel,Duplex 2205,Tungsten carbide,Metal seat,0,0,0,0.2,0.1,0.05,0.2,Manual,N/A,0,0,0,0,0,0,0,0,0,1,1,0,0,RT,0,0,0,Basic,Forging,5,Standard,12,0.65,16,MidTier-India,Domestic,0.9,228057
V00950,Water,81.25,45.8,19.21,75.6,ISO Class V,None,0,0,0,Control,3,80,600,Full bore,Flanged,API 6D,Bronze,Copper alloy,SS410,None,PTFE,0,0,0,0.2,0.8,0.1,0.02,Electric,Fail-in-place,0,0,0,1,0,0,0,0,0,1,1,0,0,MT,0,1,0,Basic,Forging,5,Tight,6,0.52,22,Imported-Standard,Domestic,0.69,944277
V00951,Oxygen,12.43,71.3,1.46,387.5,ISO Class V,None,0,0,0,Check,4,100,150,Full bore,Wafer,ASME B16.10,SS316,Stainless steel,Stellite hardfaced,None,Metal seat,0,0,0,17,12,2.5,0.06,Manual,N/A,0,0,0,0,0,0,0,0,0,1,0,0,0,MT,0,0,0,Standard,Casting,2,Tight,9,0.67,19,Generic-India,Domestic,0.74,137049
V00952,Water,8.63,85.2,1,580.9,ISO Class VI,None,0,0,0,Gate,18,450,150,Full bore,Flanged,API 6D,CS/WCB,Carbon steel,SS316,Stellite,PTFE,0,0,0,0.2,0.2,0.1,0.25,Pneumatic,Fail-open,0,0,1,1,0,0,1,1,0,1,1,1,0,UT,0,0,1,Basic,Forging,4,Tight,9,0.76,13,MidTier-India,Domestic,0.61,677638
V00953,Corrosive (Acid),12.6,122.1,0.82,69.5,ISO Class V,None,0,0,0,Control,3,80,300,Reduced port,Socket-weld,ASME B16.10,SS316,Stainless steel,Alloy 20,None,Metal seat,0,1,0,17,12,2.5,0.06,Electric,Fail-open,1,0,0,1,0,0,0,0,0,1,1,0,0,None,0,0,0,Basic,Casting,5,Tight,11,0.51,19,Imported-Premium,Import,0.42,627961
V00954,Water,15.05,29.5,0.2,265.6,ISO Class IV,None,0,0,0,Control,8,200,150,Reduced port,Butt-weld,ASME B16.10,CS/WCB,Carbon steel,SS410,ENP (Electroless Nickel),PEEK,0,0,0,0.2,0.2,0.1,0.25,Electric,Fail-close,0,0,0,1,1,0,0,0,0,1,0,0,0,RT,1,0,0,Basic,Casting,3,Tight,3,0.7,25,Generic-India,Domestic,0.98,473518
V00955,Natural Gas,28.85,34.7,2.38,23.1,ISO Class IV,None,0,0,0,Check,0.75,20,300,Full bore,Butt-weld,ISO 5752,CS/WCB,Carbon steel,SS410,None,Metal seat,0,0,0,0.2,0.2,0.1,0.25,Manual,N/A,0,0,0,0,0,0,0,0,0,1,1,0,0,PT,0,0,0,Standard,Casting,1,Standard,16,0.66,12,MidTier-India,Domestic,0.94,40484
V00956,Water,38.39,20,3.56,42.1,ISO Class III,None,0,0,0,Check,3,80,300,Reduced port,Butt-weld,MSS SP-97,CS/WCB,Carbon steel,SS316,None,Metal seat,0,0,0,0.2,0.2,0.1,0.25,Pneumatic,Fail-close,1,0,1,1,0,0,1,0,0,1,1,0,0,UT+RT,0,0,1,Basic,Forging,4,Standard,3,0.62,14,Generic-India,Domestic,0.84,200678
V00957,Natural Gas,15.65,170.6,5.42,32.5,ISO Class V,None,0,0,0,Needle,2,50,150,Reduced port,Flanged,ISO 5752,A105,Carbon steel,Nickel Alloy 625,None,PEEK,1,0,0,0.2,0.1,0.05,0.2,Pneumatic,Fail-open,0,0,1,1,0,0,1,0,0,1,1,0,0,None,0,0,0,Standard,Casting,5,Tight,6,0.93,24,Premium-India,Domestic,0.85,160673
V00958,Hydrocarbon,1,106.3,0.42,414.6,ISO Class II,Anti-cavitation trim,1,1,0,Control,12,300,1500,Reduced port,Flanged,ASME B16.10,CS/WCB,Carbon steel,Stellite hardfaced,None,PTFE,1,0,0,0.2,0.2,0.1,0.25,Pneumatic,Fail-in-place,1,1,1,1,0,1,1,1,1,1,1,0,0,None,0,0,0,Basic,Casting,3,Tight,10,0.42,21,Generic-India,Domestic,0.98,2612311
V00959,Air,47.39,63,3.17,876.4,ISO Class IV,None,0,0,0,Gate,24,600,600,Full bore,Flanged,MSS SP-97,Duplex 2205,Duplex SS,Stellite hardfaced,Ceramic coating,PTFE,0,1,0,22,5.5,3,0.03,Manual,N/A,0,1,1,0,0,0,0,0,0,1,1,0,0,None,1,0,0,Standard,Casting,3,Standard,14,0.52,5,Generic-India,Domestic,0.73,1677515
V00960,Slurry,30.55,40.5,5.9,704.1,ISO Class V,None,0,0,0,Gate,20,500,300,Full bore,Flanged,ISO 5752,SS304,Stainless steel,SS316,Tungsten carbide,PTFE,0,0,1,18,8,0.3,0.07,Manual,N/A,0,0,0,0,0,0,0,0,0,1,0,0,0,None,0,0,0,Standard,Forging,3,Tight,9,0.84,17,Imported-Standard,Import,0.42,1047850
V00961,Water,22.6,5.3,5.39,70,ISO Class IV,None,0,0,0,Control,3,80,600,Reduced port,Butt-weld,ASME B16.10,SS304,Stainless steel,Stellite hardfaced,None,PTFE,0,0,0,18,8,0.3,0.07,Pneumatic,Fail-close,1,1,1,1,0,1,1,0,0,1,1,0,0,PT,0,0,0,Standard,Casting,5,Tight,8,0.79,14,MidTier-India,Domestic,0.48,888597
V00962,Steam,54.04,240.9,0.05,55.1,ISO Class I,None,0,0,0,Ball,2,50,1500,Full bore,Wafer,ISO 5752,SS316,Stainless steel,SS316,None,PEEK,0,1,0,17,12,2.5,0.06,Manual,N/A,0,0,0,0,1,0,0,0,0,1,1,0,1,UT,1,0,0,Basic,Forging,4,Standard,14,0.52,11,MidTier-India,Domestic,0.45,239695
V00963,Slurry,10.85,76.8,1.16,85.9,ISO Class I,None,0,0,0,Ball,2,50,150,Reduced port,Flanged,ISO 5752,A105,Carbon steel,Stellite hardfaced,None,PEEK,0,0,1,0.2,0.1,0.05,0.2,Manual,N/A,0,0,0,0,0,0,0,0,0,1,1,0,0,PT+MT,0,0,0,Full (EN10204 3.1 + QAP/ITP),Casting,3,Standard,7,0.59,12,Generic-India,Domestic,0.49,55276
V00964,Natural Gas,10.75,111.8,7.63,31.2,ISO Class II,None,0,0,0,Globe,2,50,150,Reduced port,Flanged,ASME B16.10,A105,Carbon steel,Stellite hardfaced,None,Metal seat,1,0,0,0.2,0.1,0.05,0.2,Pneumatic,Fail-close,0,0,1,1,0,0,1,0,0,1,1,0,1,UT,0,0,0,Basic,Casting,3,Tight,4,0.67,12,Imported-Standard,Import,0.48,140676
V00965,Hydrocarbon,26.29,89.9,0.05,12.2,ISO Class III,None,0,0,0,Check,0.5,15,300,Reduced port,Flanged,ASME B16.10,Duplex 2205,Duplex SS,Stellite hardfaced,None,PTFE,1,0,0,22,5.5,3,0.03,Manual,N/A,0,1,0,0,0,0,0,0,0,1,1,0,1,None,0,1,0,Standard,Casting,4,Standard,11,0.69,13,MidTier-India,Domestic,0.41,59480
V00966,Slurry,8.07,82.4,1.28,300.9,ISO Class II,None,0,0,0,Butterfly,10,250,150,Reduced port,Wafer,ASME B16.10,Bronze,Copper alloy,SS410,Stellite,PTFE,0,0,1,0.2,0.8,0.1,0.02,Manual,N/A,0,0,0,0,0,0,0,0,0,1,1,0,1,None,1,1,0,Standard,Casting,2,Standard,8,0.76,12,Premium-India,Domestic,0.64,209539
V00967,Water,32.62,41.3,0.05,241.3,ISO Class IV,None,0,0,0,Check,6,150,300,Reduced port,Flanged,API 6D,CS/WCB,Carbon steel,Stellite hardfaced,None,Metal seat,0,0,0,0.2,0.2,0.1,0.25,Gearbox,N/A,0,0,0,0,0,0,0,0,0,1,1,0,0,None,0,0,0,Basic,Casting,2,Standard,9,0.74,5,Imported-Premium,Import,0.36,254439
V00968,Water,33.9,52.9,0.05,349.1,ISO Class I,None,0,0,0,Gate,6,150,300,Full bore,Threaded,ASME B16.10,CS/WCB,Carbon steel,Duplex 2205,None,Elastomer (NBR/EPDM),0,0,0,0.2,0.2,0.1,0.25,Manual,N/A,0,1,0,0,1,0,0,0,0,1,1,0,0,None,0,0,0,Standard,Casting,3,Standard,4,0.63,15,Generic-India,Domestic,0.89,152132
V00969,Natural Gas,106.88,-5.5,1.87,51.7,ISO Class III,None,0,0,0,Ball,4,100,900,Full bore,Socket-weld,ISO 5752,CS/WCB,Carbon steel,Duplex 2205,Stellite,PTFE,0,0,0,0.2,0.2,0.1,0.25,Manual,N/A,0,1,0,0,0,0,0,0,0,1,1,0,0,None,0,1,1,Full (EN10204 3.1 + QAP/ITP),Forging,2,Standard,13,0.95,15,MidTier-India,Domestic,0.62,261770
V00970,Hydrocarbon,161.98,10.6,26.58,62,ISO Class VI,None,0,0,0,Control,1.5,40,1500,Reduced port,Flanged,ISO 5752,Duplex 2205,Duplex SS,Stellite hardfaced,Stellite,PTFE,1,0,0,22,5.5,3,0.03,Pneumatic,Fail-open,0,1,1,1,0,1,1,1,0,1,1,1,0,RT,0,0,0,Standard,Forging,4,Tight,9,0.72,21,Premium-India,Domestic,0.77,1363924
V00971,Natural Gas,46.06,111.2,3.57,911.7,ISO Class II,None,0,0,0,Butterfly,14,350,300,Reduced port,Wafer,ASME B16.10,Bronze,Copper alloy,SS316,Stellite,PTFE,0,0,0,0.2,0.8,0.1,0.02,Pneumatic,Fail-open,0,1,1,1,0,0,1,1,0,1,1,0,0,RT,0,0,0,Basic,Casting,2,Standard,4,0.75,19,Premium-India,Domestic,0.82,735191
V00972,Slurry,44.26,58.2,19.25,32.5,ISO Class III,Anti-cavitation trim,1,0,0,Control,2,50,900,Full bore,Socket-weld,ISO 5752,SS316,Stainless steel,SS316,None,Elastomer (NBR/EPDM),0,0,0,17,12,2.5,0.06,Pneumatic,Fail-open,1,1,1,1,0,1,1,1,0,1,1,0,0,PT+MT,1,0,0,Standard,Forging,4,Tight,7,0.64,21,Generic-India,Domestic,0.84,785289
V00973,Hydrocarbon,57.25,4.8,16.57,83.8,ISO Class VI,None,0,0,0,Globe,4,100,900,Full bore,Flanged,ASME B16.10,SS304,Stainless steel,SS316,None,Metal seat,0,0,0,18,8,0.3,0.07,Manual,N/A,0,0,0,0,0,0,0,0,0,1,1,0,0,UT,1,0,0,Standard,Forging,5,Tight,14,0.95,9,Generic-India,Domestic,0.86,505432
V00974,Natural Gas,35.01,95.2,5.49,262,ISO Class II,None,0,0,0,Ball,8,200,300,Reduced port,Flanged,ISO 5752,CS/WCB,Carbon steel,SS316,Stellite,Metal seat,0,0,0,0.2,0.2,0.1,0.25,Manual,N/A,0,0,0,0,0,0,0,0,0,1,1,0,0,PT+MT,1,0,0,Basic,Casting,3,Standard,3,0.8,13,Premium-India,Domestic,0.84,345548
V00975,Slurry,11.07,58.6,1.41,22.5,ISO Class IV,None,0,0,0,Check,0.75,20,150,Full bore,Threaded,ASME B16.10,SS304,Stainless steel,SS316,Stellite,PEEK,0,0,0,18,8,0.3,0.07,Pneumatic,Fail-open,1,0,1,1,0,0,1,0,0,0,1,0,0,RT,0,0,0,Basic,Casting,1,Standard,10,0.62,7,Imported-Standard,Import,0.2,81134
V00976,Corrosive (Acid),10.12,0,0.58,443.4,ISO Class III,None,0,0,0,Ball,8,200,150,Reduced port,Butt-weld,MSS SP-97,Duplex 2205,Duplex SS,SS316,Stellite,Metal seat,0,1,0,22,5.5,3,0.03,Pneumatic,Fail-open,1,0,1,1,1,0,1,1,1,1,1,1,0,PT,1,0,0,Standard,Casting,3,Standard,12,0.82,19,Generic-India,Domestic,0.2,930389
V00977,Slurry,33.89,133.8,4.5,134.9,ISO Class V,None,0,0,0,Control,10,250,300,Full bore,Butt-weld,ISO 5752,CS/WCB,Carbon steel,Duplex 2205,None,Metal seat,0,0,1,0.2,0.2,0.1,0.25,Pneumatic,Fail-open,0,1,1,1,0,1,1,1,0,1,1,0,0,None,0,0,0,Standard,Casting,4,Tight,7,0.8,24,MidTier-India,Domestic,0.73,972860
V00978,Steam,98.55,204.6,5.87,731.2,ISO Class IV,None,0,0,0,Butterfly,14,350,900,Reduced port,Lug,ASME B16.10,CS/WCB,Carbon steel,Stellite hardfaced,ENP (Electroless Nickel),Metal seat,0,0,0,0.2,0.2,0.1,0.25,Manual,N/A,0,1,0,0,0,0,0,0,0,1,1,0,0,None,1,0,1,Full (EN10204 3.1 + QAP/ITP),Forging,5,Standard,11,0.7,5,Imported-Premium,Import,0.33,684335
V00979,Water,26.86,33.2,2.12,328.3,ISO Class IV,None,0,0,0,Butterfly,16,400,300,Reduced port,Flanged,ASME B16.10,CS/WCB,Carbon steel,Alloy 20,Stellite,Metal seat,0,0,0,0.2,0.2,0.1,0.25,Manual,N/A,0,0,0,0,0,0,0,0,0,1,1,0,0,MT,0,1,0,Standard,Casting,1,Standard,12,0.6,14,Generic-India,Domestic,0.94,316899
V00980,Natural Gas,35.35,141.2,4.36,121.5,ISO Class III,None,0,0,0,Ball,2,50,300,Full bore,Flanged,ASME B16.10,CS/WCB,Carbon steel,Duplex 2205,None,PEEK,0,0,0,0.2,0.2,0.1,0.25,Manual,N/A,0,0,0,0,0,0,0,0,0,1,1,0,0,None,0,1,0,Full (EN10204 3.1 + QAP/ITP),Casting,4,Standard,2,0.66,17,Generic-India,Domestic,0.62,131047
V00981,Water,27.47,52.1,4.05,60.3,ISO Class IV,None,0,0,0,Check,2,50,300,Full bore,Flanged,ASME B16.10,SS316,Stainless steel,Duplex 2205,None,PTFE,0,0,0,17,12,2.5,0.06,Pneumatic,Fail-close,1,0,1,1,0,0,1,0,0,1,1,0,1,UT,1,0,1,Full (EN10204 3.1 + QAP/ITP),Casting,3,Standard,11,0.54,13,MidTier-India,Domestic,0.92,227314
V00982,Oxygen,15.47,-7.3,0.05,463,ISO Class VI,None,0,0,0,Gate,10,250,150,Reduced port,Flanged,ASME B16.10,SS316,Stainless steel,Duplex 2205,ENP (Electroless Nickel),PTFE,0,0,0,17,12,2.5,0.06,Manual,N/A,0,0,0,1,0,0,0,0,0,1,1,0,0,PT,1,0,0,Standard,Casting,4,Tight,7,0.77,18,Generic-India,Domestic,0.59,302096
V00983,Water,59.58,72.6,4.48,23.3,ISO Class V,None,0,0,0,Control,1,25,600,Reduced port,Flanged,ASME B16.10,A105,Carbon steel,SS316,None,PTFE,0,0,0,0.2,0.1,0.05,0.2,Pneumatic,Fail-in-place,1,1,1,1,0,1,1,0,0,1,1,0,0,UT+RT,1,0,0,Standard,Casting,4,Tight,9,0.72,18,MidTier-India,Domestic,0.64,234736
V00984,Hydrocarbon,67.2,70,7.46,454,ISO Class II,None,0,0,0,Butterfly,12,300,1500,Reduced port,Flanged,ASME B16.10,CS/WCB,Carbon steel,Stellite hardfaced,None,Metal seat,0,0,0,0.2,0.2,0.1,0.25,Manual,N/A,0,0,0,0,0,0,0,0,0,1,1,0,0,None,0,0,1,Full (EN10204 3.1 + QAP/ITP),Forging,4,Standard,15,0.95,10,Generic-India,Domestic,0.43,468296
V00985,Water,43.18,25.6,11.4,29.1,ISO Class V,None,0,0,0,Needle,0.75,20,600,Full bore,Socket-weld,ASME B16.10,CS/WCB,Carbon steel,SS316,None,Metal seat,0,0,0,0.2,0.2,0.1,0.25,Manual,N/A,0,0,0,0,0,0,0,0,0,1,1,0,0,None,0,0,1,Basic,Casting,5,Tight,10,0.95,12,Generic-India,Domestic,0.42,66648
V00986,Natural Gas,33.52,67.1,3.73,500.4,ISO Class II,None,0,0,0,Check,16,400,900,Reduced port,Butt-weld,ISO 5752,Duplex 2205,Duplex SS,SS316,None,PTFE,1,0,0,22,5.5,3,0.03,Gearbox,N/A,0,0,0,0,0,0,0,0,0,1,1,0,1,None,0,0,0,Standard,Casting,4,Standard,8,0.84,14,MidTier-India,Domestic,0.58,1105278
V00987,Water,103.09,59.8,31.09,14.2,ISO Class III,None,0,0,0,Needle,0.75,20,1500,Full bore,Flanged,ASME B16.10,SS316,Stainless steel,SS316,None,PTFE,0,0,0,17,12,2.5,0.06,Pneumatic,Fail-in-place,1,1,1,1,1,0,1,1,0,1,1,0,0,None,1,0,0,Basic,Forging,1,Tight,11,0.61,17,Generic-India,Domestic,0.6,211086
V00988,Natural Gas,88.37,285,11.04,52.2,ISO Class I,None,0,0,0,Ball,1.5,40,900,Full bore,Flanged,ASME B16.10,CS/WCB,Carbon steel,Alloy 20,None,Metal seat,1,0,0,0.2,0.2,0.1,0.25,Manual,N/A,0,1,0,0,0,0,0,0,0,1,1,0,0,RT,0,1,0,Full (EN10204 3.1 + QAP/ITP),Forging,3,Standard,3,0.59,5,Imported-Standard,Import,0.61,241088
V00989,Water,158.28,53.4,0.05,356.1,ISO Class IV,None,0,0,0,Butterfly,12,300,1500,Full bore,Wafer,ISO 5752,CS/WCB,Carbon steel,Stellite hardfaced,Stellite,PTFE,0,0,0,0.2,0.2,0.1,0.25,Manual,N/A,0,1,0,0,0,0,0,0,0,1,1,0,0,None,0,0,0,Basic,Forging,5,Tight,13,0.51,21,MidTier-India,Domestic,0.74,485017
V00990,Water,58.7,18.1,4.23,53.9,ISO Class IV,None,0,0,0,Ball,1.5,40,900,Full bore,Flanged,API 6D,SS304,Stainless steel,SS316,Ceramic coating,PTFE,0,0,0,18,8,0.3,0.07,Pneumatic,Fail-close,1,0,1,1,0,0,1,1,0,1,1,0,0,RT,0,0,1,Full (EN10204 3.1 + QAP/ITP),Forging,2,Tight,10,0.73,19,Generic-India,Domestic,0.68,636999
V00991,Corrosive (Acid),45.74,34.8,0.84,238.3,ISO Class IV,None,0,0,0,Gate,8,200,600,Reduced port,Butt-weld,ASME B16.10,SS316,Stainless steel,SS316,Stellite,PTFE,0,1,0,17,12,2.5,0.06,Manual,N/A,0,1,1,0,0,0,0,0,0,1,1,0,1,UT+RT,0,0,0,Standard,Casting,1,Standard,9,0.49,15,MidTier-India,Domestic,0.48,509147
V00992,Water,33.6,107.6,2.97,569.2,ISO Class III,None,0,0,0,Globe,24,600,300,Reduced port,Flanged,ISO 5752,CS/WCB,Carbon steel,SS316,None,Metal seat,0,0,0,0.2,0.2,0.1,0.25,Manual,N/A,0,1,0,1,0,0,0,0,0,1,1,0,1,None,0,1,1,Basic,Casting,2,Tight,5,0.63,18,Imported-Standard,Import,0.28,1075036
V00993,Corrosive (Acid),63.74,29.5,3.7,182.6,ISO Class V,None,0,0,0,Butterfly,8,200,600,Full bore,Wafer,ASME B16.10,SS316,Stainless steel,SS316,None,PEEK,0,1,0,17,12,2.5,0.06,Manual,N/A,0,0,0,0,0,0,0,0,0,1,0,1,0,UT+RT,0,1,0,Full (EN10204 3.1 + QAP/ITP),Casting,4,Tight,3,0.56,11,MidTier-India,Domestic,0.89,558268
V00994,Oxygen,40.72,55.9,3.06,46.8,ISO Class V,None,0,0,0,Ball,1,25,300,Reduced port,Threaded,ASME B16.10,SS316,Stainless steel,Stellite hardfaced,ENP (Electroless Nickel),PTFE,0,1,0,17,12,2.5,0.06,Manual,N/A,0,0,0,0,0,0,0,0,0,1,1,0,0,None,0,0,0,Basic,Forging,2,Tight,2,0.77,9,Generic-India,Domestic,0.74,68020
V00995,Water,11.3,73.4,1.47,35.8,ISO Class V,None,0,0,0,Check,1,25,150,Reduced port,Socket-weld,ASME B16.10,SS304,Stainless steel,SS316,None,PTFE,0,0,0,18,8,0.3,0.07,Pneumatic,Fail-open,0,0,1,1,0,0,1,0,0,1,1,0,0,MT,1,0,0,Standard,Casting,2,Tight,8,0.65,13,Imported-Premium,Import,0.7,104339
V00996,Water,64.37,32.4,9.09,830,ISO Class III,None,0,0,0,Ball,18,450,600,Full bore,Butt-weld,ASME B16.10,SS304,Stainless steel,SS316,None,PTFE,0,0,0,18,8,0.3,0.07,Manual,N/A,0,0,0,0,0,0,0,0,0,1,1,0,0,UT,1,0,0,Standard,Casting,4,Standard,9,0.84,20,Generic-India,Domestic,0.81,943909
V00997,Water,13.51,27.4,1.92,36.8,ISO Class IV,None,0,0,0,Needle,1.5,40,150,Reduced port,Butt-weld,ISO 5752,SS316,Stainless steel,Duplex 2205,None,Metal seat,0,1,0,17,12,2.5,0.06,Manual,N/A,0,0,0,0,0,0,0,0,0,1,1,0,0,UT,1,0,0,Standard,Forging,1,Standard,10,0.6,12,MidTier-India,Domestic,0.71,58052
V00998,Hydrocarbon,49.79,115.3,3.81,53.6,ISO Class VI,None,0,0,0,Check,2,50,600,Reduced port,Butt-weld,ISO 5752,SS304,Stainless steel,Alloy 20,None,Metal seat,0,0,0,18,8,0.3,0.07,Manual,N/A,0,0,0,0,0,0,0,0,0,1,0,0,0,None,0,0,0,Standard,Casting,2,Tight,11,0.47,13,MidTier-India,Domestic,0.66,155436
V00999,Steam,29.4,190,6.9,36.4,ISO Class VI,None,0,0,0,Needle,1,25,600,Reduced port,Flanged,ASME B16.10,SS316,Stainless steel,SS410,None,Metal seat,0,1,0,17,12,2.5,0.06,Manual,N/A,0,0,0,0,0,0,0,0,0,1,0,0,0,PT,0,0,0,Standard,Casting,3,Tight,4,0.66,18,Premium-India,Domestic,0.51,123034
V01000,Natural Gas,83.9,93,20.28,163.2,ISO Class II,None,0,0,0,Check,6,150,900,Full bore,Socket-weld,ASME B16.10,CS/WCB,Carbon steel,SS316,Ceramic coating,PTFE,0,0,0,0.2,0.2,0.1,0.25,Pneumatic,Fail-close,0,0,1,1,0,0,1,1,0,1,1,0,0,None,1,0,0,Full (EN10204 3.1 + QAP/ITP),Forging,4,Standard,6,0.78,18,Imported-Standard,Import,0.26,737141
V01001,Water,19.83,21.4,2.82,76.6,ISO Class III,None,0,0,0,Check,3,80,300,Full bore,Wafer,MSS SP-97,SS304,Stainless steel,Stellite hardfaced,Stellite,Metal seat,0,0,0,18,8,0.3,0.07,Manual,N/A,0,0,0,0,0,0,0,0,0,1,1,1,0,None,1,0,0,Standard,Forging,1,Tight,13,0.62,13,Generic-India,Domestic,0.98,129690
V01002,Water,9.89,19.3,0.05,729.3,ISO Class III,None,0,0,0,Butterfly,24,600,150,Full bore,Wafer,ISO 5752,Duplex 2205,Duplex SS,Stellite hardfaced,None,Elastomer (NBR/EPDM),0,0,0,22,5.5,3,0.03,Manual,N/A,0,0,0,0,0,0,0,0,0,1,1,0,0,UT,1,0,0,Standard,Casting,4,Standard,11,0.66,14,Generic-India,Domestic,0.38,461945
V01003,Natural Gas,59.06,258.2,14.83,71.9,ISO Class IV,None,0,0,0,Control,4,100,600,Full bore,Threaded,ASME B16.10,A105,Carbon steel,Alloy 20,Stellite,Metal seat,0,0,0,0.2,0.1,0.05,0.2,Electric,Fail-in-place,0,1,0,1,0,0,0,0,0,1,1,0,0,None,1,0,0,Standard,Casting,4,Tight,7,0.77,22,Generic-India,Domestic,0.42,614584
V01004,Water,40.75,52,5.25,413.3,ISO Class IV,None,0,0,0,Butterfly,8,200,300,Full bore,Wafer,ASME B16.10,SS304,Stainless steel,SS316,None,PTFE,0,0,0,18,8,0.3,0.07,Manual,N/A,0,0,0,0,0,0,0,0,0,1,1,0,0,PT+MT,0,0,0,Standard,Forging,3,Standard,6,0.74,20,MidTier-India,Domestic,0.86,262713
V01005,Slurry,47.61,53.9,3.47,128,ISO Class IV,None,0,0,0,Butterfly,4,100,600,Reduced port,Wafer,ASME B16.10,A105,Carbon steel,SS316,None,Metal seat,0,0,1,0.2,0.1,0.05,0.2,Gearbox,N/A,0,0,0,0,0,0,0,0,0,1,0,1,0,None,1,0,0,Basic,Forging,4,Standard,2,0.72,14,Generic-India,Domestic,0.48,182383
V01006,Steam,178.33,198.6,34.05,154.8,ISO Class I,None,0,0,0,Ball,3,80,2500,Full bore,Flanged,ISO 5752,SS316,Stainless steel,SS316,None,Metal seat,0,1,0,17,12,2.5,0.06,Manual,N/A,0,0,0,0,0,0,0,0,0,1,1,0,0,UT,1,0,0,Basic,Forging,4,Standard,11,0.7,24,Premium-India,Domestic,0.91,595174
V01007,Water,15.2,64.2,1.16,10,ISO Class VI,None,0,0,0,Gate,0.5,15,300,Full bore,Butt-weld,ASME B16.10,SS304,Stainless steel,Nickel Alloy 625,Stellite,PEEK,0,0,0,18,8,0.3,0.07,Pneumatic,Fail-in-place,0,0,1,1,1,0,1,0,0,1,1,0,0,None,0,0,0,Standard,Forging,4,Tight,7,0.78,16,Generic-India,Domestic,0.63,115324
V01008,Slurry,8.75,47,1.49,222.8,ISO Class II,None,0,0,0,Control,6,150,150,Full bore,Lug,ISO 5752,CS/WCB,Carbon steel,Nickel Alloy 625,None,PTFE,0,0,0,0.2,0.2,0.1,0.25,Pneumatic,Fail-close,1,1,1,1,0,1,1,1,0,1,1,0,1,PT+MT,1,0,0,Standard,Forging,4,Tight,12,0.93,18,Imported-Premium,Import,0.31,693822
V01009,Slurry,24.91,34,4.03,64.9,ISO Class II,None,0,0,0,Control,3,80,300,Reduced port,Flanged,ASME B16.10,SS316,Stainless steel,Duplex 2205,Tungsten carbide,PTFE,0,0,1,17,12,2.5,0.06,Pneumatic,Fail-open,1,1,1,1,0,1,1,0,0,1,1,0,0,UT+RT,0,0,0,Basic,Casting,5,Tight,8,0.87,24,Generic-India,Domestic,0.69,659244
V01010,Steam,66.41,269.2,9.28,174.7,ISO Class IV,None,0,0,0,Gate,6,150,600,Reduced port,Socket-weld,MSS SP-97,SS304,Stainless steel,Stellite hardfaced,Tungsten carbide,Metal seat,0,0,0,18,8,0.3,0.07,Gearbox,N/A,0,0,0,0,1,0,0,0,0,1,1,0,0,None,0,0,0,Standard,Casting,3,Standard,10,0.67,8,Premium-India,Domestic,0.59,534862
V01011,Water,102.39,81.5,0.05,200.2,ISO Class III,None,0,0,0,Butterfly,8,200,900,Reduced port,Wafer,ASME B16.10,SS316,Stainless steel,Nickel Alloy 625,None,Elastomer (NBR/EPDM),0,1,0,17,12,2.5,0.06,Manual,N/A,0,0,0,0,0,0,0,0,0,0,1,0,0,RT,1,1,0,Standard,Casting,3,Standard,10,0.66,12,Generic-India,Domestic,0.47,358072
V01012,Air,53.14,33.6,3.42,761.3,ISO Class VI,None,0,0,0,Butterfly,14,350,600,Reduced port,Wafer,ASME B16.10,CS/WCB,Carbon steel,Nickel Alloy 625,None,Metal seat,0,0,0,0.2,0.2,0.1,0.25,Gearbox,N/A,0,0,0,0,0,0,0,0,0,1,1,0,0,UT,0,0,0,Standard,Casting,2,Tight,5,0.87,14,MidTier-India,Domestic,0.88,412004
V01013,Water,83.18,41.3,10.8,110.5,ISO Class III,None,0,0,0,Ball,2,50,900,Reduced port,Flanged,ASME B16.10,A105,Carbon steel,SS316,Stellite,Elastomer (NBR/EPDM),0,0,0,0.2,0.1,0.05,0.2,Manual,N/A,0,1,0,0,0,0,0,0,0,1,1,1,0,RT,0,0,0,Standard,Forging,4,Standard,4,0.88,12,Generic-India,Domestic,0.6,183071
V01014,Steam,178.4,252.4,11.54,954.9,ISO Class IV,None,0,0,0,Butterfly,20,500,1500,Reduced port,Lug,ASME B16.10,SS316,Stainless steel,SS316,None,Metal seat,0,1,0,17,12,2.5,0.06,Manual,N/A,0,0,0,0,0,0,0,0,0,1,1,0,0,None,0,0,0,Basic,Forging,3,Standard,8,0.77,14,Generic-India,Domestic,0.47,1134893
V01015,Hydrocarbon,47.28,231.4,0.05,362.3,ISO Class IV,None,0,0,0,Butterfly,12,300,600,Reduced port,Flanged,ASME B16.10,Bronze,Copper alloy,SS316,ENP (Electroless Nickel),Metal seat,0,0,0,0.2,0.8,0.1,0.02,Pneumatic,Fail-open,0,0,1,1,0,0,1,1,0,1,1,0,0,PT+MT,1,0,0,Basic,Casting,2,Standard,5,0.66,23,Generic-India,Domestic,0.78,836642
V01016,Water,11.26,7,0.54,246.2,ISO Class II,None,0,0,0,Gate,10,250,300,Reduced port,Butt-weld,ISO 5752,CS/WCB,Carbon steel,Stellite hardfaced,ENP (Electroless Nickel),Metal seat,0,0,0,0.2,0.2,0.1,0.25,Manual,N/A,0,1,1,0,0,0,0,0,0,1,1,0,0,PT,1,0,0,Standard,Casting,3,Standard,2,0.71,19,Generic-India,Domestic,0.98,262727
V01017,Slurry,7.71,34.4,0.68,18.9,ISO Class IV,None,0,0,0,Gate,1,25,150,Reduced port,Wafer,ISO 5752,A105,Carbon steel,Duplex 2205,Stellite,Elastomer (NBR/EPDM),0,0,1,0.2,0.1,0.05,0.2,Manual,N/A,0,0,0,1,0,0,0,0,0,1,1,0,0,None,0,0,0,Basic,Forging,5,Standard,8,0.71,22,Generic-India,Domestic,0.75,31093
V01018,Hydrocarbon,176.31,24.1,27.94,161.2,ISO Class II,Low-noise trim,0,1,0,Globe,3,80,2500,Reduced port,Lug,ASME B16.10,CS/WCB,Carbon steel,Stellite hardfaced,None,Metal seat,0,0,0,0.2,0.2,0.1,0.25,Manual,N/A,0,0,0,0,0,0,0,0,0,0,0,0,0,None,0,0,1,Basic,Forging,4,Tight,14,0.6,19,MidTier-India,Domestic,0.48,244822
V01019,Natural Gas,8.54,256.8,1.66,267.3,ISO Class II,None,0,0,0,Butterfly,10,250,150,Reduced port,Wafer,ASME B16.10,SS316,Stainless steel,Duplex 2205,None,Metal seat,0,1,0,17,12,2.5,0.06,Manual,N/A,0,0,0,0,0,0,0,0,0,1,1,0,0,None,0,0,0,Standard,Casting,2,Tight,3,0.73,15,Generic-India,Domestic,0.91,216081
V01020,Water,9.77,63.9,1.42,45.3,ISO Class V,None,0,0,0,Needle,1.5,40,150,Reduced port,Flanged,ASME B16.10,A105,Carbon steel,Stellite hardfaced,None,Metal seat,0,0,0,0.2,0.1,0.05,0.2,Pneumatic,Fail-open,1,0,1,1,0,0,1,0,0,1,1,0,0,PT,0,0,0,Standard,Casting,2,Tight,9,0.77,14,MidTier-India,Domestic,0.91,64949
V01021,Natural Gas,54.82,101.1,1.84,21.7,ISO Class VI,None,0,0,0,Control,1,25,900,Full bore,Threaded,ASME B16.10,A105,Carbon steel,Duplex 2205,ENP (Electroless Nickel),PTFE,0,0,0,0.2,0.1,0.05,0.2,Pneumatic,Fail-close,0,1,1,1,0,1,1,1,0,1,1,0,0,PT+MT,1,0,0,Standard,Forging,4,Tight,12,0.74,28,MidTier-India,Domestic,0.64,272866
V01022,Steam,289.55,291.6,20.87,156,ISO Class II,None,0,0,0,Butterfly,10,250,2500,Reduced port,Wafer,API 6D,CS/WCB,Carbon steel,Nickel Alloy 625,None,Metal seat,0,0,0,0.2,0.2,0.1,0.25,Manual,N/A,0,1,0,0,1,0,0,0,0,1,1,0,0,None,1,0,1,Basic,Casting,1,Standard,10,0.44,23,MidTier-India,Domestic,0.87,461711
V01023,Natural Gas,6.66,192,0.09,10.4,ISO Class III,None,0,0,0,Check,0.5,15,150,Reduced port,Flanged,ISO 5752,CS/WCB,Carbon steel,SS316,Ceramic coating,PTFE,1,0,0,0.2,0.2,0.1,0.25,Manual,N/A,0,1,0,0,1,0,0,0,0,1,1,0,0,PT+MT,1,0,0,Standard,Casting,2,Standard,8,0.79,20,Imported-Standard,Domestic,0.96,27676
V01024,Corrosive (Acid),13.94,46.5,0.05,96.9,ISO Class I,None,0,0,0,Ball,4,100,150,Reduced port,Flanged,API 6D,Nickel Alloy 625,Nickel alloy,SS410,None,PEEK,0,1,0,21.5,60,9,0.02,Manual,N/A,0,1,0,0,0,0,0,0,0,1,1,0,1,None,0,0,0,Full (EN10204 3.1 + QAP/ITP),Casting,3,Standard,11,0.66,17,MidTier-India,Domestic,0.98,295162
V01025,Slurry,6.05,36.3,0.76,89.6,ISO Class VI,None,0,0,0,Ball,3,80,150,Full bore,Flanged,ASME B16.10,CS/WCB,Carbon steel,Alloy 20,None,PEEK,0,0,0,0.2,0.2,0.1,0.25,Manual,N/A,0,0,0,0,0,0,0,0,0,1,0,0,0,None,0,1,0,Standard,Casting,2,Tight,10,0.83,14,Imported-Premium,Domestic,0.59,124504
V01026,Natural Gas,129.54,103.1,6.38,397.2,ISO Class II,None,0,0,0,Check,8,200,1500,Full bore,Butt-weld,API 6D,CS/WCB,Carbon steel,Duplex 2205,None,PTFE,0,0,0,0.2,0.2,0.1,0.25,Manual,N/A,0,0,0,0,0,0,0,0,0,1,1,0,0,UT,0,0,1,Standard,Forging,3,Standard,15,0.88,16,Imported-Standard,Domestic,0.65,604238
V01027,Slurry,64.65,138.1,19.17,47.9,ISO Class I,None,0,0,0,Control,1.5,40,600,Reduced port,Threaded,ASME B16.10,SS304,Stainless steel,SS316,None,Metal seat,0,0,0,18,8,0.3,0.07,Pneumatic,Fail-in-place,0,1,1,1,0,1,1,0,0,1,1,0,0,None,1,0,0,Full (EN10204 3.1 + QAP/ITP),Casting,4,Tight,8,0.69,21,MidTier-India,Domestic,0.98,430304
V01028,Natural Gas,71.4,97.1,3.68,268.3,ISO Class VI,None,0,0,0,Control,6,150,900,Full bore,Socket-weld,ISO 5752,Bronze,Copper alloy,Stellite hardfaced,Stellite,Metal seat,1,0,0,0.2,0.8,0.1,0.02,Pneumatic,Fail-close,1,1,1,1,0,1,1,1,0,1,1,0,0,PT,1,0,0,Basic,Forging,3,Tight,11,0.75,23,Generic-India,Domestic,0.73,1584986
V01029,Water,38.32,93.2,10.23,55.6,ISO Class I,None,0,0,0,Globe,1.5,40,600,Full bore,Butt-weld,API 6D,Bronze,Copper alloy,Nickel Alloy 625,Tungsten carbide,PTFE,0,0,0,0.2,0.8,0.1,0.02,Pneumatic,Fail-close,1,0,1,1,1,0,1,0,0,1,1,0,0,None,0,0,0,Basic,Forging,5,Standard,7,0.77,14,Generic-India,Domestic,0.52,298129
V01030,Hydrocarbon,12.46,85.1,2.51,188.2,ISO Class VI,None,0,0,0,Control,8,200,150,Full bore,Flanged,ASME B16.10,SS316,Stainless steel,Stellite hardfaced,Stellite,PTFE,0,1,0,17,12,2.5,0.06,Pneumatic,Fail-close,1,1,1,1,1,1,1,1,1,1,1,0,1,PT+MT,1,0,1,Full (EN10204 3.1 + QAP/ITP),Forging,5,Tight,2,0.78,18,MidTier-India,Domestic,0.69,1559427
V01031,Natural Gas,34.7,133,5.05,58,ISO Class IV,None,0,0,0,Ball,1,25,300,Reduced port,Threaded,ISO 5752,SS316,Stainless steel,SS410,None,Elastomer (NBR/EPDM),0,0,0,17,12,2.5,0.06,Manual,N/A,0,0,0,0,0,0,0,0,0,1,1,0,0,UT,1,0,0,Basic,Casting,4,Standard,6,0.78,16,MidTier-India,Domestic,0.59,52997
V01032,Corrosive (Acid),9.48,83.5,0.93,28.9,ISO Class IV,None,0,0,0,Ball,1.5,40,300,Reduced port,Flanged,API 6D,Duplex 2205,Duplex SS,Alloy 20,None,PTFE,0,1,0,22,5.5,3,0.03,Manual,N/A,0,0,0,0,0,0,0,0,0,1,0,1,0,PT,0,0,0,Full (EN10204 3.1 + QAP/ITP),Casting,5,Standard,11,0.88,16,MidTier-India,Domestic,0.54,147862
V01033,Air,68.4,36.3,0.05,51.4,ISO Class I,None,0,0,0,Ball,1.5,40,600,Reduced port,Wafer,ASME B16.10,CS/WCB,Carbon steel,SS316,Ceramic coating,Elastomer (NBR/EPDM),0,0,0,0.2,0.2,0.1,0.25,Manual,N/A,0,0,0,0,0,0,0,0,0,1,1,0,0,RT,0,0,0,Standard,Casting,2,Standard,11,0.67,23,Generic-India,Domestic,0.33,74315
V01034,Natural Gas,82.34,57.7,5.8,41,ISO Class IV,None,0,0,0,Ball,1.5,40,600,Reduced port,Lug,ASME B16.10,CS/WCB,Carbon steel,SS316,None,Elastomer (NBR/EPDM),0,0,0,0.2,0.2,0.1,0.25,Manual,N/A,0,0,0,0,0,0,0,0,0,1,1,0,0,None,1,0,0,Basic,Casting,2,Standard,9,0.56,13,Imported-Standard,Domestic,0.85,80598
V01035,Steam,157.23,281.8,56.53,52.1,ISO Class IV,Anti-cavitation trim,1,1,0,Control,3,80,2500,Full bore,Flanged,ASME B16.10,SS304,Stainless steel,SS410,None,Metal seat,0,0,0,18,8,0.3,0.07,Pneumatic,Fail-in-place,0,1,1,1,0,1,1,1,0,1,1,0,0,UT+RT,0,0,0,Basic,Forging,2,Tight,10,0.56,23,Generic-India,Domestic,0.81,1798036
V01036,Water,25.06,26.9,9.72,61.8,ISO Class IV,Anti-cavitation trim,1,0,0,Control,3,80,300,Reduced port,Threaded,API 6D,CS/WCB,Carbon steel,SS316,None,Elastomer (NBR/EPDM),0,0,0,0.2,0.2,0.1,0.25,Pneumatic,Fail-open,0,1,1,1,0,1,1,0,0,1,1,0,0,MT,0,0,0,Full (EN10204 3.1 + QAP/ITP),Forging,4,Tight,3,0.65,27,Generic-India,Domestic,0.91,206787
V01037,Natural Gas,114.57,108,21.14,10,ISO Class IV,None,0,0,0,Ball,0.5,15,1500,Full bore,Lug,ASME B16.10,CS/WCB,Carbon steel,Stellite hardfaced,None,PTFE,0,0,0,0.2,0.2,0.1,0.25,Manual,N/A,0,0,0,0,0,0,0,0,0,1,1,0,0,RT,0,0,0,Basic,Forging,4,Tight,13,0.63,12,MidTier-India,Domestic,0.78,53582
V01038,Slurry,23.87,98.3,7.84,47.3,ISO Class IV,None,0,0,0,Globe,2,50,300,Reduced port,Threaded,API 6D,A105,Carbon steel,Duplex 2205,Stellite,Metal seat,0,0,1,0.2,0.1,0.05,0.2,Pneumatic,Fail-in-place,0,0,1,1,0,0,1,0,0,1,1,1,0,RT,0,0,0,Full (EN10204 3.1 + QAP/ITP),Forging,3,Tight,10,0.81,11,MidTier-India,Domestic,0.98,179020
V01039,Slurry,68.53,34.7,1.29,678.6,ISO Class I,None,0,0,0,Check,24,600,600,Reduced port,Butt-weld,ASME B16.10,SS316,Stainless steel,SS410,None,PEEK,0,0,1,17,12,2.5,0.06,Gearbox,N/A,0,0,0,0,0,0,0,0,0,1,1,0,0,UT,0,0,1,Full (EN10204 3.1 + QAP/ITP),Casting,3,Standard,3,0.78,20,Imported-Standard,Import,0.44,1440065
V01040,Water,20.76,57.5,1.47,60,ISO Class IV,None,0,0,0,Ball,1.5,40,300,Full bore,Flanged,ISO 5752,SS304,Stainless steel,Stellite hardfaced,Stellite,Metal seat,0,0,0,18,8,0.3,0.07,Manual,N/A,0,0,0,0,0,0,0,0,0,1,1,0,0,None,0,1,0,Basic,Forging,4,Tight,11,0.58,15,Imported-Premium,Domestic,0.68,185229
V01041,Steam,107.96,278.4,49.63,232.1,ISO Class I,Low-noise trim,0,1,1,Control,8,200,900,Reduced port,Flanged,API 6D,CS/WCB,Carbon steel,Duplex 2205,None,Metal seat,0,0,0,0.2,0.2,0.1,0.25,Pneumatic,Fail-in-place,1,1,1,1,0,1,1,1,1,1,1,0,0,None,0,0,1,Standard,Casting,4,Tight,7,0.51,29,Imported-Standard,Domestic,0.85,2049358
V01042,Water,49.85,26.9,8.62,746.4,ISO Class IV,None,0,0,0,Butterfly,20,500,900,Full bore,Flanged,ASME B16.10,SS304,Stainless steel,SS410,None,PTFE,0,0,0,18,8,0.3,0.07,Manual,N/A,0,0,0,0,0,0,0,0,0,0,0,0,0,RT,1,0,1,Standard,Casting,2,Standard,8,0.85,19,Premium-India,Domestic,0.46,1372207
V01043,Corrosive (Acid),36.92,72.4,0.31,421,ISO Class III,None,0,0,0,Ball,8,200,300,Reduced port,Butt-weld,ISO 5752,Duplex 2205,Duplex SS,Duplex 2205,None,PTFE,0,1,0,22,5.5,3,0.03,Manual,N/A,0,0,0,0,0,0,0,0,0,1,1,1,0,UT+RT,1,0,0,Standard,Forging,5,Standard,7,0.69,30,Premium-India,Domestic,0.75,523405
V01044,Natural Gas,18.79,244,2.46,493.6,ISO Class V,None,0,0,0,Check,8,200,300,Reduced port,Flanged,ASME B16.10,CS/WCB,Carbon steel,Stellite hardfaced,None,PEEK,0,0,0,0.2,0.2,0.1,0.25,Manual,N/A,0,0,0,0,0,0,0,0,0,1,1,0,0,None,0,0,0,Full (EN10204 3.1 + QAP/ITP),Casting,3,Tight,12,0.62,15,Generic-India,Domestic,0.81,246403
V01045,Natural Gas,154.88,76.2,12.99,184.8,ISO Class V,None,0,0,0,Check,12,300,1500,Full bore,Flanged,ASME B16.10,A105,Carbon steel,Stellite hardfaced,Stellite,PTFE,0,0,0,0.2,0.1,0.05,0.2,Manual,N/A,0,0,0,1,0,0,0,0,0,1,1,0,0,None,1,1,1,Standard,Casting,1,Tight,14,0.69,18,MidTier-India,Domestic,0.98,724596
V01046,Water,45.75,62.6,13.51,40.8,ISO Class II,None,0,0,0,Globe,1.5,40,300,Full bore,Butt-weld,ASME B16.10,Duplex 2205,Duplex SS,Stellite hardfaced,None,Metal seat,0,1,0,22,5.5,3,0.03,Pneumatic,Fail-close,0,0,1,1,0,0,1,0,0,1,1,0,1,PT,1,1,0,Standard,Forging,2,Standard,15,0.43,11,Premium-India,Domestic,0.75,228846
V01047,Natural Gas,47.81,248.8,19.87,59,ISO Class VI,Anti-cavitation trim,1,0,1,Control,3,80,600,Full bore,Threaded,ASME B16.10,SS316,Stainless steel,SS316,None,Metal seat,0,0,0,17,12,2.5,0.06,Pneumatic,Fail-open,0,1,1,1,0,1,1,0,0,1,1,0,0,UT+RT,1,0,1,Full (EN10204 3.1 + QAP/ITP),Casting,3,Tight,4,0.8,22,MidTier-India,Domestic,0.77,865857
V01048,Oxygen,184.46,37.8,10.63,1441,ISO Class VI,None,0,0,0,Butterfly,18,450,1500,Full bore,Wafer,ASME B16.10,SS304,Stainless steel,Alloy 20,Stellite,PTFE,0,0,0,18,8,0.3,0.07,Manual,N/A,0,0,0,0,0,0,0,0,0,1,1,0,0,None,1,0,0,Basic,Casting,3,Tight,13,0.66,17,Premium-India,Domestic,0.46,1115777
V01049,Air,6.32,34.9,0.98,74.6,ISO Class IV,None,0,0,0,Ball,3,80,150,Full bore,Lug,API 6D,A105,Carbon steel,SS316,Tungsten carbide,PTFE,0,0,0,0.2,0.1,0.05,0.2,Pneumatic,Fail-close,1,0,1,1,0,0,1,0,0,1,1,0,0,None,0,0,0,Standard,Casting,4,Standard,13,0.72,19,Generic-India,Domestic,0.86,152322
V01050,Natural Gas,13.02,248.8,0.54,31.9,ISO Class III,None,0,0,0,Check,1.5,40,150,Reduced port,Butt-weld,ISO 5752,SS316,Stainless steel,Alloy 20,None,Metal seat,0,1,0,17,12,2.5,0.06,Manual,N/A,0,0,0,0,0,0,0,0,0,1,1,0,0,UT,0,1,0,Standard,Forging,2,Standard,11,0.86,11,Premium-India,Domestic,0.32,58811
V01051,Corrosive (Acid),33.08,76.7,3,51.8,ISO Class III,None,0,0,0,Ball,2,50,300,Full bore,Flanged,ASME B16.10,SS316,Stainless steel,SS410,ENP (Electroless Nickel),PEEK,0,1,0,17,12,2.5,0.06,Electric,Fail-in-place,0,1,0,1,0,0,0,0,0,1,1,1,0,PT+MT,0,0,0,Basic,Casting,4,Standard,9,0.79,15,Imported-Premium,Import,0.43,496547
V01052,Air,97.65,59.3,12.45,55.1,ISO Class II,None,0,0,0,Ball,1,25,1500,Full bore,Flanged,API 6D,CS/WCB,Carbon steel,Nickel Alloy 625,Stellite,Metal seat,0,0,0,0.2,0.2,0.1,0.25,Manual,N/A,0,0,0,0,0,0,0,0,0,1,1,0,0,None,0,0,1,Standard,Forging,3,Standard,7,0.67,15,Premium-India,Domestic,0.73,135492
V01053,Hydrocarbon,17.68,-20,0.05,246.9,ISO Class V,None,0,0,0,Check,8,200,300,Reduced port,Flanged,ASME B16.10,Duplex 2205,Duplex SS,SS316,ENP (Electroless Nickel),Metal seat,0,1,0,22,5.5,3,0.03,Gearbox,N/A,0,0,0,0,0,0,0,0,0,1,1,0,0,None,1,0,1,Full (EN10204 3.1 + QAP/ITP),Casting,5,Tight,16,0.6,15,Generic-India,Domestic,0.46,457700
V01054,Oxygen,17.06,33.2,3.8,81.9,ISO Class IV,None,0,0,0,Globe,3,80,300,Full bore,Flanged,ASME B16.10,SS304,Stainless steel,SS316,Ceramic coating,PTFE,0,0,0,18,8,0.3,0.07,Electric,Fail-open,0,0,0,1,0,0,0,0,0,1,1,0,0,None,0,0,0,Standard,Forging,4,Standard,7,0.72,9,MidTier-India,Domestic,0.48,303227
V01055,Water,68.02,41.6,0.05,318.3,ISO Class IV,None,0,0,0,Check,10,250,600,Full bore,Flanged,ASME B16.10,A105,Carbon steel,SS316,None,Elastomer (NBR/EPDM),0,0,0,0.2,0.1,0.05,0.2,Pneumatic,Fail-close,0,0,1,1,0,0,1,1,0,1,0,0,0,PT,1,0,1,Standard,Forging,2,Standard,13,0.65,17,MidTier-India,Domestic,0.97,501721
V01056,Water,10.71,63.8,0.93,19.3,ISO Class IV,None,0,0,0,Ball,0.5,15,150,Reduced port,Flanged,ISO 5752,CS/WCB,Carbon steel,Nickel Alloy 625,None,Metal seat,0,0,0,0.2,0.2,0.1,0.25,Manual,N/A,0,1,0,0,0,0,0,0,0,1,0,0,0,UT,0,1,0,Standard,Casting,1,Standard,10,0.66,16,Imported-Standard,Domestic,0.93,27352
V01057,Steam,260.43,258.5,31.59,641.9,ISO Class II,None,0,0,0,Butterfly,10,250,2500,Full bore,Wafer,ASME B16.10,CS/WCB,Carbon steel,Stellite hardfaced,None,Metal seat,0,0,0,0.2,0.2,0.1,0.25,Manual,N/A,0,1,0,0,0,0,0,0,0,1,1,0,0,None,0,0,0,Standard,Casting,3,Standard,12,0.66,7,Generic-India,Domestic,0.85,525389
V01058,Natural Gas,33.93,155,5.63,10,ISO Class III,None,0,0,0,Check,0.5,15,600,Reduced port,Flanged,ASME B16.10,SS316,Stainless steel,Stellite hardfaced,Stellite,PTFE,0,1,0,17,12,2.5,0.06,Manual,N/A,0,0,0,0,0,0,0,0,0,1,0,0,1,UT,1,1,0,Standard,Casting,4,Standard,2,0.67,23,Premium-India,Domestic,0.68,81367
V01059,Air,35.05,7.1,2.96,67.4,ISO Class V,None,0,0,0,Ball,2,50,300,Reduced port,Socket-weld,ISO 5752,CS/WCB,Carbon steel,Duplex 2205,None,PTFE,0,0,0,0.2,0.2,0.1,0.25,Manual,N/A,0,0,0,0,0,0,0,0,0,1,1,0,0,RT,0,0,0,Standard,Casting,5,Tight,4,0.67,9,Generic-India,Domestic,0.54,106290
V01060,Corrosive (Acid),10.54,52.2,0.52,305,ISO Class III,None,0,0,0,Gate,12,300,150,Reduced port,Flanged,ASME B16.10,Duplex 2205,Duplex SS,SS316,None,PTFE,0,0,0,22,5.5,3,0.03,Hydraulic,Fail-open,0,0,0,0,0,0,0,0,0,1,1,0,0,PT+MT,0,0,0,Standard,Casting,3,Standard,9,0.69,12,Generic-India,Domestic,0.6,670023
V01061,Water,30.25,36.1,6.91,532.2,ISO Class II,None,0,0,0,Control,10,250,300,Full bore,Butt-weld,API 6D,SS316,Stainless steel,Alloy 20,Stellite,Elastomer (NBR/EPDM),0,1,0,17,12,2.5,0.06,Electric,Fail-close,0,0,0,1,0,0,0,0,0,1,1,0,0,PT,0,0,0,Standard,Forging,5,Tight,5,0.61,16,Imported-Standard,Domestic,0.67,1688133
V01062,Water,46.38,49.7,16.51,30,ISO Class IV,Anti-cavitation trim,1,0,0,Control,1,25,300,Full bore,Threaded,API 6D,CS/WCB,Carbon steel,Alloy 20,Ceramic coating,PTFE,0,0,0,0.2,0.2,0.1,0.25,Pneumatic,Fail-open,1,1,1,1,0,1,1,0,0,1,0,0,1,UT,1,1,0,Full (EN10204 3.1 + QAP/ITP),Casting,3,Tight,11,0.62,27,Generic-India,Domestic,0.63,151466
V01063,Natural Gas,90.29,55.3,16.79,42.7,ISO Class VI,None,0,0,0,Control,4,100,1500,Full bore,Threaded,ASME B16.10,CS/WCB,Carbon steel,SS316,None,PTFE,0,0,0,0.2,0.2,0.1,0.25,Pneumatic,Fail-close,1,1,1,1,0,1,1,1,0,1,1,0,1,UT+RT,0,0,1,Basic,Forging,4,Tight,11,0.77,19,MidTier-India,Domestic,0.66,981349
V01064,Slurry,15.53,35.3,0.57,275.9,ISO Class IV,None,0,0,0,Butterfly,14,350,150,Full bore,Flanged,ISO 5752,A105,Carbon steel,SS316,None,PTFE,0,0,1,0.2,0.1,0.05,0.2,Manual,N/A,0,0,0,0,0,0,0,0,0,1,1,0,0,UT+RT,0,0,0,Standard,Forging,1,Standard,9,0.74,20,Generic-India,Domestic,0.96,236371
V01065,Natural Gas,54.74,101.8,0.11,268.8,ISO Class VI,None,0,0,0,Check,6,150,600,Reduced port,Flanged,ASME B16.10,SS316,Stainless steel,Stellite hardfaced,Tungsten carbide,Metal seat,0,1,0,17,12,2.5,0.06,Manual,N/A,0,0,0,0,0,0,0,0,0,1,1,0,0,PT,1,0,1,Standard,Casting,3,Tight,10,0.58,16,Imported-Standard,Import,0.38,534820
V01066,Hydrocarbon,65.33,203.3,36.43,101.7,ISO Class VI,Anti-cavitation trim,1,0,0,Control,6,150,900,Full bore,Flanged,ISO 5752,SS304,Stainless steel,Stellite hardfaced,None,Metal seat,0,0,0,18,8,0.3,0.07,Pneumatic,Fail-open,0,1,1,1,0,1,1,1,0,1,1,1,0,UT,0,1,1,Standard,Forging,5,Tight,2,0.8,14,Imported-Premium,Import,0.15,2800000
V01067,Air,71.5,3.6,4.18,52,ISO Class IV,None,0,0,0,Ball,2,50,600,Full bore,Threaded,ASME B16.10,CS/WCB,Carbon steel,SS316,None,PTFE,0,0,0,0.2,0.2,0.1,0.25,Pneumatic,Fail-close,1,0,1,1,0,0,1,0,0,1,0,0,0,None,0,0,0,Basic,Forging,5,Standard,9,0.58,12,Generic-India,Domestic,0.98,215671
V01068,Natural Gas,58.86,101.3,3.88,25.7,ISO Class V,None,0,0,0,Ball,1,25,900,Full bore,Butt-weld,ASME B16.10,CS/WCB,Carbon steel,SS410,None,Metal seat,1,0,0,0.2,0.2,0.1,0.25,Pneumatic,Fail-in-place,0,0,1,1,0,0,1,1,0,1,1,1,0,None,0,0,0,Basic,Forging,1,Tight,6,0.89,12,Generic-India,Domestic,0.73,171080
V01069,Water,48.41,50.2,7.05,350.3,ISO Class III,None,0,0,0,Butterfly,14,350,300,Reduced port,Flanged,API 6D,CS/WCB,Carbon steel,Stellite hardfaced,ENP (Electroless Nickel),PTFE,0,0,0,0.2,0.2,0.1,0.25,Pneumatic,Fail-close,0,1,1,1,0,0,1,1,0,1,1,1,0,None,0,0,0,Basic,Casting,3,Standard,8,0.63,13,MidTier-India,Domestic,0.93,514859
V01070,Water,28.05,67.7,0.86,107.2,ISO Class V,None,0,0,0,Check,2,50,300,Reduced port,Flanged,ASME B16.10,SS316,Stainless steel,Duplex 2205,ENP (Electroless Nickel),Metal seat,0,1,0,17,12,2.5,0.06,Pneumatic,Fail-close,0,0,1,1,0,0,1,0,0,1,1,0,0,UT+RT,1,1,0,Standard,Casting,3,Tight,8,0.48,12,MidTier-India,Domestic,0.82,309871
V01071,Steam,66.53,287.6,4.57,239.1,ISO Class IV,None,0,0,0,Control,10,250,600,Full bore,Butt-weld,API 6D,CS/WCB,Carbon steel,SS316,None,Metal seat,0,0,0,0.2,0.2,0.1,0.25,Pneumatic,Fail-close,0,1,1,1,0,1,1,1,0,1,1,0,1,UT+RT,0,1,0,Standard,Forging,5,Tight,5,0.84,26,MidTier-India,Domestic,0.8,1602542
V01072,Water,37.99,94.4,13.1,281.7,ISO Class II,None,0,0,0,Globe,10,250,600,Reduced port,Flanged,ASME B16.10,CS/WCB,Carbon steel,Duplex 2205,Stellite,Metal seat,0,0,0,0.2,0.2,0.1,0.25,Gearbox,N/A,0,0,0,0,0,0,0,0,0,1,0,1,0,UT+RT,1,0,0,Standard,Casting,3,Standard,8,0.74,16,MidTier-India,Domestic,0.9,502939
V01073,Slurry,43.76,62.5,0.2,357.2,ISO Class III,None,0,0,0,Globe,16,400,900,Full bore,Flanged,API 6D,CS/WCB,Carbon steel,Stellite hardfaced,Stellite,Metal seat,0,0,1,0.2,0.2,0.1,0.25,Manual,N/A,0,0,0,0,0,0,0,0,0,1,1,0,1,UT+RT,0,0,0,Basic,Casting,2,Standard,9,0.95,5,Imported-Standard,Import,0.69,914172
V01074,Water,93.73,14.6,37.45,25.4,ISO Class II,None,0,0,0,Needle,1,25,900,Full bore,Flanged,ASME B16.10,SS316,Stainless steel,SS316,None,Elastomer (NBR/EPDM),0,0,0,17,12,2.5,0.06,Pneumatic,Fail-close,0,0,1,1,0,0,1,1,0,1,1,0,0,RT,1,0,0,Standard,Forging,3,Standard,2,0.73,18,MidTier-India,Domestic,0.7,286288
V01075,Water,192.25,34,94.06,50.8,ISO Class VI,Low-noise trim,0,1,0,Control,2,50,1500,Reduced port,Threaded,ASME B16.10,SS316,Stainless steel,Stellite hardfaced,Stellite,PTFE,0,1,0,17,12,2.5,0.06,Electric,Fail-open,1,0,0,1,0,0,0,0,0,1,1,0,0,MT,1,0,0,Basic,Forging,4,Tight,13,0.4,21,Generic-India,Domestic,0.48,815732
V01076,Corrosive (Acid),42.61,122.6,2.8,332.9,ISO Class III,None,0,0,0,Gate,16,400,300,Full bore,Flanged,ASME B16.10,Nickel Alloy 625,Nickel alloy,SS410,None,Metal seat,0,1,0,21.5,60,9,0.02,Pneumatic,Fail-open,1,1,1,1,0,0,1,1,1,1,1,0,0,UT,0,1,0,Standard,Casting,3,Standard,16,0.44,19,MidTier-India,Domestic,0.98,2800000
V01077,Slurry,14,96,1.16,154.4,ISO Class III,None,0,0,0,Butterfly,12,300,150,Full bore,Flanged,API 6D,CS/WCB,Carbon steel,SS410,Tungsten carbide,PTFE,0,0,1,0.2,0.2,0.1,0.25,Hydraulic,Fail-in-place,0,0,0,0,0,0,0,0,0,1,0,0,0,None,0,1,0,Full (EN10204 3.1 + QAP/ITP),Casting,3,Standard,10,0.7,13,Generic-India,Domestic,0.56,294338
V01078,Water,224.62,96.9,17.93,37.2,ISO Class V,None,0,0,0,Check,1,25,1500,Full bore,Wafer,ISO 5752,A105,Carbon steel,SS316,None,PEEK,0,0,0,0.2,0.1,0.05,0.2,Manual,N/A,0,0,0,0,0,0,0,0,0,1,1,0,0,UT+RT,0,0,1,Standard,Forging,2,Tight,12,0.93,6,Premium-India,Domestic,0.84,108807
V01079,Hydrocarbon,65.79,235,13.3,176.9,ISO Class IV,None,0,0,0,Check,6,150,600,Reduced port,Socket-weld,ASME B16.10,CS/WCB,Carbon steel,Duplex 2205,None,Metal seat,1,0,0,0.2,0.2,0.1,0.25,Pneumatic,Fail-close,0,0,1,1,0,0,1,1,0,1,1,0,0,UT+RT,0,1,0,Basic,Casting,4,Tight,8,0.64,15,Imported-Standard,Import,0.45,588261
V01080,Slurry,19.96,46.1,1.05,179.3,ISO Class VI,None,0,0,0,Butterfly,8,200,300,Full bore,Wafer,ASME B16.10,Duplex 2205,Duplex SS,SS410,ENP (Electroless Nickel),Elastomer (NBR/EPDM),0,1,0,22,5.5,3,0.03,Manual,N/A,0,1,0,0,0,0,0,0,0,1,1,0,0,MT,0,0,1,Standard,Casting,4,Tight,11,0.62,11,MidTier-India,Domestic,0.98,354966
V01081,Hydrocarbon,141.63,107.7,59.48,37.7,ISO Class IV,None,0,0,0,Globe,1,25,1500,Reduced port,Flanged,ISO 5752,CS/WCB,Carbon steel,SS316,ENP (Electroless Nickel),PTFE,1,0,0,0.2,0.2,0.1,0.25,Pneumatic,Fail-open,1,0,1,1,0,0,1,1,0,1,0,0,0,None,0,0,0,Standard,Forging,4,Standard,13,0.62,24,Generic-India,Domestic,0.92,200820
V01082,Oxygen,15.32,23.9,7.07,503.3,ISO Class IV,Anti-cavitation trim,1,1,1,Control,12,300,150,Reduced port,Flanged,API 6D,SS304,Stainless steel,SS410,ENP (Electroless Nickel),PTFE,0,0,0,18,8,0.3,0.07,Pneumatic,Fail-close,0,1,1,1,0,1,1,1,0,1,1,0,1,PT,1,0,0,Standard,Casting,3,Tight,10,0.81,34,Generic-India,Domestic,0.98,1114999
V01083,Air,6.2,47,1.55,34.5,ISO Class VI,None,0,0,0,Control,2,50,150,Full bore,Flanged,ASME B16.10,CS/WCB,Carbon steel,SS316,Stellite,Metal seat,0,0,0,0.2,0.2,0.1,0.25,Pneumatic,Fail-open,1,1,1,1,1,1,1,0,0,1,1,0,0,UT,1,0,0,Standard,Casting,4,Tight,11,0.75,20,MidTier-India,Domestic,0.72,264691
V01084,Steam,11.19,286.6,3.25,15.3,ISO Class III,None,0,0,0,Control,1,25,150,Reduced port,Threaded,ASME B16.10,CS/WCB,Carbon steel,SS410,Stellite,Metal seat,0,0,0,0.2,0.2,0.1,0.25,Electric,Fail-close,1,0,0,1,0,0,0,0,0,1,1,0,0,None,0,0,0,Standard,Casting,3,Tight,8,0.85,25,Premium-India,Domestic,0.78,106228
V01085,Steam,44.09,245.8,3.91,195.7,ISO Class VI,None,0,0,0,Control,8,200,900,Full bore,Butt-weld,ASME B16.10,SS304,Stainless steel,SS316,None,Metal seat,0,0,0,18,8,0.3,0.07,Electric,Fail-close,1,0,0,1,0,0,0,0,0,1,1,0,1,None,0,0,0,Full (EN10204 3.1 + QAP/ITP),Casting,5,Tight,9,0.62,22,MidTier-India,Domestic,0.65,1686554
V01086,Corrosive (Acid),17.64,133.3,5.33,87.2,ISO Class VI,None,0,0,0,Control,4,100,150,Reduced port,Flanged,ASME B16.10,Duplex 2205,Duplex SS,SS316,Stellite,PTFE,0,1,0,22,5.5,3,0.03,Electric,Fail-close,1,0,0,1,0,0,0,0,0,1,0,0,0,MT,1,0,0,Standard,Casting,5,Tight,17,0.35,31,Imported-Standard,Domestic,0.79,708394
V01087,Steam,76.05,247.9,27.53,86.2,ISO Class VI,Low-noise trim,0,1,1,Control,4,100,600,Reduced port,Flanged,API 6D,CS/WCB,Carbon steel,Stellite hardfaced,None,Metal seat,0,0,0,0.2,0.2,0.1,0.25,Manual,N/A,0,0,0,0,0,0,0,0,0,1,0,0,0,None,0,0,0,Standard,Casting,3,Tight,9,0.89,18,Premium-India,Domestic,0.98,306048
V01088,Oxygen,9.05,28.8,2.17,57.7,ISO Class VI,None,0,0,0,Control,4,100,150,Reduced port,Flanged,API 6D,SS316,Stainless steel,SS316,None,PEEK,0,1,0,17,12,2.5,0.06,Electric,Fail-close,1,1,0,1,0,0,0,0,0,1,1,0,0,PT,0,0,0,Standard,Casting,3,Tight,9,0.75,27,Imported-Standard,Import,0.63,682500
V01089,Oxygen,36.45,35.5,1.55,49.5,ISO Class IV,None,0,0,0,Gate,1.5,40,300,Reduced port,Flanged,ASME B16.10,SS316,Stainless steel,Alloy 20,None,PEEK,0,1,0,17,12,2.5,0.06,Manual,N/A,0,0,0,0,0,0,0,0,0,1,0,0,0,MT,1,0,0,Standard,Casting,4,Standard,10,0.79,13,Imported-Standard,Import,0.47,153340
V01090,Steam,36.13,218.1,1.08,178.1,ISO Class IV,None,0,0,0,Butterfly,8,200,300,Reduced port,Lug,ASME B16.10,SS316,Stainless steel,Stellite hardfaced,None,PEEK,0,1,0,17,12,2.5,0.06,Gearbox,N/A,0,0,0,0,0,0,0,0,0,1,0,0,0,UT+RT,1,0,1,Standard,Forging,2,Standard,9,0.78,7,MidTier-India,Domestic,0.65,318964
V01091,Hydrocarbon,59.37,150.4,3.65,141.9,ISO Class III,None,0,0,0,Butterfly,6,150,900,Full bore,Lug,ASME B16.10,CS/WCB,Carbon steel,SS316,None,PEEK,0,0,0,0.2,0.2,0.1,0.25,Pneumatic,Fail-in-place,1,0,1,1,0,0,1,1,0,1,1,0,1,MT,1,0,1,Basic,Forging,3,Tight,9,0.62,13,Generic-India,Domestic,0.84,472551
V01092,Hydrocarbon,4.78,12.4,0.9,47.3,ISO Class V,None,0,0,0,Control,3,80,150,Full bore,Wafer,ISO 5752,CS/WCB,Carbon steel,Stellite hardfaced,None,Metal seat,0,0,0,0.2,0.2,0.1,0.25,Pneumatic,Fail-close,0,1,1,1,0,1,1,0,0,1,1,0,1,None,0,0,0,Standard,Casting,4,Tight,13,0.55,19,Generic-India,Domestic,0.83,207211
V01093,Oxygen,9.91,52.9,1.8,25.8,ISO Class VI,None,0,0,0,Ball,1,25,150,Full bore,Flanged,ASME B16.10,SS316,Stainless steel,SS316,None,PTFE,0,1,0,17,12,2.5,0.06,Pneumatic,Fail-open,0,0,1,1,0,0,1,0,0,1,1,1,0,None,0,0,0,Standard,Forging,2,Tight,4,0.73,7,Imported-Standard,Import,0.28,113373
V01094,Corrosive (Acid),75.82,54.6,7.87,95.5,ISO Class IV,None,0,0,0,Ball,6,150,600,Reduced port,Flanged,ASME B16.10,Nickel Alloy 625,Nickel alloy,Stellite hardfaced,None,PEEK,0,1,0,21.5,60,9,0.02,Electric,Fail-close,0,0,0,1,0,0,0,0,0,1,1,0,1,None,0,0,1,Basic,Casting,4,Tight,9,0.67,25,Imported-Standard,Import,0.49,2117295
V01095,Water,18.05,27.1,7.67,87.7,ISO Class IV,Low-noise trim,0,1,0,Control,6,150,150,Full bore,Flanged,ISO 5752,CS/WCB,Carbon steel,Stellite hardfaced,None,Elastomer (NBR/EPDM),0,0,0,0.2,0.2,0.1,0.25,Electric,Fail-close,0,0,1,1,0,0,0,0,0,1,0,0,0,None,0,0,0,Standard,Casting,4,Tight,4,0.75,19,Imported-Standard,Import,0.51,431955
V01096,Water,11.57,70.5,0.05,11.7,ISO Class V,None,0,0,0,Check,0.5,15,150,Full bore,Socket-weld,ISO 5752,CS/WCB,Carbon steel,SS316,None,PTFE,0,0,0,0.2,0.2,0.1,0.25,Manual,N/A,0,0,0,0,0,0,0,0,0,1,1,0,0,None,0,0,0,Standard,Casting,3,Tight,10,0.89,13,Premium-India,Domestic,0.69,17259
V01097,Air,31.08,42.6,1.98,188.4,ISO Class V,None,0,0,0,Check,6,150,300,Reduced port,Flanged,ASME B16.10,SS304,Stainless steel,SS316,None,PEEK,0,0,0,18,8,0.3,0.07,Hydraulic,Fail-open,1,0,0,0,0,0,0,0,0,1,1,0,0,UT,1,0,0,Basic,Casting,4,Tight,6,0.63,16,MidTier-India,Domestic,0.14,567363
V01098,Natural Gas,87.4,204.2,16.07,82.2,ISO Class VI,None,0,0,0,Control,4,100,1500,Reduced port,Butt-weld,ASME B16.10,A105,Carbon steel,SS316,Tungsten carbide,Metal seat,0,0,0,0.2,0.1,0.05,0.2,Pneumatic,Fail-close,0,1,1,1,0,1,1,1,0,1,1,0,0,RT,1,1,0,Basic,Forging,4,Tight,8,0.67,22,Premium-India,Domestic,0.66,1223583
V01099,Natural Gas,87.29,124.2,8.59,137.8,ISO Class IV,None,0,0,0,Butterfly,8,200,1500,Reduced port,Wafer,ASME B16.10,CS/WCB,Carbon steel,Stellite hardfaced,None,Metal seat,0,0,0,0.2,0.2,0.1,0.25,Pneumatic,Fail-in-place,0,0,1,1,0,0,1,1,0,1,1,1,0,MT,0,0,1,Standard,Forging,4,Tight,13,0.84,15,Premium-India,Domestic,0.88,1062940
V01100,Air,9.42,23.9,0.05,72.2,ISO Class V,None,0,0,0,Ball,1,25,150,Full bore,Flanged,ASME B16.10,SS304,Stainless steel,SS410,None,PTFE,0,0,0,18,8,0.3,0.07,Manual,N/A,0,0,0,1,0,0,0,0,0,1,0,0,0,None,1,0,0,Standard,Forging,5,Tight,5,0.63,12,Generic-India,Domestic,0.98,58200
V01101,Water,29.99,104.2,2.96,562.5,ISO Class II,None,0,0,0,Butterfly,14,350,900,Reduced port,Wafer,ASME B16.10,SS316,Stainless steel,Stellite hardfaced,Stellite,Metal seat,0,1,0,17,12,2.5,0.06,Manual,N/A,0,0,1,1,0,0,0,0,0,1,1,1,0,RT,0,1,0,Standard,Casting,3,Standard,9,0.54,10,MidTier-India,Domestic,0.77,560847
V01102,Steam,126.36,198.2,7.81,102.2,ISO Class V,None,0,0,0,Check,4,100,1500,Full bore,Threaded,API 6D,SS316,Stainless steel,Duplex 2205,ENP (Electroless Nickel),Metal seat,0,1,0,17,12,2.5,0.06,Pneumatic,Fail-close,0,0,1,1,0,0,1,1,0,1,1,0,0,PT+MT,0,0,0,Standard,Forging,2,Tight,8,0.68,7,MidTier-India,Domestic,0.76,717062
V01103,Steam,71.45,90.6,25.18,16.2,ISO Class VI,Low-noise trim,0,1,0,Control,1,25,900,Full bore,Flanged,API 6D,CS/WCB,Carbon steel,SS316,None,Metal seat,0,0,0,0.2,0.2,0.1,0.25,Manual,N/A,0,0,0,0,0,0,0,0,0,1,1,0,0,None,0,0,1,Full (EN10204 3.1 + QAP/ITP),Forging,4,Tight,6,0.67,29,Imported-Premium,Import,0.43,246924
V01104,Natural Gas,31.08,147.7,0.2,67.1,ISO Class III,None,0,0,0,Control,3,80,300,Reduced port,Flanged,ASME B16.10,SS316,Stainless steel,Stellite hardfaced,Ceramic coating,PTFE,1,0,0,17,12,2.5,0.06,Pneumatic,Fail-in-place,1,1,1,1,0,1,1,0,0,1,0,1,0,None,0,0,0,Basic,Casting,4,Tight,12,0.66,24,MidTier-India,Domestic,0.98,694015
V01105,Oxygen,106.95,-11.1,0.05,35.2,ISO Class VI,None,0,0,0,Ball,3,80,900,Reduced port,Lug,ASME B16.10,SS304,Stainless steel,SS316,Tungsten carbide,PTFE,0,0,0,18,8,0.3,0.07,Manual,N/A,0,0,0,0,0,0,0,0,0,1,1,0,0,PT+MT,0,0,1,Standard,Forging,4,Tight,10,0.83,11,Imported-Standard,Import,0.27,378290
V01106,Water,15.39,92.3,1.96,114,ISO Class VI,None,0,0,0,Gate,3,80,150,Reduced port,Wafer,ASME B16.10,CS/WCB,Carbon steel,Nickel Alloy 625,None,PTFE,0,0,0,0.2,0.2,0.1,0.25,Gearbox,N/A,0,1,0,0,0,0,0,0,0,1,1,0,0,None,0,0,0,Standard,Forging,5,Tight,7,0.67,13,Imported-Premium,Domestic,0.55,115229
V01107,Hydrocarbon,17.79,191.8,2,498.5,ISO Class IV,None,0,0,0,Butterfly,8,200,300,Full bore,Lug,ASME B16.10,CS/WCB,Carbon steel,SS316,None,Metal seat,0,0,0,0.2,0.2,0.1,0.25,Pneumatic,Fail-close,1,1,1,1,0,0,1,1,1,1,1,0,0,None,1,0,0,Standard,Casting,1,Standard,14,0.53,8,Imported-Premium,Import,0.26,532870
V01108,Oxygen,11.22,32.7,0.36,105.8,ISO Class IV,None,0,0,0,Gate,6,150,150,Reduced port,Flanged,ASME B16.10,SS304,Stainless steel,Duplex 2205,ENP (Electroless Nickel),PTFE,0,0,0,18,8,0.3,0.07,Gearbox,N/A,0,0,1,0,0,0,0,0,0,1,1,0,0,PT,1,0,0,Standard,Casting,4,Standard,10,0.88,16,MidTier-India,Domestic,0.22,217758
V01109,Air,96.95,40.8,4.51,19.9,ISO Class II,None,0,0,0,Ball,1,25,900,Reduced port,Flanged,ASME B16.10,A105,Carbon steel,Stellite hardfaced,None,Metal seat,0,0,0,0.2,0.1,0.05,0.2,Electric,Fail-open,0,0,0,1,0,0,0,0,0,1,1,1,1,PT+MT,0,0,1,Standard,Forging,4,Tight,9,0.78,11,MidTier-India,Domestic,0.79,156737
V01110,Natural Gas,53.72,-20,0.79,44.7,ISO Class V,None,0,0,0,Needle,2,50,600,Reduced port,Flanged,ISO 5752,Duplex 2205,Duplex SS,Nickel Alloy 625,Tungsten carbide,PTFE,0,1,0,22,5.5,3,0.03,Hydraulic,Fail-open,0,0,0,0,1,0,0,0,0,1,0,0,0,MT,0,1,0,Standard,Casting,5,Tight,8,0.57,15,Generic-India,Domestic,0.98,480441
V01111,Slurry,68.99,49.9,3.41,135.9,ISO Class III,None,0,0,0,Butterfly,4,100,600,Reduced port,Lug,ASME B16.10,Duplex 2205,Duplex SS,Nickel Alloy 625,Ceramic coating,PTFE,0,0,1,22,5.5,3,0.03,Manual,N/A,0,0,0,0,0,0,0,0,0,1,1,0,0,PT+MT,1,1,0,Basic,Forging,3,Standard,15,0.83,14,Imported-Premium,Import,0.32,299438
V01112,Water,158.8,80,34.73,275.6,ISO Class VI,None,0,0,0,Control,10,250,2500,Full bore,Flanged,ISO 5752,Bronze,Copper alloy,Nickel Alloy 625,None,Metal seat,0,0,0,0.2,0.8,0.1,0.02,Manual,N/A,0,0,0,0,0,0,0,0,0,1,0,0,1,None,1,0,0,Standard,Casting,3,Tight,10,0.56,20,Generic-India,Domestic,0.81,1527376
V01113,Slurry,9.28,76.1,2.03,135.7,ISO Class V,None,0,0,0,Control,6,150,150,Reduced port,Flanged,ASME B16.10,Duplex 2205,Duplex SS,SS316,ENP (Electroless Nickel),Elastomer (NBR/EPDM),0,1,1,22,5.5,3,0.03,Pneumatic,Fail-open,1,1,1,1,0,1,1,1,0,1,1,0,0,UT+RT,1,0,1,Basic,Casting,5,Tight,7,0.85,17,Generic-India,Domestic,0.89,934170
V01114,Natural Gas,6.29,-17.9,0.27,581,ISO Class II,None,0,0,0,Gate,14,350,150,Reduced port,Flanged,ASME B16.10,CS/WCB,Carbon steel,SS316,Stellite,PEEK,1,0,0,0.2,0.2,0.1,0.25,Hydraulic,Fail-in-place,0,0,0,0,0,0,0,0,0,1,1,0,0,PT,1,1,1,Standard,Forging,2,Tight,8,0.54,13,Premium-India,Domestic,0.52,625592
V01115,Natural Gas,46.9,36.7,1.9,64.5,ISO Class IV,None,0,0,0,Ball,3,80,600,Full bore,Flanged,ASME B16.10,CS/WCB,Carbon steel,SS316,None,Elastomer (NBR/EPDM),0,0,0,0.2,0.2,0.1,0.25,Manual,N/A,0,0,0,0,0,0,0,0,0,1,1,0,0,None,0,0,0,Standard,Casting,1,Tight,11,0.68,5,Imported-Standard,Domestic,0.63,189491
V01116,Water,63.18,87.4,1.81,410.8,ISO Class II,None,0,0,0,Butterfly,10,250,900,Reduced port,Flanged,ASME B16.10,SS316,Stainless steel,Nickel Alloy 625,None,PEEK,0,1,0,17,12,2.5,0.06,Electric,Fail-close,0,0,0,1,0,0,0,0,0,1,1,0,0,PT,1,0,0,Basic,Casting,4,Standard,9,0.56,9,MidTier-India,Domestic,0.98,996053
V01117,Natural Gas,111.02,89.9,9.82,140.4,ISO Class III,None,0,0,0,Check,8,200,900,Reduced port,Butt-weld,ISO 5752,SS316,Stainless steel,SS410,ENP (Electroless Nickel),PTFE,0,1,0,17,12,2.5,0.06,Manual,N/A,0,0,0,0,0,0,0,0,0,1,1,0,1,None,0,0,0,Standard,Casting,2,Standard,5,0.75,14,MidTier-India,Domestic,0.84,488050
V01118,Natural Gas,19.51,132.8,1.86,27.3,ISO Class II,None,0,0,0,Needle,0.75,20,300,Reduced port,Flanged,API 6D,SS316,Stainless steel,SS410,Stellite,PTFE,0,1,0,17,12,2.5,0.06,Manual,N/A,0,0,0,0,0,0,0,0,0,1,0,0,1,None,0,0,0,Basic,Casting,3,Standard,7,0.78,14,Premium-India,Domestic,0.42,58283
V01119,Corrosive (Acid),75.52,84.2,0.2,21.2,ISO Class VI,None,0,0,0,Needle,0.75,20,600,Full bore,Flanged,ISO 5752,SS316,Stainless steel,SS316,None,PTFE,0,0,0,17,12,2.5,0.06,Pneumatic,Fail-open,0,0,1,1,0,0,1,0,0,1,1,0,0,PT,0,0,1,Basic,Casting,2,Tight,5,0.58,19,MidTier-India,Domestic,0.36,136482
V01120,Air,29.15,89.5,3.3,313.3,ISO Class VI,None,0,0,0,Butterfly,14,350,300,Full bore,Lug,MSS SP-97,Bronze,Copper alloy,Nickel Alloy 625,None,Elastomer (NBR/EPDM),0,0,0,0.2,0.8,0.1,0.02,Gearbox,N/A,0,0,0,0,0,0,0,0,0,1,1,0,0,PT,0,0,1,Standard,Casting,5,Tight,4,0.75,16,Generic-India,Domestic,0.57,517250
V01121,Air,70,67.4,0.05,28.6,ISO Class V,None,0,0,0,Check,0.75,20,900,Reduced port,Flanged,ISO 5752,CS/WCB,Carbon steel,Duplex 2205,Stellite,Metal seat,0,0,0,0.2,0.2,0.1,0.25,Manual,N/A,0,0,0,0,0,0,0,0,0,1,1,0,1,PT,0,0,1,Full (EN10204 3.1 + QAP/ITP),Forging,3,Tight,11,0.71,20,Generic-India,Domestic,0.85,68689
V01122,Water,176.4,69.9,56.59,44.8,ISO Class VI,None,0,0,0,Control,4,100,1500,Reduced port,Threaded,ASME B16.10,SS304,Stainless steel,Alloy 20,ENP (Electroless Nickel),PEEK,0,0,0,18,8,0.3,0.07,Electric,Fail-in-place,0,1,0,1,0,0,0,0,0,1,1,0,0,MT,1,1,0,Standard,Forging,3,Tight,16,0.57,27,Imported-Standard,Import,0.24,1170611
V01123,Natural Gas,8.5,265.5,0.24,22.9,ISO Class III,None,0,0,0,Check,1,25,150,Full bore,Flanged,ISO 5752,SS316,Stainless steel,Nickel Alloy 625,None,Metal seat,0,1,0,17,12,2.5,0.06,Manual,N/A,0,0,0,0,0,0,0,0,0,1,1,0,1,UT,0,0,0,Full (EN10204 3.1 + QAP/ITP),Casting,2,Tight,12,0.69,11,MidTier-India,Domestic,0.98,56282
V01124,Slurry,19.61,23.3,8.31,12.6,ISO Class I,None,0,0,0,Globe,0.5,15,300,Reduced port,Lug,ISO 5752,CS/WCB,Carbon steel,SS316,None,PTFE,0,0,1,0.2,0.2,0.1,0.25,Pneumatic,Fail-close,0,0,1,1,0,0,1,0,0,1,1,0,0,PT,0,0,0,Basic,Casting,1,Tight,3,0.59,8,Generic-India,Domestic,0.34,34889
V01125,Natural Gas,39.23,87.6,19.77,91.1,ISO Class IV,None,0,0,0,Control,4,100,600,Reduced port,Flanged,ASME B16.10,CS/WCB,Carbon steel,Alloy 20,None,PTFE,0,0,0,0.2,0.2,0.1,0.25,Electric,Fail-close,0,1,0,1,0,0,0,0,0,1,1,0,0,PT,0,0,0,Basic,Casting,4,Tight,10,0.69,25,Generic-India,Domestic,0.81,535147
V01126,Slurry,96.9,87.3,1.46,154.7,ISO Class III,None,0,0,0,Ball,4,100,600,Reduced port,Butt-weld,ASME B16.10,SS316,Stainless steel,Nickel Alloy 625,None,Elastomer (NBR/EPDM),0,1,1,17,12,2.5,0.06,Manual,N/A,0,1,0,0,0,0,0,0,0,1,0,0,0,UT,0,0,0,Standard,Forging,2,Standard,9,0.55,8,Premium-India,Domestic,0.82,368710
V01127,Steam,97.99,271.2,10.04,35.4,ISO Class I,None,0,0,0,Gate,1,25,900,Full bore,Wafer,ASME B16.10,SS304,Stainless steel,Stellite hardfaced,ENP (Electroless Nickel),Metal seat,0,0,0,18,8,0.3,0.07,Manual,N/A,0,0,0,0,0,0,0,0,0,1,1,0,0,None,0,0,1,Standard,Forging,2,Standard,10,0.84,14,Generic-India,Domestic,0.73,129156
V01128,Oxygen,27.86,42.3,3.04,188,ISO Class IV,None,0,0,0,Check,6,150,300,Reduced port,Wafer,ASME B16.10,SS316,Stainless steel,SS316,None,PTFE,0,1,0,17,12,2.5,0.06,Electric,Fail-in-place,1,0,0,1,0,0,0,0,0,1,1,0,0,None,1,1,0,Basic,Forging,2,Standard,9,0.72,23,Premium-India,Domestic,0.91,311170
V01129,Oxygen,104.23,49.2,16.53,517.3,ISO Class V,None,0,0,0,Butterfly,20,500,900,Reduced port,Wafer,API 6D,SS316,Stainless steel,Duplex 2205,None,PTFE,0,1,0,17,12,2.5,0.06,Gearbox,N/A,0,0,0,0,0,0,0,0,0,1,1,0,1,None,1,0,0,Standard,Casting,3,Tight,8,0.73,10,Generic-India,Domestic,0.87,930389
V01130,Water,119.55,49.7,6.61,840.9,ISO Class V,None,0,0,0,Ball,18,450,900,Full bore,Flanged,API 6D,Bronze,Copper alloy,SS410,Stellite,PTFE,0,0,0,0.2,0.8,0.1,0.02,Pneumatic,Fail-close,1,0,1,1,0,0,1,1,1,0,1,1,1,None,0,0,0,Standard,Casting,2,Tight,11,0.85,20,Generic-India,Domestic,0.83,2196337
V01131,Water,10.82,59.5,0.5,29.8,ISO Class VI,None,0,0,0,Ball,0.5,15,150,Full bore,Flanged,ASME B16.10,CS/WCB,Carbon steel,Nickel Alloy 625,Stellite,Elastomer (NBR/EPDM),0,0,0,0.2,0.2,0.1,0.25,Manual,N/A,0,0,0,0,0,0,0,0,0,1,0,0,0,None,1,0,0,Standard,Casting,4,Tight,5,0.95,14,MidTier-India,Domestic,0.53,24498
V01132,Water,41.71,95.6,16.74,317.4,ISO Class V,None,0,0,0,Globe,8,200,300,Reduced port,Flanged,ASME B16.10,CS/WCB,Carbon steel,Alloy 20,None,Metal seat,0,0,0,0.2,0.2,0.1,0.25,Hydraulic,Fail-close,1,0,0,0,0,0,0,0,0,1,1,0,1,None,0,0,0,Basic,Forging,4,Tight,10,0.76,17,Generic-India,Domestic,0.9,426987
V01133,Natural Gas,12.95,222.1,0.88,398.2,ISO Class VI,None,0,0,0,Butterfly,14,350,150,Full bore,Wafer,ASME B16.10,Bronze,Copper alloy,SS410,None,Metal seat,0,0,0,0.2,0.8,0.1,0.02,Gearbox,N/A,0,0,1,0,0,0,0,0,0,1,1,0,0,RT,0,0,0,Standard,Casting,4,Tight,6,0.56,20,MidTier-India,Domestic,0.66,351354
V01134,Natural Gas,112.25,209.4,42.43,91.9,ISO Class III,Anti-cavitation trim,1,0,0,Control,4,100,1500,Reduced port,Threaded,API 6D,CS/WCB,Carbon steel,Stellite hardfaced,None,Metal seat,1,0,0,0.2,0.2,0.1,0.25,Electric,Fail-close,0,0,0,1,0,0,0,0,0,1,1,0,1,PT+MT,0,0,0,Full (EN10204 3.1 + QAP/ITP),Forging,3,Tight,12,0.74,24,Generic-India,Domestic,0.79,753621
V01135,Natural Gas,230.55,151.5,4.79,310,ISO Class V,None,0,0,0,Check,3,80,2500,Reduced port,Flanged,ASME B16.10,SS316,Stainless steel,Stellite hardfaced,Stellite,Elastomer (NBR/EPDM),1,1,0,17,12,2.5,0.06,Manual,N/A,0,1,0,1,0,0,0,0,0,1,1,0,0,PT+MT,0,0,0,Standard,Forging,3,Tight,11,0.67,14,MidTier-India,Domestic,0.75,480785
V01136,Hydrocarbon,160.38,4.6,29.7,70.2,ISO Class VI,None,0,0,0,Gate,1.5,40,1500,Reduced port,Flanged,ISO 5752,A105,Carbon steel,Duplex 2205,None,PTFE,0,0,0,0.2,0.1,0.05,0.2,Manual,N/A,0,0,0,0,0,0,0,0,0,1,1,0,0,UT,0,0,0,Standard,Forging,4,Tight,5,0.62,21,Generic-India,Domestic,0.98,174579
V01137,Water,14,63.1,1.72,106.3,ISO Class VI,None,0,0,0,Control,3,80,150,Full bore,Flanged,ASME B16.10,A105,Carbon steel,SS410,None,Elastomer (NBR/EPDM),0,0,0,0.2,0.1,0.05,0.2,Pneumatic,Fail-in-place,1,1,1,1,0,1,1,0,0,1,1,0,0,None,0,0,0,Standard,Casting,3,Tight,4,0.57,26,Generic-India,Domestic,0.77,257372
V01138,Water,6.6,33.2,1.04,30.6,ISO Class VI,None,0,0,0,Control,2,50,150,Reduced port,Flanged,ASME B16.10,SS316,Stainless steel,SS410,Stellite,PTFE,0,0,0,17,12,2.5,0.06,Manual,N/A,0,0,0,1,0,0,0,0,0,1,1,0,1,None,1,1,0,Standard,Casting,3,Tight,5,0.79,22,Generic-India,Domestic,0.49,150263
V01139,Slurry,45.09,30.6,14.16,77.8,ISO Class II,None,0,0,0,Control,3,80,300,Reduced port,Flanged,ASME B16.10,CS/WCB,Carbon steel,Duplex 2205,Stellite,Elastomer (NBR/EPDM),0,0,1,0.2,0.2,0.1,0.25,Pneumatic,Fail-open,0,1,1,1,1,1,1,0,0,1,1,0,0,UT,0,0,0,Standard,Casting,5,Tight,9,0.67,22,Generic-India,Domestic,0.73,325033
V01140,Hydrocarbon,39.46,194.7,0.68,28.6,ISO Class II,None,0,0,0,Check,1,25,300,Full bore,Socket-weld,ASME B16.10,SS316,Stainless steel,Stellite hardfaced,None,PTFE,0,0,0,17,12,2.5,0.06,Pneumatic,Fail-close,1,0,1,1,0,0,1,0,0,1,0,0,0,None,0,0,0,Standard,Forging,3,Standard,5,0.5,11,Imported-Standard,Import,0.3,117598
V01141,Hydrocarbon,59.35,201.4,7.75,23.2,ISO Class II,None,0,0,0,Gate,0.75,20,600,Reduced port,Threaded,ASME B16.10,SS304,Stainless steel,Duplex 2205,ENP (Electroless Nickel),PEEK,0,0,0,18,8,0.3,0.07,Manual,N/A,0,0,0,0,0,0,0,0,0,1,1,0,0,UT,0,0,0,Full (EN10204 3.1 + QAP/ITP),Casting,1,Tight,10,0.74,16,Generic-India,Domestic,0.98,60826
V01142,Steam,3.32,156.8,0.36,33.1,ISO Class III,None,0,0,0,Check,1,25,600,Reduced port,Flanged,ASME B16.10,CS/WCB,Carbon steel,SS316,None,Metal seat,0,0,0,0.2,0.2,0.1,0.25,Manual,N/A,0,0,1,0,0,0,0,0,0,1,1,0,0,RT,0,0,1,Standard,Casting,2,Standard,4,0.68,8,Imported-Standard,Import,0.43,75218
V01143,Steam,8.31,174.5,0.8,467.4,ISO Class IV,None,0,0,0,Butterfly,14,350,150,Full bore,Wafer,API 6D,Bronze,Copper alloy,SS316,Stellite,Metal seat,0,0,0,0.2,0.8,0.1,0.02,Manual,N/A,0,0,0,0,0,0,0,0,0,1,0,0,0,None,0,0,0,Basic,Forging,3,Standard,9,0.71,9,MidTier-India,Domestic,0.6,244099
V01144,Water,17.51,16.3,3.28,51.7,ISO Class III,None,0,0,0,Globe,2,50,150,Full bore,Socket-weld,MSS SP-97,SS304,Stainless steel,Stellite hardfaced,None,PTFE,0,0,0,18,8,0.3,0.07,Manual,N/A,0,0,0,0,0,0,0,0,0,1,1,0,0,None,1,0,0,Standard,Casting,3,Standard,11,0.68,13,MidTier-India,Domestic,0.91,107051
V01145,Water,341.42,46.6,26.3,267.6,ISO Class IV,None,0,0,0,Butterfly,8,200,2500,Reduced port,Lug,ASME B16.10,SS316,Stainless steel,Stellite hardfaced,ENP (Electroless Nickel),Metal seat,0,1,0,17,12,2.5,0.06,Pneumatic,Fail-close,0,1,1,1,0,0,1,1,0,1,1,0,0,MT,1,0,0,Basic,Casting,3,Tight,8,0.83,15,Imported-Standard,Import,0.34,1652704
V01146,Water,10.66,2.7,1.74,30.8,ISO Class I,None,0,0,0,Control,1.5,40,150,Full bore,Socket-weld,ASME B16.10,A105,Carbon steel,Stellite hardfaced,None,PTFE,0,0,0,0.2,0.1,0.05,0.2,Pneumatic,Fail-open,0,1,1,1,0,1,1,0,0,1,1,0,0,MT,0,0,0,Standard,Casting,4,Tight,14,0.79,29,MidTier-India,Domestic,0.98,191891
V01147,Air,7.95,30.1,2.78,349.5,ISO Class V,None,0,0,0,Globe,14,350,150,Reduced port,Butt-weld,API 6D,CS/WCB,Carbon steel,Nickel Alloy 625,None,Elastomer (NBR/EPDM),0,0,0,0.2,0.2,0.1,0.25,Manual,N/A,0,0,0,0,0,0,0,0,0,1,1,0,0,None,0,0,0,Standard,Casting,3,Tight,7,0.65,22,Premium-India,Domestic,0.53,280816
V01148,Steam,98.59,125.3,12.36,14.9,ISO Class III,None,0,0,0,Globe,0.75,20,900,Reduced port,Flanged,ASME B16.10,CS/WCB,Carbon steel,Nickel Alloy 625,None,Metal seat,0,0,0,0.2,0.2,0.1,0.25,Gearbox,N/A,0,0,0,0,0,0,0,0,0,1,1,0,0,None,1,0,0,Basic,Forging,4,Tight,7,0.71,7,Imported-Premium,Domestic,0.98,125774
V01149,Water,97.89,36.5,14.89,73.2,ISO Class V,None,0,0,0,Control,1.5,40,900,Full bore,Flanged,ASME B16.10,CS/WCB,Carbon steel,SS316,None,PEEK,0,0,0,0.2,0.2,0.1,0.25,Pneumatic,Fail-in-place,1,1,1,1,0,1,1,1,0,1,1,0,0,PT,0,0,0,Standard,Forging,2,Tight,9,0.57,21,MidTier-India,Domestic,0.62,371520
V01150,Hydrocarbon,56.75,-20,3.47,23.6,ISO Class V,None,0,0,0,Ball,0.75,20,600,Full bore,Flanged,ASME B16.10,CS/WCB,Carbon steel,SS316,None,Metal seat,0,0,0,0.2,0.2,0.1,0.25,Electric,Fail-close,1,0,0,1,0,0,0,0,0,1,1,0,0,PT,0,0,0,Standard,Casting,1,Tight,13,0.65,13,MidTier-India,Domestic,0.63,98979
V01151,Hydrocarbon,14.92,293.1,1.86,641.2,ISO Class II,None,0,0,0,Butterfly,12,300,150,Reduced port,Wafer,ISO 5752,CS/WCB,Carbon steel,Nickel Alloy 625,Stellite,Metal seat,0,0,0,0.2,0.2,0.1,0.25,Manual,N/A,0,1,0,0,0,0,0,0,0,1,1,1,0,None,0,0,0,Basic,Casting,5,Tight,9,0.91,18,Imported-Standard,Domestic,0.78,259191
V01152,Hydrocarbon,11.33,140.4,0.05,252.2,ISO Class II,None,0,0,0,Butterfly,16,400,300,Full bore,Wafer,ISO 5752,CS/WCB,Carbon steel,SS316,None,PTFE,1,0,0,0.2,0.2,0.1,0.25,Manual,N/A,0,0,0,0,0,0,0,0,0,1,1,1,0,UT+RT,0,1,0,Full (EN10204 3.1 + QAP/ITP),Casting,3,Standard,5,0.72,15,Generic-India,Domestic,0.79,241301
V01153,Natural Gas,36.3,113.8,3.86,191.2,ISO Class I,None,0,0,0,Ball,10,250,300,Full bore,Flanged,ISO 5752,CS/WCB,Carbon steel,SS316,Ceramic coating,Metal seat,0,0,0,0.2,0.2,0.1,0.25,Electric,Fail-close,0,1,0,1,1,0,0,0,0,1,1,1,1,PT+MT,0,0,0,Standard,Forging,3,Standard,11,0.84,10,Premium-India,Domestic,0.64,741858
V01154,Water,22.02,15,1.58,130.6,ISO Class III,None,0,0,0,Butterfly,3,80,300,Reduced port,Wafer,API 6D,Bronze,Copper alloy,Duplex 2205,None,Metal seat,0,0,0,0.2,0.8,0.1,0.02,Manual,N/A,0,0,0,0,0,0,0,0,0,1,1,0,0,None,1,1,0,Full (EN10204 3.1 + QAP/ITP),Casting,2,Standard,8,0.69,19,Premium-India,Domestic,0.63,96280
V01155,Hydrocarbon,40.57,40.4,13.36,95.4,ISO Class IV,None,0,0,0,Control,4,100,600,Reduced port,Flanged,ASME B16.10,Duplex 2205,Duplex SS,Nickel Alloy 625,Stellite,PTFE,0,0,0,22,5.5,3,0.03,Pneumatic,Fail-close,1,1,1,1,0,1,1,0,0,1,1,0,0,PT,0,0,0,Standard,Casting,5,Tight,14,0.52,25,Generic-India,Domestic,0.8,1270256
V01156,Water,31.06,6.8,5.21,20.6,ISO Class V,None,0,0,0,Check,0.5,15,300,Reduced port,Butt-weld,ASME B16.10,SS304,Stainless steel,Stellite hardfaced,ENP (Electroless Nickel),PTFE,0,0,0,18,8,0.3,0.07,Pneumatic,Fail-close,1,1,1,1,0,0,1,0,0,0,1,0,0,PT,1,0,0,Standard,Forging,2,Tight,6,0.52,12,Generic-India,Domestic,0.65,67575
V01157,Steam,105.54,296.6,8.27,57.1,ISO Class III,None,0,0,0,Gate,2,50,900,Full bore,Threaded,ASME B16.10,CS/WCB,Carbon steel,Stellite hardfaced,ENP (Electroless Nickel),Metal seat,0,0,0,0.2,0.2,0.1,0.25,Manual,N/A,0,0,1,0,0,0,0,0,0,1,1,0,0,None,1,0,1,Standard,Forging,4,Tight,8,0.59,11,Premium-India,Domestic,0.69,186591
V01158,Hydrocarbon,84.41,134.7,0.05,88.4,ISO Class III,None,0,0,0,Ball,2,50,900,Reduced port,Flanged,ASME B16.10,SS304,Stainless steel,Stellite hardfaced,None,Elastomer (NBR/EPDM),0,0,0,18,8,0.3,0.07,Manual,N/A,0,0,0,0,0,0,0,0,0,1,1,0,0,None,0,0,0,Basic,Forging,3,Standard,16,0.67,16,Imported-Standard,Import,0.7,236576
V01159,Air,228.58,25.3,39.25,155.5,ISO Class III,None,0,0,0,Check,8,200,2500,Reduced port,Flanged,ASME B16.10,CS/WCB,Carbon steel,Stellite hardfaced,Tungsten carbide,PTFE,0,0,0,0.2,0.2,0.1,0.25,Manual,N/A,0,0,0,0,0,0,0,0,0,1,0,0,0,MT,0,0,0,Standard,Casting,4,Tight,12,0.55,21,Generic-India,Domestic,0.69,537812
V01160,Steam,39.55,189.8,3.96,286.9,ISO Class VI,None,0,0,0,Check,6,150,300,Full bore,Threaded,ASME B16.10,CS/WCB,Carbon steel,SS316,None,Metal seat,0,0,0,0.2,0.2,0.1,0.25,Manual,N/A,0,0,0,0,0,0,0,0,0,1,1,0,0,None,0,0,0,Basic,Casting,4,Tight,2,0.8,13,MidTier-India,Domestic,0.68,171689
V01161,Air,26.54,54.8,0.05,288,ISO Class IV,None,0,0,0,Ball,10,250,600,Full bore,Flanged,MSS SP-97,CS/WCB,Carbon steel,SS316,Tungsten carbide,PTFE,0,0,0,0.2,0.2,0.1,0.25,Hydraulic,Fail-open,1,0,0,0,0,0,0,0,0,1,1,0,0,UT+RT,0,0,0,Standard,Forging,3,Standard,11,0.62,21,MidTier-India,Domestic,0.94,860888
V01162,Water,89.36,13.9,8.61,141,ISO Class I,None,0,0,0,Butterfly,6,150,1500,Full bore,Wafer,API 6D,SS316,Stainless steel,SS410,Tungsten carbide,PEEK,0,1,0,17,12,2.5,0.06,Pneumatic,Fail-open,1,0,1,1,0,0,1,1,0,1,1,0,0,PT+MT,0,0,1,Standard,Forging,4,Standard,9,0.61,15,Premium-India,Domestic,0.61,1259596
V01163,Slurry,74.2,63.5,6.47,35.9,ISO Class IV,None,0,0,0,Gate,1,25,600,Full bore,Flanged,ASME B16.10,SS316,Stainless steel,Stellite hardfaced,None,Metal seat,0,1,1,17,12,2.5,0.06,Manual,N/A,0,0,1,0,0,0,0,0,0,1,1,0,0,PT,0,0,0,Basic,Casting,1,Standard,9,0.74,18,Generic-India,Domestic,0.87,94904
V01164,Hydrocarbon,112.58,99.5,32.32,16.8,ISO Class III,None,0,0,0,Needle,0.75,20,900,Reduced port,Wafer,ASME B16.10,CS/WCB,Carbon steel,Nickel Alloy 625,ENP (Electroless Nickel),Metal seat,0,0,0,0.2,0.2,0.1,0.25,Pneumatic,Fail-in-place,1,0,1,1,0,0,1,1,0,1,1,0,0,None,0,0,0,Standard,Forging,4,Tight,7,0.92,24,MidTier-India,Domestic,0.92,147255
V01165,Natural Gas,13.92,20.5,2.81,19,ISO Class II,None,0,0,0,Globe,0.75,20,300,Reduced port,Flanged,API 6D,Duplex 2205,Duplex SS,Alloy 20,Tungsten carbide,PEEK,1,0,0,22,5.5,3,0.03,Pneumatic,Fail-in-place,0,0,1,1,0,0,1,0,0,1,1,0,0,UT+RT,1,0,0,Basic,Casting,4,Standard,5,0.95,20,MidTier-India,Domestic,0.97,204704
V01166,Water,20.31,51.8,4.19,55.9,ISO Class II,None,0,0,0,Gate,2,50,300,Reduced port,Threaded,ASME B16.10,A105,Carbon steel,SS410,None,Elastomer (NBR/EPDM),0,0,0,0.2,0.1,0.05,0.2,Pneumatic,Fail-close,1,0,1,1,0,0,1,0,0,1,0,0,0,PT+MT,0,0,0,Standard,Casting,2,Standard,11,0.86,10,Generic-India,Domestic,0.7,89971
V01167,Water,10.69,77.6,0.34,160.4,ISO Class V,None,0,0,0,Gate,3,80,150,Full bore,Flanged,ASME B16.10,SS316,Stainless steel,Stellite hardfaced,None,Metal seat,0,1,0,17,12,2.5,0.06,Manual,N/A,0,0,0,0,0,0,0,0,0,1,1,0,0,None,1,0,0,Basic,Casting,3,Tight,15,0.76,14,MidTier-India,Domestic,0.86,124921
V01168,Hydrocarbon,11.57,103.2,0.75,96,ISO Class II,None,0,0,0,Check,6,150,300,Full bore,Butt-weld,API 6D,A105,Carbon steel,Nickel Alloy 625,Tungsten carbide,PTFE,0,0,0,0.2,0.1,0.05,0.2,Pneumatic,Fail-close,1,0,1,1,0,0,1,1,0,1,1,0,0,None,0,0,0,Basic,Casting,3,Standard,2,0.68,15,Imported-Premium,Domestic,0.77,487620
V01169,Hydrocarbon,136.32,65.1,10.99,67.2,ISO Class III,None,0,0,0,Ball,2,50,1500,Full bore,Socket-weld,ISO 5752,CS/WCB,Carbon steel,Alloy 20,None,Metal seat,0,0,0,0.2,0.2,0.1,0.25,Electric,Fail-in-place,0,0,0,1,0,0,0,0,0,1,1,0,0,MT,1,1,0,Standard,Forging,2,Tight,11,0.75,13,MidTier-India,Domestic,0.98,326142
V01170,Natural Gas,76.46,90.4,1.66,535.1,ISO Class IV,None,0,0,0,Butterfly,12,300,900,Reduced port,Flanged,ASME B16.10,CS/WCB,Carbon steel,SS316,None,PTFE,0,0,0,0.2,0.2,0.1,0.25,Gearbox,N/A,0,0,0,1,0,0,0,0,0,1,1,0,0,None,1,0,0,Standard,Casting,2,Standard,6,0.66,9,MidTier-India,Domestic,0.4,444508
V01171,Water,72.13,54.9,34.92,130.1,ISO Class IV,None,0,0,0,Globe,4,100,600,Reduced port,Flanged,API 6D,CS/WCB,Carbon steel,Duplex 2205,Stellite,Metal seat,0,0,0,0.2,0.2,0.1,0.25,Gearbox,N/A,0,0,0,0,0,0,0,0,0,1,1,0,0,PT,0,0,0,Standard,Casting,4,Standard,14,0.71,14,Imported-Standard,Import,0.35,388594
V01172,Hydrocarbon,84.22,74.6,28.48,28.2,ISO Class IV,None,0,0,0,Control,1.5,40,900,Reduced port,Flanged,ASME B16.10,A105,Carbon steel,Stellite hardfaced,None,PTFE,0,0,0,0.2,0.1,0.05,0.2,Electric,Fail-open,0,0,0,1,0,0,0,0,0,1,1,0,0,None,1,0,1,Full (EN10204 3.1 + QAP/ITP),Forging,5,Tight,9,0.7,26,Premium-India,Domestic,0.78,339025
V01173,Steam,96.9,229.3,4.28,105.7,ISO Class II,None,0,0,0,Check,6,150,600,Full bore,Flanged,ISO 5752,Bronze,Copper alloy,Stellite hardfaced,Stellite,Metal seat,0,0,0,0.2,0.8,0.1,0.02,Electric,Fail-close,0,0,0,1,0,0,0,0,0,1,1,0,0,UT,1,0,0,Basic,Casting,5,Standard,7,0.63,16,Imported-Standard,Import,0.45,1021272
V01174,Water,56.46,54,5.3,38.1,ISO Class IV,None,0,0,0,Ball,1,25,600,Reduced port,Socket-weld,API 6D,Bronze,Copper alloy,SS316,None,PTFE,0,0,0,0.2,0.8,0.1,0.02,Manual,N/A,0,0,0,0,0,0,0,0,0,1,1,0,0,PT+MT,0,0,0,Standard,Casting,4,Tight,11,0.73,10,Imported-Standard,Domestic,0.72,127430
V01175,Natural Gas,23.3,-4.7,3.15,259.6,ISO Class I,None,0,0,0,Ball,4,100,600,Reduced port,Socket-weld,ASME B16.10,CS/WCB,Carbon steel,Stellite hardfaced,None,PTFE,0,0,0,0.2,0.2,0.1,0.25,Manual,N/A,0,0,0,0,0,0,0,0,0,1,1,1,0,None,0,0,0,Standard,Casting,1,Standard,8,0.67,13,MidTier-India,Domestic,0.81,132480
V01176,Natural Gas,35.77,98.9,2.55,39.5,ISO Class VI,None,0,0,0,Ball,2,50,600,Reduced port,Lug,ISO 5752,CS/WCB,Carbon steel,Stellite hardfaced,Stellite,PTFE,1,0,0,0.2,0.2,0.1,0.25,Manual,N/A,0,0,0,1,0,0,0,0,0,1,1,1,0,UT+RT,1,0,0,Standard,Forging,4,Tight,7,0.67,15,MidTier-India,Domestic,0.72,168695
V01177,Hydrocarbon,38.96,22.2,2.39,50.5,ISO Class V,None,0,0,0,Ball,1.5,40,600,Full bore,Flanged,ISO 5752,Bronze,Copper alloy,Nickel Alloy 625,Stellite,PTFE,0,0,0,0.2,0.8,0.1,0.02,Manual,N/A,0,0,0,0,0,0,0,0,0,1,1,0,0,RT,1,0,0,Standard,Casting,2,Tight,4,0.74,10,Generic-India,Domestic,0.46,184351
V01178,Water,8.29,78.7,2.11,110.9,ISO Class IV,None,0,0,0,Control,4,100,150,Full bore,Butt-weld,ASME B16.10,CS/WCB,Carbon steel,Duplex 2205,None,Elastomer (NBR/EPDM),0,0,0,0.2,0.2,0.1,0.25,Pneumatic,Fail-open,0,1,1,1,1,1,1,0,0,1,1,0,0,MT,1,0,0,Standard,Casting,4,Tight,2,0.58,22,Imported-Standard,Import,0.4,329920
V01179,Water,55.12,21.9,15.72,12.4,ISO Class II,None,0,0,0,Globe,0.5,15,600,Reduced port,Threaded,MSS SP-97,CS/WCB,Carbon steel,SS410,None,PTFE,0,0,0,0.2,0.2,0.1,0.25,Pneumatic,Fail-close,0,0,1,1,0,0,1,0,0,1,1,0,0,MT,0,0,0,Basic,Casting,4,Standard,11,0.78,18,Premium-India,Domestic,0.68,97327
V01180,Slurry,16.86,44.2,2.26,1102.9,ISO Class III,None,0,0,0,Gate,24,600,300,Reduced port,Flanged,ISO 5752,CS/WCB,Carbon steel,Stellite hardfaced,ENP (Electroless Nickel),PTFE,0,0,1,0.2,0.2,0.1,0.25,Manual,N/A,0,0,0,0,0,0,0,0,0,1,1,0,1,None,0,0,0,Basic,Casting,4,Standard,10,0.47,22,Generic-India,Domestic,0.71,590578
V01181,Water,3.5,56.4,0.16,63.5,ISO Class III,None,0,0,0,Gate,1.5,40,150,Reduced port,Threaded,ASME B16.10,CS/WCB,Carbon steel,Nickel Alloy 625,Stellite,Elastomer (NBR/EPDM),0,0,0,0.2,0.2,0.1,0.25,Electric,Fail-close,0,1,0,1,0,0,0,0,0,1,1,0,0,None,0,0,0,Standard,Casting,3,Standard,9,0.59,14,Generic-India,Domestic,0.71,71123
V01182,Air,37.13,53.8,0.13,481.2,ISO Class I,None,0,0,0,Gate,14,350,300,Full bore,Flanged,MSS SP-97,CS/WCB,Carbon steel,SS316,Stellite,PTFE,0,0,0,0.2,0.2,0.1,0.25,Gearbox,N/A,0,0,0,0,0,0,0,0,0,1,1,0,0,None,0,0,0,Standard,Casting,5,Standard,13,0.36,14,MidTier-India,Domestic,0.94,462471
V01183,Hydrocarbon,71.48,101.3,8.09,78.1,ISO Class II,None,0,0,0,Check,4,100,900,Full bore,Threaded,ASME B16.10,CS/WCB,Carbon steel,SS410,None,Elastomer (NBR/EPDM),0,0,0,0.2,0.2,0.1,0.25,Gearbox,N/A,0,0,0,0,1,0,0,0,0,1,1,0,0,UT+RT,0,0,0,Full (EN10204 3.1 + QAP/ITP),Forging,4,Standard,8,0.61,20,MidTier-India,Domestic,0.44,207399
V01184,Hydrocarbon,8.49,270.1,0.33,74.5,ISO Class I,None,0,0,0,Ball,6,150,150,Full bore,Flanged,API 6D,A105,Carbon steel,SS316,Stellite,Metal seat,0,0,0,0.2,0.1,0.05,0.2,Manual,N/A,0,0,0,0,0,0,0,0,0,1,1,0,0,None,0,0,0,Standard,Casting,2,Standard,9,0.81,25,MidTier-India,Domestic,0.98,155906
V01185,Corrosive (Acid),19.87,161.2,1.15,292.3,ISO Class VI,None,0,0,0,Butterfly,12,300,300,Reduced port,Lug,API 6D,Duplex 2205,Duplex SS,Stellite hardfaced,ENP (Electroless Nickel),PTFE,0,0,0,22,5.5,3,0.03,Electric,Fail-in-place,0,0,0,1,0,0,0,0,0,1,1,0,0,PT,0,0,0,Standard,Casting,3,Tight,8,0.69,18,Generic-India,Domestic,0.67,598829
V01186,Hydrocarbon,13.33,134.7,1.12,153.1,ISO Class V,None,0,0,0,Butterfly,6,150,300,Full bore,Wafer,ASME B16.10,A105,Carbon steel,SS410,Tungsten carbide,PTFE,0,0,0,0.2,0.1,0.05,0.2,Pneumatic,Fail-open,1,0,1,1,0,0,1,1,0,1,1,0,0,UT+RT,0,1,0,Standard,Casting,2,Tight,9,0.89,10,Imported-Premium,Import,0.36,421694
V01187,Water,104.63,49.6,8.13,54.5,ISO Class V,None,0,0,0,Gate,3,80,1500,Full bore,Flanged,ISO 5752,A105,Carbon steel,SS316,None,Elastomer (NBR/EPDM),0,0,0,0.2,0.1,0.05,0.2,Manual,N/A,0,0,0,0,1,0,0,0,0,1,0,0,1,PT+MT,0,0,0,Standard,Forging,3,Tight,10,0.79,8,Imported-Premium,Import,0.35,416955
V01188,Natural Gas,47.12,209.6,0.44,240.7,ISO Class IV,None,0,0,0,Ball,6,150,300,Full bore,Butt-weld,ASME B16.10,SS316,Stainless steel,Stellite hardfaced,Tungsten carbide,Metal seat,1,1,0,17,12,2.5,0.06,Pneumatic,Fail-close,0,0,1,1,0,0,1,1,0,1,1,0,0,None,1,0,0,Standard,Forging,2,Standard,9,0.63,5,Generic-India,Domestic,0.68,682258
V01189,Corrosive (Acid),11.43,100.1,1.06,235.7,ISO Class II,None,0,0,0,Butterfly,6,150,150,Reduced port,Lug,ASME B16.10,SS316,Stainless steel,SS316,None,PEEK,0,1,0,17,12,2.5,0.06,Gearbox,N/A,0,0,0,0,1,0,0,0,0,1,1,0,0,PT+MT,1,0,0,Standard,Casting,4,Tight,7,0.73,23,MidTier-India,Domestic,0.78,213909
V01190,Hydrocarbon,57.99,104.7,10.71,107.6,ISO Class II,None,0,0,0,Control,4,100,600,Full bore,Lug,ASME B16.10,SS316,Stainless steel,SS316,Stellite,Metal seat,1,1,0,17,12,2.5,0.06,Pneumatic,Fail-in-place,0,1,1,1,0,1,1,0,0,1,1,0,1,None,0,0,0,Basic,Casting,3,Tight,8,0.63,24,Generic-India,Domestic,0.71,774760
V01191,Water,12.47,53,0.25,139.1,ISO Class IV,None,0,0,0,Ball,3,80,150,Reduced port,Butt-weld,ASME B16.10,CS/WCB,Carbon steel,SS316,Tungsten carbide,Metal seat,0,0,0,0.2,0.2,0.1,0.25,Manual,N/A,0,0,0,0,0,0,0,0,0,1,1,1,0,PT+MT,0,0,1,Standard,Casting,1,Tight,11,0.71,5,MidTier-India,Domestic,0.79,86306
V01192,Hydrocarbon,8.55,68.4,0.62,19.7,ISO Class V,None,0,0,0,Check,0.75,20,150,Reduced port,Flanged,ASME B16.10,A105,Carbon steel,Nickel Alloy 625,None,Metal seat,0,0,0,0.2,0.1,0.05,0.2,Manual,N/A,0,0,0,0,0,0,0,0,0,1,1,0,1,MT,0,0,0,Basic,Casting,1,Tight,12,0.69,10,Imported-Standard,Domestic,0.52,30637
V01193,Natural Gas,80.65,129.4,13.1,31.2,ISO Class III,None,0,0,0,Globe,1.5,40,1500,Reduced port,Flanged,ISO 5752,Bronze,Copper alloy,SS316,ENP (Electroless Nickel),Metal seat,0,0,0,0.2,0.8,0.1,0.02,Electric,Fail-open,0,0,0,1,0,0,0,0,0,1,1,0,0,PT+MT,0,0,0,Full (EN10204 3.1 + QAP/ITP),Forging,2,Standard,10,0.72,15,Imported-Premium,Domestic,0.59,476911
V01194,Water,108.62,8.4,27.05,17.9,ISO Class III,None,0,0,0,Needle,1,25,900,Reduced port,Lug,ASME B16.10,CS/WCB,Carbon steel,SS316,None,PEEK,0,0,0,0.2,0.2,0.1,0.25,Pneumatic,Fail-open,1,1,1,1,1,0,1,1,0,1,1,0,0,None,0,0,0,Basic,Forging,2,Standard,9,0.65,8,Imported-Standard,Import,0.55,191906
V01195,Corrosive (Acid),3.84,6.3,0.44,28.8,ISO Class I,None,0,0,0,Check,1,25,150,Full bore,Flanged,ASME B16.10,SS316,Stainless steel,Stellite hardfaced,None,Metal seat,0,1,0,17,12,2.5,0.06,Electric,Fail-close,1,0,0,1,0,0,0,0,0,0,1,0,0,None,0,1,0,Basic,Casting,5,Standard,10,0.76,9,Imported-Standard,Import,0.42,93684
V01196,Slurry,80.06,72.7,2.44,376.3,ISO Class III,None,0,0,0,Ball,8,200,600,Reduced port,Butt-weld,ASME B16.10,CS/WCB,Carbon steel,SS316,Tungsten carbide,PTFE,0,0,1,0.2,0.2,0.1,0.25,Gearbox,N/A,0,0,0,0,0,0,0,0,0,1,1,0,0,PT,0,0,1,Standard,Forging,5,Standard,7,0.79,12,Generic-India,Domestic,0.77,375101
V01197,Hydrocarbon,84.14,123.1,15.81,146,ISO Class I,None,0,0,0,Butterfly,10,250,900,Reduced port,Lug,API 6D,CS/WCB,Carbon steel,Stellite hardfaced,Stellite,Metal seat,1,0,0,0.2,0.2,0.1,0.25,Manual,N/A,0,1,0,0,0,0,0,0,0,1,1,1,0,None,1,1,0,Basic,Forging,3,Standard,12,0.69,13,MidTier-India,Domestic,0.58,374648
V01198,Water,4.21,34.3,0.09,69.1,ISO Class V,None,0,0,0,Ball,2,50,150,Full bore,Lug,ISO 5752,SS316,Stainless steel,SS316,Stellite,Metal seat,0,0,0,17,12,2.5,0.06,Electric,Fail-close,0,0,0,1,0,0,0,0,0,1,1,1,0,MT,0,0,1,Full (EN10204 3.1 + QAP/ITP),Forging,2,Tight,7,0.67,14,Imported-Standard,Import,0.27,190897
V01199,Steam,57.67,284,5.06,99.6,ISO Class II,None,0,0,0,Ball,4,100,600,Reduced port,Threaded,ISO 5752,CS/WCB,Carbon steel,SS316,None,Metal seat,0,0,0,0.2,0.2,0.1,0.25,Manual,N/A,0,0,0,0,0,0,0,0,0,1,0,0,0,PT+MT,1,0,0,Full (EN10204 3.1 + QAP/ITP),Casting,3,Standard,2,0.7,12,Generic-India,Domestic,0.56,160749
V01200,Air,24.28,74.8,3.53,258.8,ISO Class II,None,0,0,0,Ball,12,300,300,Full bore,Flanged,ASME B16.10,CS/WCB,Carbon steel,Alloy 20,None,Metal seat,0,0,0,0.2,0.2,0.1,0.25,Manual,N/A,0,0,1,0,0,0,0,0,0,1,1,0,0,MT,0,1,0,Standard,Casting,2,Standard,7,0.82,15,Generic-India,Domestic,0.77,364442
V01201,Natural Gas,8.41,215.5,0.67,44.6,ISO Class II,None,0,0,0,Ball,2,50,150,Reduced port,Flanged,ISO 5752,SS304,Stainless steel,Stellite hardfaced,None,Metal seat,0,0,0,18,8,0.3,0.07,Manual,N/A,0,0,0,0,0,0,0,0,0,1,1,1,0,MT,0,0,0,Standard,Casting,3,Standard,12,0.67,19,MidTier-India,Domestic,0.62,85971
V01202,Steam,34.11,167.6,12.73,339.3,ISO Class V,Anti-cavitation trim,1,1,1,Control,12,300,300,Full bore,Butt-weld,ISO 5752,CS/WCB,Carbon steel,SS410,None,Metal seat,0,0,0,0.2,0.2,0.1,0.25,Pneumatic,Fail-in-place,1,1,1,1,0,1,1,1,1,1,1,0,0,UT+RT,0,0,0,Basic,Casting,3,Tight,8,0.65,23,Imported-Premium,Domestic,0.68,1819844
V01203,Hydrocarbon,28.27,121.7,1.98,267.2,ISO Class IV,None,0,0,0,Ball,12,300,300,Full bore,Flanged,ASME B16.10,SS304,Stainless steel,Stellite hardfaced,ENP (Electroless Nickel),Metal seat,1,0,0,18,8,0.3,0.07,Manual,N/A,0,0,0,0,0,0,0,0,0,1,1,0,0,UT+RT,0,0,0,Standard,Casting,3,Standard,7,0.61,19,MidTier-India,Domestic,0.77,625880
V01204,Air,121.06,4.1,18.93,220.4,ISO Class VI,None,0,0,0,Butterfly,10,250,900,Reduced port,Wafer,ASME B16.10,SS316,Stainless steel,SS316,Tungsten carbide,PTFE,0,1,0,17,12,2.5,0.06,Manual,N/A,0,0,0,0,0,0,0,0,0,1,1,1,0,RT,0,0,0,Full (EN10204 3.1 + QAP/ITP),Casting,3,Tight,6,0.61,21,MidTier-India,Domestic,0.98,552683
V01205,Water,62.26,51.4,11.45,38,ISO Class II,None,0,0,0,Ball,3,80,600,Reduced port,Flanged,API 6D,A105,Carbon steel,Stellite hardfaced,ENP (Electroless Nickel),PTFE,0,0,0,0.2,0.1,0.05,0.2,Manual,N/A,0,1,0,0,0,0,0,0,0,1,1,0,0,None,0,0,1,Full (EN10204 3.1 + QAP/ITP),Casting,3,Tight,6,0.44,12,Generic-India,Domestic,0.98,175727
V01206,Steam,35.31,291.9,8.76,78.2,ISO Class V,None,0,0,0,Globe,3,80,300,Reduced port,Flanged,ISO 5752,CS/WCB,Carbon steel,Duplex 2205,Stellite,Metal seat,0,0,0,0.2,0.2,0.1,0.25,Pneumatic,Fail-close,1,0,1,1,1,0,1,0,0,1,1,0,0,None,0,0,1,Full (EN10204 3.1 + QAP/ITP),Forging,1,Tight,6,0.83,14,Generic-India,Domestic,0.82,231452
V01207,Water,17.95,39.2,3.16,278.2,ISO Class VI,None,0,0,0,Check,8,200,150,Reduced port,Flanged,ASME B16.10,CS/WCB,Carbon steel,Duplex 2205,None,Metal seat,0,0,0,0.2,0.2,0.1,0.25,Pneumatic,Fail-in-place,0,0,1,1,0,0,1,1,0,1,1,0,0,None,1,0,0,Basic,Forging,5,Tight,4,0.74,12,Generic-India,Domestic,0.78,373319
V01208,Steam,63.05,293.2,2.51,180.9,ISO Class VI,None,0,0,0,Check,8,200,600,Reduced port,Flanged,ASME B16.10,CS/WCB,Carbon steel,Stellite hardfaced,None,PEEK,0,0,0,0.2,0.2,0.1,0.25,Pneumatic,Fail-open,1,0,1,1,0,0,1,1,1,1,1,0,0,None,1,0,0,Full (EN10204 3.1 + QAP/ITP),Casting,3,Tight,8,0.7,9,Generic-India,Domestic,0.98,582153
V01209,Hydrocarbon,342.84,120.9,40.77,420.9,ISO Class III,None,0,0,0,Ball,10,250,2500,Full bore,Butt-weld,ISO 5752,SS304,Stainless steel,Stellite hardfaced,Tungsten carbide,Elastomer (NBR/EPDM),0,0,0,18,8,0.3,0.07,Gearbox,N/A,0,1,0,0,0,0,0,0,0,1,1,0,0,UT,1,0,0,Basic,Casting,2,Standard,11,0.95,15,Generic-India,Domestic,0.93,1766387
V01210,Natural Gas,92.61,133.1,10.45,646.4,ISO Class II,None,0,0,0,Check,14,350,900,Full bore,Butt-weld,ASME B16.10,SS304,Stainless steel,SS316,None,Elastomer (NBR/EPDM),0,0,0,18,8,0.3,0.07,Manual,N/A,0,0,0,0,1,0,0,0,0,1,1,0,0,UT,1,0,0,Standard,Casting,1,Standard,9,0.7,12,Imported-Standard,Import,0.54,759839
V01211,Natural Gas,30.49,175.7,1.13,12.7,ISO Class I,None,0,0,0,Needle,1,25,600,Reduced port,Flanged,API 6D,A105,Carbon steel,Stellite hardfaced,None,Metal seat,1,0,0,0.2,0.1,0.05,0.2,Electric,Fail-close,0,0,0,1,0,0,0,0,0,1,1,0,0,None,0,1,0,Standard,Forging,4,Standard,8,0.78,12,MidTier-India,Domestic,0.47,101316
V01212,Water,51.1,18.2,15.13,85.1,ISO Class IV,None,0,0,0,Control,4,100,600,Reduced port,Flanged,ASME B16.10,SS316,Stainless steel,Stellite hardfaced,None,Elastomer (NBR/EPDM),0,1,0,17,12,2.5,0.06,Gearbox,N/A,0,0,0,0,0,0,0,0,0,1,0,0,0,UT+RT,1,0,0,Full (EN10204 3.1 + QAP/ITP),Casting,4,Tight,8,0.77,25,Generic-India,Domestic,0.79,540359
V01213,Hydrocarbon,11.51,165.3,1.02,63.3,ISO Class IV,None,0,0,0,Ball,1.5,40,600,Full bore,Socket-weld,API 6D,CS/WCB,Carbon steel,SS316,None,Elastomer (NBR/EPDM),1,0,0,0.2,0.2,0.1,0.25,Electric,Fail-close,0,0,0,1,0,0,0,0,0,1,0,0,0,None,0,0,0,Standard,Forging,1,Standard,7,0.59,18,Generic-India,Domestic,0.47,116611
V01214,Natural Gas,32.96,75.9,0.8,98.5,ISO Class I,None,0,0,0,Ball,2,50,300,Reduced port,Flanged,API 6D,Bronze,Copper alloy,SS316,Ceramic coating,Metal seat,1,0,0,0.2,0.8,0.1,0.02,Manual,N/A,0,0,0,0,0,0,0,0,0,1,1,1,0,UT+RT,1,0,0,Basic,Forging,4,Standard,10,0.82,13,MidTier-India,Domestic,0.71,153402
V01215,Steam,11.02,188.3,2.04,92.5,ISO Class V,None,0,0,0,Control,3,80,150,Full bore,Flanged,ASME B16.10,A105,Carbon steel,Stellite hardfaced,Stellite,Metal seat,0,0,0,0.2,0.1,0.05,0.2,Pneumatic,Fail-close,1,1,1,1,0,1,1,0,0,1,1,0,0,PT+MT,0,0,0,Basic,Forging,5,Tight,9,0.94,17,MidTier-India,Domestic,0.38,402775
V01216,Water,20.96,43.2,0.05,524.4,ISO Class II,None,0,0,0,Gate,24,600,300,Full bore,Flanged,ISO 5752,CS/WCB,Carbon steel,Stellite hardfaced,None,Metal seat,0,0,0,0.2,0.2,0.1,0.25,Gearbox,N/A,0,1,0,0,0,0,0,0,0,1,1,0,1,PT,0,0,1,Basic,Casting,1,Standard,7,0.67,14,Generic-India,Domestic,0.98,708444
V01217,Water,13.16,65.2,1.14,125.4,ISO Class V,None,0,0,0,Check,4,100,300,Reduced port,Butt-weld,API 6D,CS/WCB,Carbon steel,Stellite hardfaced,Tungsten carbide,PTFE,0,0,0,0.2,0.2,0.1,0.25,Pneumatic,Fail-in-place,1,0,1,1,0,0,1,0,0,1,1,0,0,UT,0,0,0,Basic,Casting,3,Tight,9,0.64,13,MidTier-India,Domestic,0.98,227150
V01218,Steam,154.96,216.3,12.46,54.7,ISO Class I,None,0,0,0,Control,4,100,2500,Full bore,Flanged,ASME B16.10,SS316,Stainless steel,SS316,Ceramic coating,Metal seat,0,1,0,17,12,2.5,0.06,Pneumatic,Fail-in-place,0,1,1,1,1,1,1,1,0,1,1,0,1,UT,1,0,0,Basic,Forging,4,Tight,14,0.74,11,Generic-India,Domestic,0.84,2800000
V01219,Water,21.95,54.5,1.98,40.7,ISO Class III,None,0,0,0,Ball,2,50,300,Full bore,Flanged,API 6D,CS/WCB,Carbon steel,Nickel Alloy 625,None,PTFE,0,0,0,0.2,0.2,0.1,0.25,Manual,N/A,0,0,0,0,0,0,0,0,0,1,1,0,1,PT,0,0,0,Standard,Forging,3,Standard,12,0.69,10,Generic-India,Domestic,0.71,92406
V01220,Hydrocarbon,83.96,160.5,12.45,108.8,ISO Class IV,None,0,0,0,Control,4,100,1500,Full bore,Threaded,ASME B16.10,CS/WCB,Carbon steel,Stellite hardfaced,ENP (Electroless Nickel),PTFE,1,0,0,0.2,0.2,0.1,0.25,Pneumatic,Fail-close,1,1,1,1,0,1,1,1,0,1,1,0,0,None,0,1,0,Standard,Forging,3,Tight,9,0.55,22,Generic-India,Domestic,0.98,1017474
V01221,Air,15.83,18,2.17,158.5,ISO Class II,None,0,0,0,Control,6,150,300,Full bore,Flanged,ASME B16.10,SS304,Stainless steel,Stellite hardfaced,Stellite,Metal seat,0,0,0,18,8,0.3,0.07,Electric,Fail-open,0,0,0,1,0,0,0,0,0,1,1,1,1,PT,0,0,0,Basic,Forging,4,Tight,4,0.62,19,MidTier-India,Domestic,0.98,987101
V01222,Corrosive (Acid),7.11,23.3,2.45,73.9,ISO Class IV,None,0,0,0,Control,3,80,150,Full bore,Butt-weld,ASME B16.10,Duplex 2205,Duplex SS,Alloy 20,None,Metal seat,0,1,0,22,5.5,3,0.03,Pneumatic,Fail-close,1,1,1,1,0,1,1,0,0,1,1,0,0,PT+MT,0,0,0,Standard,Casting,4,Tight,9,0.63,20,Generic-India,Domestic,0.86,535888
V01223,Slurry,8.18,19.7,1.01,88.9,ISO Class III,None,0,0,0,Ball,2,50,150,Full bore,Socket-weld,ASME B16.10,CS/WCB,Carbon steel,Stellite hardfaced,None,Metal seat,0,0,0,0.2,0.2,0.1,0.25,Manual,N/A,0,0,0,0,0,0,0,0,0,1,1,1,0,RT,0,1,0,Standard,Forging,2,Tight,12,0.72,18,Generic-India,Domestic,0.81,59171
V01224,Natural Gas,7.18,109.8,2.7,83.7,ISO Class II,Low-noise trim,0,1,0,Control,4,100,150,Reduced port,Threaded,API 6D,CS/WCB,Carbon steel,SS316,None,Metal seat,0,0,0,0.2,0.2,0.1,0.25,Electric,Fail-close,0,0,0,1,0,0,0,0,0,1,1,0,0,UT+RT,0,1,0,Standard,Forging,5,Tight,5,0.81,22,MidTier-India,Domestic,0.51,254247
V01225,Hydrocarbon,73.2,31.9,1.15,317.4,ISO Class II,None,0,0,0,Butterfly,10,250,600,Reduced port,Wafer,ASME B16.10,SS304,Stainless steel,SS316,Stellite,PTFE,0,0,0,18,8,0.3,0.07,Manual,N/A,0,0,0,0,0,0,0,0,0,1,1,1,0,UT,0,1,1,Basic,Casting,5,Standard,6,0.78,15,Imported-Premium,Domestic,0.63,676030
V01226,Steam,47.88,198.5,0.05,259.1,ISO Class V,None,0,0,0,Ball,8,200,600,Full bore,Flanged,ASME B16.10,CS/WCB,Carbon steel,SS316,None,Metal seat,0,0,0,0.2,0.2,0.1,0.25,Manual,N/A,0,0,0,1,0,0,0,0,0,1,1,0,0,MT,0,0,0,Standard,Forging,4,Tight,8,0.85,17,Imported-Standard,Domestic,0.74,466615
V01227,Hydrocarbon,23.59,17.1,4.95,157.9,ISO Class IV,None,0,0,0,Control,6,150,300,Reduced port,Socket-weld,API 6D,A105,Carbon steel,SS410,None,PTFE,0,0,0,0.2,0.1,0.05,0.2,Pneumatic,Fail-in-place,1,1,1,1,1,1,1,1,0,1,1,0,0,None,0,0,1,Standard,Casting,5,Tight,10,0.62,16,Imported-Standard,Import,0.47,738640
V01228,Natural Gas,66.05,107.3,8.13,223.4,ISO Class VI,None,0,0,0,Check,14,350,600,Reduced port,Flanged,ISO 5752,A105,Carbon steel,Stellite hardfaced,None,PTFE,1,0,0,0.2,0.1,0.05,0.2,Pneumatic,Fail-open,0,0,1,1,0,0,1,1,0,1,1,1,0,UT,0,0,0,Standard,Casting,5,Tight,5,0.82,13,MidTier-India,Domestic,0.73,962373
V01229,Water,30.4,61.4,12.42,61.4,ISO Class IV,None,0,0,0,Needle,1.5,40,300,Full bore,Butt-weld,API 6D,A105,Carbon steel,Stellite hardfaced,None,Elastomer (NBR/EPDM),0,0,0,0.2,0.1,0.05,0.2,Manual,N/A,0,1,1,0,0,0,0,0,0,1,1,0,0,UT+RT,1,0,0,Standard,Casting,3,Standard,13,0.73,19,Premium-India,Domestic,0.84,72286
V01230,Corrosive (Acid),29.71,105.2,7.28,173.3,ISO Class III,None,0,0,0,Globe,6,150,300,Full bore,Flanged,ASME B16.10,SS316,Stainless steel,SS316,Stellite,PEEK,0,0,0,17,12,2.5,0.06,Pneumatic,Fail-close,1,0,1,1,1,0,1,1,0,0,1,0,0,PT+MT,0,0,0,Basic,Casting,4,Tight,8,0.37,22,Imported-Standard,Import,0.31,881091
V01231,Hydrocarbon,35.46,96.4,5.87,38.6,ISO Class V,None,0,0,0,Needle,2,50,600,Reduced port,Flanged,ISO 5752,Duplex 2205,Duplex SS,SS316,None,PTFE,0,0,0,22,5.5,3,0.03,Manual,N/A,0,0,0,0,1,0,0,0,0,1,1,0,0,UT,0,0,1,Full (EN10204 3.1 + QAP/ITP),Casting,3,Tight,13,0.95,18,Imported-Standard,Import,0.52,234612
V01232,Natural Gas,87.03,149.9,3.52,81.1,ISO Class I,None,0,0,0,Butterfly,3,80,900,Reduced port,Lug,API 6D,CS/WCB,Carbon steel,Duplex 2205,None,PTFE,1,0,0,0.2,0.2,0.1,0.25,Manual,N/A,0,0,1,0,1,0,0,0,0,1,1,0,0,PT,1,1,0,Standard,Forging,4,Standard,11,0.73,8,MidTier-India,Domestic,0.69,120640
V01233,Slurry,28.74,67.7,6.02,163.2,ISO Class VI,None,0,0,0,Control,6,150,300,Reduced port,Flanged,ASME B16.10,CS/WCB,Carbon steel,Stellite hardfaced,None,Elastomer (NBR/EPDM),0,0,0,0.2,0.2,0.1,0.25,Pneumatic,Fail-close,0,1,1,1,1,1,1,1,0,1,1,0,0,MT,0,1,0,Basic,Casting,5,Tight,9,0.58,22,Imported-Premium,Import,0.59,813932
V01234,Hydrocarbon,99.32,181.5,6.77,54.9,ISO Class IV,None,0,0,0,Check,1,25,900,Reduced port,Flanged,ASME B16.10,Duplex 2205,Duplex SS,SS410,Stellite,Elastomer (NBR/EPDM),0,1,0,22,5.5,3,0.03,Manual,N/A,0,0,0,0,0,0,0,0,0,1,0,0,0,PT+MT,0,0,0,Basic,Forging,5,Tight,17,0.78,26,Generic-India,Domestic,0.63,209065
V01235,Air,35.1,83.5,2.13,478.9,ISO Class VI,None,0,0,0,Ball,10,250,300,Full bore,Flanged,API 6D,CS/WCB,Carbon steel,SS316,Tungsten carbide,PEEK,0,0,0,0.2,0.2,0.1,0.25,Manual,N/A,0,0,0,0,0,0,0,0,0,1,1,1,0,None,0,1,0,Basic,Casting,5,Tight,5,0.7,5,Imported-Standard,Import,0.32,488598
V01236,Slurry,52.1,147.7,26.45,90.6,ISO Class VI,None,0,0,0,Globe,6,150,600,Reduced port,Socket-weld,ASME B16.10,CS/WCB,Carbon steel,Nickel Alloy 625,Tungsten carbide,PEEK,0,0,1,0.2,0.2,0.1,0.25,Pneumatic,Fail-close,0,0,1,1,0,0,1,1,0,1,1,0,1,MT,1,0,1,Standard,Forging,4,Tight,10,0.68,15,Imported-Premium,Import,0.39,722188
V01237,Water,18.58,54.3,1.6,190.5,ISO Class I,None,0,0,0,Check,8,200,300,Full bore,Flanged,ISO 5752,SS304,Stainless steel,SS316,None,PTFE,0,0,0,18,8,0.3,0.07,Manual,N/A,0,0,0,0,0,0,0,0,0,1,1,0,0,MT,1,0,1,Standard,Casting,2,Standard,8,0.83,14,MidTier-India,Domestic,0.98,281783
V01238,Steam,11.11,198.7,1.28,46.1,ISO Class III,None,0,0,0,Check,2,50,150,Full bore,Lug,API 6D,CS/WCB,Carbon steel,SS316,None,PEEK,0,0,0,0.2,0.2,0.1,0.25,Gearbox,N/A,0,0,0,0,1,0,0,0,0,1,0,0,0,MT,1,0,1,Full (EN10204 3.1 + QAP/ITP),Casting,5,Standard,3,0.93,14,Imported-Standard,Import,0.43,111123
V01239,Natural Gas,35.92,68.9,4.17,1366,ISO Class VI,None,0,0,0,Butterfly,18,450,300,Full bore,Lug,ISO 5752,CS/WCB,Carbon steel,Stellite hardfaced,ENP (Electroless Nickel),PTFE,0,0,0,0.2,0.2,0.1,0.25,Gearbox,N/A,0,0,0,0,0,0,0,0,0,1,0,1,1,PT+MT,0,0,0,Full (EN10204 3.1 + QAP/ITP),Casting,2,Tight,14,0.77,12,MidTier-India,Domestic,0.57,378144
V01240,Slurry,3.76,47.5,0.24,40.4,ISO Class IV,None,0,0,0,Ball,2,50,150,Reduced port,Butt-weld,ASME B16.10,CS/WCB,Carbon steel,SS316,Tungsten carbide,PTFE,0,0,1,0.2,0.2,0.1,0.25,Manual,N/A,0,0,0,0,0,0,0,0,0,1,1,0,0,MT,0,0,0,Standard,Casting,4,Standard,7,0.64,12,Imported-Premium,Domestic,0.82,93148
V01241,Natural Gas,43.23,128.8,10.48,100.7,ISO Class III,None,0,0,0,Control,6,150,600,Reduced port,Lug,ISO 5752,CS/WCB,Carbon steel,Stellite hardfaced,Stellite,Elastomer (NBR/EPDM),0,0,0,0.2,0.2,0.1,0.25,Pneumatic,Fail-in-place,0,1,1,1,0,1,1,1,0,1,1,0,0,None,0,0,0,Standard,Casting,4,Tight,10,0.79,19,Imported-Standard,Domestic,0.55,791496
V01242,Hydrocarbon,51.49,224.8,4.62,86.8,ISO Class VI,None,0,0,0,Butterfly,3,80,600,Full bore,Lug,ASME B16.10,CS/WCB,Carbon steel,Alloy 20,None,PEEK,0,0,0,0.2,0.2,0.1,0.25,Manual,N/A,0,0,0,0,0,0,0,0,0,1,1,0,1,None,0,0,0,Standard,Casting,5,Tight,7,0.95,11,MidTier-India,Domestic,0.55,144634
V01243,Hydrocarbon,25.76,63.5,6.08,226.8,ISO Class IV,None,0,0,0,Ball,6,150,300,Full bore,Flanged,ASME B16.10,SS316,Stainless steel,Duplex 2205,Tungsten carbide,Metal seat,1,1,0,17,12,2.5,0.06,Manual,N/A,0,1,0,0,0,0,0,0,0,1,1,0,0,UT,0,0,0,Standard,Casting,4,Tight,7,0.65,19,Generic-India,Domestic,0.41,405810
V01244,Air,77.34,83.8,14.99,289.2,ISO Class VI,None,0,0,0,Control,10,250,900,Full bore,Flanged,API 6D,SS316,Stainless steel,Stellite hardfaced,None,PEEK,0,1,0,17,12,2.5,0.06,Manual,N/A,0,0,0,0,0,0,0,0,0,1,1,0,0,MT,0,0,0,Standard,Casting,4,Tight,12,0.53,25,Imported-Standard,Import,0.32,1754814
V01245,Hydrocarbon,7.65,121.7,1.79,176,ISO Class II,None,0,0,0,Globe,10,250,150,Reduced port,Flanged,ASME B16.10,Bronze,Copper alloy,SS410,None,PTFE,1,0,0,0.2,0.8,0.1,0.02,Electric,Fail-close,1,0,0,1,0,0,0,0,0,1,1,1,0,None,1,0,1,Standard,Casting,1,Standard,6,0.74,10,Generic-India,Domestic,0.68,321041
V01246,Hydrocarbon,73.94,191.7,9.04,377.9,ISO Class V,None,0,0,0,Butterfly,12,300,900,Reduced port,Flanged,ISO 5752,CS/WCB,Carbon steel,Alloy 20,None,Metal seat,0,0,0,0.2,0.2,0.1,0.25,Manual,N/A,0,0,0,0,0,0,0,0,0,1,1,0,0,PT+MT,1,0,1,Standard,Casting,3,Tight,6,0.91,24,Imported-Premium,Import,0.37,958188
V01247,Water,109.03,18.7,4.08,296.7,ISO Class VI,None,0,0,0,Butterfly,10,250,1500,Reduced port,Lug,ISO 5752,SS316,Stainless steel,SS316,None,Metal seat,0,0,0,17,12,2.5,0.06,Electric,Fail-close,0,0,0,1,0,0,0,0,0,0,1,0,0,PT,0,0,0,Standard,Forging,5,Tight,11,0.61,20,Imported-Premium,Import,0.5,1619355
V01248,Steam,21.66,152.3,3.97,625.1,ISO Class V,None,0,0,0,Butterfly,14,350,600,Reduced port,Lug,API 6D,SS316,Stainless steel,Nickel Alloy 625,Stellite,Metal seat,0,1,0,17,12,2.5,0.06,Gearbox,N/A,0,0,0,0,0,0,0,0,0,1,1,0,0,MT,1,1,0,Standard,Casting,3,Tight,14,0.95,14,Generic-India,Domestic,0.75,640960
V01249,Water,50.87,12.8,0.05,10,ISO Class III,None,0,0,0,Gate,0.5,15,600,Full bore,Flanged,ASME B16.10,CS/WCB,Carbon steel,SS316,None,Metal seat,0,0,0,0.2,0.2,0.1,0.25,Electric,Fail-close,1,1,0,1,0,0,0,0,0,1,1,0,1,RT,0,0,0,Standard,Casting,4,Tight,3,0.95,10,Premium-India,Domestic,0.98,111759
V01250,Corrosive (Acid),13.67,144.2,2.24,261.4,ISO Class I,None,0,0,0,Butterfly,12,300,300,Reduced port,Lug,ASME B16.10,Nickel Alloy 625,Nickel alloy,SS410,Tungsten carbide,PTFE,0,0,0,21.5,60,9,0.02,Manual,N/A,0,0,0,0,0,0,0,0,0,1,1,0,1,MT,0,0,1,Full (EN10204 3.1 + QAP/ITP),Casting,4,Tight,8,0.71,15,Generic-India,Domestic,0.68,643219
V01251,Hydrocarbon,45.44,169.2,3.07,339.1,ISO Class IV,None,0,0,0,Check,12,300,600,Full bore,Flanged,ASME B16.10,CS/WCB,Carbon steel,Stellite hardfaced,ENP (Electroless Nickel),PTFE,1,0,0,0.2,0.2,0.1,0.25,Manual,N/A,0,0,0,0,0,0,0,0,0,1,1,0,0,PT,0,0,0,Basic,Forging,2,Standard,6,0.89,8,Generic-India,Domestic,0.89,401533
V01252,Corrosive (Acid),90.89,43.4,5.35,196,ISO Class III,None,0,0,0,Ball,6,150,900,Full bore,Flanged,ASME B16.10,Duplex 2205,Duplex SS,SS410,Stellite,PTFE,0,0,0,22,5.5,3,0.03,Manual,N/A,0,0,0,0,0,0,0,0,0,1,1,0,0,None,1,0,0,Full (EN10204 3.1 + QAP/ITP),Forging,3,Standard,13,0.95,15,Generic-India,Domestic,0.37,776292
V01253,Water,52.36,100.3,8.81,260.9,ISO Class IV,None,0,0,0,Check,10,250,600,Full bore,Butt-weld,API 6D,CS/WCB,Carbon steel,SS316,None,Metal seat,0,0,0,0.2,0.2,0.1,0.25,Gearbox,N/A,0,1,0,1,1,0,0,0,0,1,1,0,0,None,0,0,0,Standard,Forging,4,Standard,6,0.72,17,Generic-India,Domestic,0.97,582906
V01254,Steam,86.22,369,5.01,11.9,ISO Class III,None,0,0,0,Check,0.75,20,900,Full bore,Socket-weld,ASME B16.10,Alloy Steel F22,Alloy steel,Stellite hardfaced,Stellite,Metal seat,0,0,0,2.25,0.5,1,0.12,Manual,N/A,0,0,0,0,0,0,0,0,0,1,1,1,0,None,1,1,1,Standard,Forging,1,Tight,12,0.71,15,MidTier-India,Domestic,0.64,84702
V01255,Natural Gas,20.82,153,1.54,39.8,ISO Class III,None,0,0,0,Check,1,25,300,Full bore,Socket-weld,ISO 5752,CS/WCB,Carbon steel,Alloy 20,Tungsten carbide,Metal seat,0,0,0,0.2,0.2,0.1,0.25,Manual,N/A,0,0,1,0,1,0,0,0,0,1,1,0,1,None,0,0,0,Standard,Casting,3,Standard,7,0.54,6,Generic-India,Domestic,0.98,66451
V01256,Steam,336.27,179.5,27.09,45.4,ISO Class III,None,0,0,0,Ball,2,50,2500,Full bore,Flanged,ASME B16.10,CS/WCB,Carbon steel,SS316,None,Metal seat,0,0,0,0.2,0.2,0.1,0.25,Manual,N/A,0,0,0,0,0,0,0,0,0,1,1,0,0,None,0,0,0,Standard,Forging,1,Standard,10,0.88,18,Imported-Standard,Domestic,0.56,251420
V01257,Hydrocarbon,34.93,80,9.15,28.8,ISO Class V,None,0,0,0,Control,1,25,300,Full bore,Wafer,ASME B16.10,CS/WCB,Carbon steel,Nickel Alloy 625,None,Elastomer (NBR/EPDM),1,0,0,0.2,0.2,0.1,0.25,Pneumatic,Fail-in-place,0,1,1,1,0,1,1,0,0,1,0,0,0,PT+MT,0,0,0,Standard,Forging,4,Tight,9,0.64,20,Premium-India,Domestic,0.44,148378
V01258,Oxygen,35.54,-1.4,3.43,69.9,ISO Class VI,None,0,0,0,Ball,1.5,40,300,Full bore,Flanged,ISO 5752,SS316,Stainless steel,SS316,Stellite,PTFE,0,1,0,17,12,2.5,0.06,Manual,N/A,0,0,0,0,0,0,0,0,0,1,1,0,1,UT+RT,1,0,0,Basic,Casting,1,Tight,7,0.92,17,Generic-India,Domestic,0.38,131250
V01259,Hydrocarbon,63.56,168.4,2.45,48,ISO Class III,None,0,0,0,Ball,1.5,40,900,Full bore,Flanged,ASME B16.10,CS/WCB,Carbon steel,SS316,None,Metal seat,1,0,0,0.2,0.2,0.1,0.25,Manual,N/A,0,0,0,0,1,0,0,0,0,1,1,0,0,UT,0,0,1,Standard,Forging,2,Standard,8,0.65,13,MidTier-India,Domestic,0.51,146662
V01260,Natural Gas,59.32,6.8,8.28,90.8,ISO Class IV,None,0,0,0,Gate,3,80,600,Reduced port,Flanged,ISO 5752,SS316,Stainless steel,SS410,None,Metal seat,0,0,0,17,12,2.5,0.06,Gearbox,N/A,0,0,0,0,1,0,0,0,0,1,1,0,0,None,0,0,0,Full (EN10204 3.1 + QAP/ITP),Casting,3,Standard,10,0.76,20,Imported-Standard,Import,0.31,372835
V01261,Natural Gas,58.36,155.5,6.08,228.9,ISO Class III,None,0,0,0,Butterfly,4,100,600,Reduced port,Wafer,API 6D,A105,Carbon steel,SS316,Stellite,Elastomer (NBR/EPDM),0,0,0,0.2,0.1,0.05,0.2,Gearbox,N/A,0,0,0,0,0,0,0,0,0,1,1,1,0,UT+RT,0,0,0,Full (EN10204 3.1 + QAP/ITP),Casting,4,Standard,7,0.64,14,Generic-India,Domestic,0.6,138618
V01262,Slurry,3.17,13.5,0.63,97.5,ISO Class II,None,0,0,0,Check,4,100,150,Full bore,Flanged,ISO 5752,SS316,Stainless steel,SS316,None,PTFE,0,0,0,17,12,2.5,0.06,Manual,N/A,0,0,0,0,0,0,0,0,0,1,1,0,1,None,0,0,0,Standard,Casting,5,Standard,9,0.71,6,MidTier-India,Domestic,0.75,193760
V01263,Slurry,42.35,68.2,3.29,35.8,ISO Class V,None,0,0,0,Control,2,50,300,Reduced port,Wafer,ASME B16.10,CS/WCB,Carbon steel,SS316,None,Elastomer (NBR/EPDM),0,0,1,0.2,0.2,0.1,0.25,Pneumatic,Fail-close,0,1,1,1,0,1,1,0,0,1,0,0,1,None,0,0,0,Standard,Casting,3,Tight,12,0.92,20,MidTier-India,Domestic,0.69,232258
V01264,Natural Gas,38.13,123.6,4.11,311,ISO Class VI,None,0,0,0,Gate,14,350,600,Full bore,Flanged,ISO 5752,A105,Carbon steel,Stellite hardfaced,None,Elastomer (NBR/EPDM),1,0,0,0.2,0.1,0.05,0.2,Manual,N/A,0,0,1,0,1,0,0,0,0,1,1,1,0,None,1,0,0,Basic,Casting,2,Tight,6,0.89,24,Imported-Standard,Import,0.37,634494
V01265,Natural Gas,22.54,120.1,3.78,96.7,ISO Class V,None,0,0,0,Control,4,100,300,Full bore,Threaded,API 6D,SS316,Stainless steel,Stellite hardfaced,None,Elastomer (NBR/EPDM),0,1,0,17,12,2.5,0.06,Pneumatic,Fail-in-place,0,1,1,1,0,1,1,0,0,1,1,0,1,None,0,1,0,Basic,Casting,4,Tight,7,0.7,18,Imported-Premium,Domestic,0.66,896847
V01266,Water,23.59,89.4,2.08,21.5,ISO Class IV,None,0,0,0,Ball,0.5,15,600,Full bore,Lug,ASME B16.10,SS304,Stainless steel,Stellite hardfaced,None,PTFE,0,0,0,18,8,0.3,0.07,Manual,N/A,0,0,0,0,0,0,0,0,0,1,1,1,0,MT,0,0,0,Basic,Casting,4,Standard,6,0.61,9,Imported-Standard,Import,0.31,86464
V01267,Corrosive (Acid),8.45,110.4,0.2,21.8,ISO Class III,None,0,0,0,Globe,1,25,150,Reduced port,Socket-weld,ASME B16.10,SS316,Stainless steel,SS316,Stellite,PEEK,0,1,0,17,12,2.5,0.06,Hydraulic,Fail-in-place,0,1,0,0,0,0,0,0,0,1,1,0,0,None,0,0,0,Basic,Forging,4,Standard,7,0.62,11,Generic-India,Domestic,0.14,107719
V01268,Air,37.76,35.4,1.97,34.4,ISO Class III,None,0,0,0,Ball,3,80,300,Full bore,Lug,API 6D,CS/WCB,Carbon steel,Nickel Alloy 625,None,PTFE,0,0,0,0.2,0.2,0.1,0.25,Manual,N/A,0,0,0,0,1,0,0,0,0,1,0,0,0,None,0,0,0,Standard,Casting,1,Standard,12,0.79,8,Generic-India,Domestic,0.62,83579
V01269,Water,34.14,0,7.72,244.4,ISO Class IV,None,0,0,0,Globe,8,200,600,Full bore,Flanged,ASME B16.10,CS/WCB,Carbon steel,SS316,Stellite,Metal seat,0,0,0,0.2,0.2,0.1,0.25,Electric,Fail-open,0,0,0,1,1,0,0,0,0,1,1,0,0,PT+MT,0,0,0,Standard,Casting,4,Standard,11,0.53,14,Generic-India,Domestic,0.7,692427
V01270,Air,9.73,33.5,0.05,55.2,ISO Class I,None,0,0,0,Gate,1,25,150,Full bore,Flanged,API 6D,A105,Carbon steel,SS316,Tungsten carbide,Metal seat,0,0,0,0.2,0.1,0.05,0.2,Manual,N/A,0,0,0,0,0,0,0,0,0,1,1,0,0,RT,0,0,0,Basic,Casting,3,Tight,4,0.78,12,Imported-Premium,Import,0.29,57904
V01271,Natural Gas,32.98,64,0.47,163.5,ISO Class II,None,0,0,0,Ball,3,80,300,Reduced port,Flanged,ASME B16.10,CS/WCB,Carbon steel,Nickel Alloy 625,None,PEEK,0,0,0,0.2,0.2,0.1,0.25,Manual,N/A,0,0,0,0,0,0,0,0,0,1,1,0,0,PT,0,0,0,Standard,Casting,3,Standard,8,0.8,11,Generic-India,Domestic,0.66,120712
V01272,Hydrocarbon,69.5,135.5,2.41,962.5,ISO Class IV,None,0,0,0,Butterfly,20,500,1500,Reduced port,Lug,ASME B16.10,Bronze,Copper alloy,SS316,None,Elastomer (NBR/EPDM),0,0,0,0.2,0.8,0.1,0.02,Electric,Fail-in-place,0,0,0,1,0,0,0,0,0,1,0,1,0,PT+MT,0,0,0,Basic,Casting,4,Tight,13,0.53,13,Generic-India,Domestic,0.51,1628393
V01273,Steam,6.8,127.6,1.03,77.3,ISO Class VI,None,0,0,0,Ball,2,50,300,Full bore,Wafer,ISO 5752,A105,Carbon steel,Stellite hardfaced,Stellite,Metal seat,0,0,0,0.2,0.1,0.05,0.2,Pneumatic,Fail-open,0,0,1,1,0,0,1,0,0,1,1,0,0,UT+RT,0,0,0,Full (EN10204 3.1 + QAP/ITP),Casting,3,Tight,5,0.59,15,MidTier-India,Domestic,0.68,212211
V01274,Water,9.82,51.5,0.41,22,ISO Class V,None,0,0,0,Control,1,25,150,Full bore,Flanged,ASME B16.10,CS/WCB,Carbon steel,SS316,None,Elastomer (NBR/EPDM),0,0,0,0.2,0.2,0.1,0.25,Pneumatic,Fail-close,1,1,1,1,0,1,1,0,0,1,1,0,0,UT+RT,0,0,0,Standard,Forging,4,Tight,7,0.66,25,Imported-Standard,Import,0.37,178595
V01275,Water,12.58,77.1,0.55,59.7,ISO Class VI,None,0,0,0,Ball,2,50,150,Reduced port,Flanged,ASME B16.10,CS/WCB,Carbon steel,SS316,ENP (Electroless Nickel),Metal seat,0,0,0,0.2,0.2,0.1,0.25,Pneumatic,Fail-open,1,0,1,1,0,0,1,0,0,1,1,1,0,None,0,0,0,Standard,Casting,3,Tight,10,0.82,15,Generic-India,Domestic,0.93,114950
V01276,Hydrocarbon,180.89,191.1,63.6,209.6,ISO Class II,None,0,0,1,Control,8,200,1500,Full bore,Flanged,ASME B16.10,Duplex 2205,Duplex SS,Alloy 20,None,PTFE,0,0,0,22,5.5,3,0.03,Pneumatic,Fail-close,0,1,1,1,0,1,1,1,0,1,1,0,0,RT,0,1,1,Standard,Forging,5,Tight,10,0.74,24,Generic-India,Domestic,0.84,2800000
V01277,Steam,8.99,222.4,0.32,271.9,ISO Class IV,None,0,0,0,Gate,8,200,150,Reduced port,Flanged,ISO 5752,CS/WCB,Carbon steel,SS316,Stellite,Metal seat,0,0,0,0.2,0.2,0.1,0.25,Pneumatic,Fail-close,1,0,1,1,0,0,1,1,1,1,1,0,0,MT,0,0,0,Standard,Casting,3,Standard,6,0.79,10,Imported-Standard,Domestic,0.98,429699
V01278,Water,34.6,25.4,5.15,163.5,ISO Class VI,None,0,0,0,Gate,6,150,600,Reduced port,Socket-weld,ISO 5752,CS/WCB,Carbon steel,SS316,None,Elastomer (NBR/EPDM),0,0,0,0.2,0.2,0.1,0.25,Pneumatic,Fail-in-place,1,0,1,1,0,0,1,1,0,0,1,0,0,UT+RT,0,0,0,Standard,Casting,1,Tight,11,0.67,17,Imported-Standard,Domestic,0.94,480569
V01279,Corrosive (Acid),18.05,0,2.3,17.1,ISO Class VI,None,0,0,0,Needle,0.75,20,150,Full bore,Flanged,ASME B16.10,Duplex 2205,Duplex SS,SS410,Stellite,PEEK,0,1,0,22,5.5,3,0.03,Pneumatic,Fail-open,1,1,1,1,0,0,1,0,0,1,1,0,0,None,1,0,0,Standard,Casting,5,Tight,18,0.87,10,Imported-Standard,Import,0.25,156772
V01280,Steam,41.72,309.6,8.9,72.1,ISO Class II,None,0,0,0,Control,3,80,600,Full bore,Flanged,ISO 5752,SS316,Stainless steel,Nickel Alloy 625,Stellite,PEEK,0,1,0,17,12,2.5,0.06,Electric,Fail-close,1,0,0,1,0,0,0,0,0,1,1,0,1,None,0,1,0,Standard,Casting,5,Tight,3,0.73,18,MidTier-India,Domestic,0.63,912172
V01281,Water,11.22,55.5,2.44,170.8,ISO Class III,None,0,0,0,Control,6,150,150,Full bore,Flanged,ASME B16.10,CS/WCB,Carbon steel,SS316,Stellite,Elastomer (NBR/EPDM),0,0,0,0.2,0.2,0.1,0.25,Pneumatic,Fail-open,1,1,1,1,0,1,1,1,0,1,1,0,1,None,0,0,0,Standard,Casting,3,Tight,10,0.7,19,Generic-India,Domestic,0.59,454617
V01282,Steam,45.22,216.2,0.51,148.6,ISO Class VI,None,0,0,0,Check,3,80,300,Reduced port,Flanged,API 6D,CS/WCB,Carbon steel,SS316,None,Metal seat,0,0,0,0.2,0.2,0.1,0.25,Pneumatic,Fail-open,0,0,1,1,0,0,1,0,0,1,1,0,1,UT,1,0,1,Full (EN10204 3.1 + QAP/ITP),Casting,2,Tight,9,0.65,20,Imported-Standard,Import,0.26,269436
V01283,Slurry,18.42,51.2,8.47,106.1,ISO Class VI,Anti-cavitation trim,1,1,0,Control,4,100,300,Reduced port,Lug,ASME B16.10,SS316,Stainless steel,SS316,None,PTFE,0,1,0,17,12,2.5,0.06,Electric,Fail-open,1,0,0,1,0,0,0,0,0,1,1,0,1,None,1,0,0,Basic,Casting,5,Tight,7,0.75,33,Imported-Standard,Domestic,0.42,568925
V01284,Natural Gas,295.97,7.3,100.5,120.2,ISO Class VI,None,0,0,0,Control,4,100,2500,Reduced port,Threaded,ISO 5752,CS/WCB,Carbon steel,SS316,Stellite,Metal seat,1,0,0,0.2,0.2,0.1,0.25,Electric,Fail-close,1,0,0,1,0,0,0,0,0,1,0,0,1,MT,0,0,0,Standard,Forging,5,Tight,13,0.76,26,Imported-Premium,Import,0.28,1304386
V01285,Natural Gas,45.65,117.2,4.13,150.3,ISO Class II,None,0,0,0,Butterfly,12,300,600,Reduced port,Wafer,ASME B16.10,Duplex 2205,Duplex SS,Alloy 20,None,PTFE,0,1,0,22,5.5,3,0.03,Pneumatic,Fail-open,0,0,1,1,0,0,1,1,0,1,1,0,0,MT,1,0,0,Basic,Casting,4,Tight,12,0.79,22,MidTier-India,Domestic,0.79,886327
V01286,Steam,11.36,261.2,0.32,48.4,ISO Class II,None,0,0,0,Check,1,25,300,Full bore,Flanged,ASME B16.10,CS/WCB,Carbon steel,Stellite hardfaced,None,Metal seat,0,0,0,0.2,0.2,0.1,0.25,Pneumatic,Fail-in-place,0,0,1,1,0,0,1,0,0,1,1,0,0,None,0,0,0,Standard,Casting,5,Standard,3,0.79,20,Generic-India,Domestic,0.95,69504
V01287,Steam,7.53,143.2,0.84,946.7,ISO Class VI,None,0,0,0,Check,24,600,150,Reduced port,Butt-weld,ASME B16.10,A105,Carbon steel,Alloy 20,None,Metal seat,0,0,0,0.2,0.1,0.05,0.2,Manual,N/A,0,0,0,1,0,0,0,0,0,1,1,0,1,None,0,0,0,Standard,Forging,1,Tight,7,0.82,15,Generic-India,Domestic,0.78,288956
V01288,Hydrocarbon,91.64,118.8,23.63,46.5,ISO Class II,None,0,0,0,Control,1.5,40,1500,Reduced port,Butt-weld,API 6D,SS316,Stainless steel,Nickel Alloy 625,Ceramic coating,PTFE,0,0,0,17,12,2.5,0.06,Pneumatic,Fail-close,1,1,1,1,0,1,1,1,0,1,0,0,0,PT+MT,0,1,0,Standard,Forging,5,Tight,10,0.68,13,Generic-India,Domestic,0.85,912052
V01289,Corrosive (Acid),65.22,16.8,12.23,180.4,ISO Class VI,None,0,0,0,Ball,4,100,600,Reduced port,Flanged,ASME B16.10,SS316,Stainless steel,SS316,None,PTFE,0,0,0,17,12,2.5,0.06,Electric,Fail-open,0,0,1,1,0,0,0,0,0,1,1,0,0,PT+MT,1,0,0,Basic,Forging,3,Tight,5,0.85,8,MidTier-India,Domestic,0.98,559354
V01290,Natural Gas,16.33,107.1,7.96,77.3,ISO Class VI,Anti-cavitation trim,1,1,1,Control,4,100,150,Full bore,Flanged,ASME B16.10,SS316,Stainless steel,Alloy 20,ENP (Electroless Nickel),Metal seat,1,0,0,17,12,2.5,0.06,Electric,Fail-close,0,0,0,1,0,0,0,0,0,1,1,1,0,None,0,0,1,Standard,Casting,4,Tight,10,0.8,26,Imported-Standard,Import,0.36,748757
V01291,Steam,179.8,254.4,12.02,215.6,ISO Class II,None,0,0,0,Butterfly,6,150,2500,Reduced port,Flanged,ISO 5752,Bronze,Copper alloy,Nickel Alloy 625,Tungsten carbide,Metal seat,0,0,0,0.2,0.8,0.1,0.02,Manual,N/A,0,0,0,0,0,0,0,0,0,1,1,0,0,RT,1,0,1,Basic,Forging,3,Tight,10,0.69,15,Imported-Standard,Domestic,0.73,1103921
V01292,Steam,13.9,237.4,1.88,74.9,ISO Class V,None,0,0,0,Control,4,100,150,Full bore,Flanged,ASME B16.10,SS304,Stainless steel,Nickel Alloy 625,None,Metal seat,0,0,0,18,8,0.3,0.07,Manual,N/A,0,0,0,0,0,0,0,0,0,1,1,0,0,PT,1,0,1,Full (EN10204 3.1 + QAP/ITP),Casting,5,Tight,5,0.73,23,MidTier-India,Domestic,0.55,277934
V01293,Oxygen,23.03,18.7,3.68,130.5,ISO Class V,None,0,0,0,Gate,4,100,300,Full bore,Flanged,ASME B16.10,Bronze,Copper alloy,Duplex 2205,Stellite,PEEK,0,0,0,0.2,0.8,0.1,0.02,Pneumatic,Fail-open,1,0,1,1,0,0,1,0,0,1,1,0,0,None,1,0,0,Basic,Casting,2,Tight,8,0.8,12,Generic-India,Domestic,0.93,352805
V01294,Slurry,14.46,59.7,1.11,335.7,ISO Class IV,None,0,0,0,Gate,14,350,150,Full bore,Flanged,ASME B16.10,Duplex 2205,Duplex SS,Duplex 2205,ENP (Electroless Nickel),PEEK,0,1,0,22,5.5,3,0.03,Pneumatic,Fail-in-place,1,0,1,1,0,0,1,1,1,1,1,0,0,PT,0,0,1,Basic,Casting,3,Tight,5,0.63,17,Generic-India,Domestic,0.56,981532
V01295,Steam,39.41,196.9,2.34,494.5,ISO Class IV,None,0,0,0,Butterfly,16,400,600,Full bore,Lug,ASME B16.10,Duplex 2205,Duplex SS,Duplex 2205,None,PEEK,0,0,0,22,5.5,3,0.03,Manual,N/A,0,0,0,0,0,0,0,0,0,1,1,0,0,RT,1,0,0,Standard,Casting,5,Standard,16,0.53,10,Premium-India,Domestic,0.89,958438
V01296,Corrosive (Acid),107.86,90.4,18.85,942.4,ISO Class IV,None,0,0,0,Ball,18,450,900,Reduced port,Flanged,API 6D,SS316,Stainless steel,SS316,ENP (Electroless Nickel),PTFE,0,1,0,17,12,2.5,0.06,Manual,N/A,0,1,0,0,0,0,0,0,0,1,1,0,0,PT+MT,1,0,0,Standard,Casting,4,Tight,7,0.71,12,Imported-Standard,Import,0.12,2238556
V01297,Air,34.89,41.4,15.55,40.1,ISO Class II,None,0,0,0,Globe,2,50,300,Full bore,Flanged,ASME B16.10,CS/WCB,Carbon steel,SS316,None,PTFE,0,0,0,0.2,0.2,0.1,0.25,Pneumatic,Fail-in-place,0,0,1,1,0,0,1,0,0,1,1,0,0,PT+MT,0,0,0,Standard,Casting,1,Standard,11,0.57,13,MidTier-India,Domestic,0.79,134473
V01298,Natural Gas,13.35,160.7,4.44,189.6,ISO Class VI,None,0,0,0,Control,10,250,150,Reduced port,Flanged,ASME B16.10,CS/WCB,Carbon steel,Alloy 20,ENP (Electroless Nickel),PTFE,1,0,0,0.2,0.2,0.1,0.25,Electric,Fail-close,0,0,0,1,0,0,0,0,0,1,1,0,1,PT+MT,1,0,0,Standard,Forging,4,Tight,3,0.91,12,Imported-Premium,Domestic,0.68,730111
V01299,Oxygen,21.35,40.4,3.64,56,ISO Class VI,None,0,0,0,Needle,1.5,40,300,Full bore,Flanged,API 6D,SS304,Stainless steel,Stellite hardfaced,ENP (Electroless Nickel),PTFE,0,0,0,18,8,0.3,0.07,Electric,Fail-open,0,0,0,1,1,0,0,0,0,1,1,0,0,None,1,0,1,Full (EN10204 3.1 + QAP/ITP),Casting,3,Tight,7,0.7,20,Generic-India,Domestic,0.93,165693
V01300,Hydrocarbon,8.12,153.2,2.46,207.7,ISO Class VI,None,0,0,0,Control,12,300,150,Reduced port,Flanged,ISO 5752,Bronze,Copper alloy,Stellite hardfaced,Stellite,Metal seat,1,0,0,0.2,0.8,0.1,0.02,Pneumatic,Fail-close,1,1,1,1,0,1,1,1,1,1,1,0,1,MT,1,0,1,Full (EN10204 3.1 + QAP/ITP),Forging,5,Tight,5,0.88,22,Premium-India,Domestic,0.64,1727351
V01301,Natural Gas,29.52,105.7,0.33,35,ISO Class VI,None,0,0,0,Check,2,50,300,Reduced port,Threaded,ISO 5752,CS/WCB,Carbon steel,Duplex 2205,Stellite,Metal seat,0,0,0,0.2,0.2,0.1,0.25,Gearbox,N/A,0,0,1,0,0,0,0,0,0,1,0,1,0,PT,0,0,0,Full (EN10204 3.1 + QAP/ITP),Casting,4,Tight,9,0.73,15,MidTier-India,Domestic,0.63,98665
V01302,Natural Gas,48.45,202.2,10.02,41.6,ISO Class VI,None,0,0,0,Globe,2,50,300,Full bore,Butt-weld,ISO 5752,CS/WCB,Carbon steel,SS316,ENP (Electroless Nickel),Metal seat,1,0,0,0.2,0.2,0.1,0.25,Gearbox,N/A,0,0,0,0,0,0,0,0,0,1,1,0,0,None,0,0,0,Basic,Casting,1,Tight,11,0.81,11,Imported-Standard,Import,0.14,103579
V01303,Water,96.39,47.8,11.71,34,ISO Class III,None,0,0,0,Check,1,25,900,Reduced port,Flanged,API 6D,SS316,Stainless steel,Stellite hardfaced,None,Metal seat,0,1,0,17,12,2.5,0.06,Manual,N/A,0,0,0,0,0,0,0,0,0,1,1,0,0,PT,0,0,1,Standard,Forging,4,Standard,9,0.82,5,Imported-Premium,Import,0.16,159444
V01304,Slurry,14.14,116.4,0.99,99.5,ISO Class I,None,0,0,0,Ball,4,100,150,Reduced port,Flanged,ISO 5752,A105,Carbon steel,Nickel Alloy 625,Ceramic coating,Elastomer (NBR/EPDM),0,0,1,0.2,0.1,0.05,0.2,Manual,N/A,0,0,0,0,0,0,0,0,0,1,1,1,0,None,0,1,0,Full (EN10204 3.1 + QAP/ITP),Casting,1,Standard,11,0.65,29,MidTier-India,Domestic,0.6,125802
V01305,Natural Gas,34.92,48,3.28,139,ISO Class IV,None,0,0,0,Ball,3,80,300,Full bore,Threaded,ASME B16.10,SS304,Stainless steel,Stellite hardfaced,ENP (Electroless Nickel),PTFE,0,0,0,18,8,0.3,0.07,Pneumatic,Fail-in-place,1,0,1,1,0,0,1,0,0,1,1,0,0,PT,1,0,0,Standard,Casting,3,Standard,11,0.82,17,MidTier-India,Domestic,0.75,255980
V01306,Water,54.69,54.4,0.05,565.5,ISO Class V,None,0,0,0,Check,16,400,600,Reduced port,Flanged,ISO 5752,SS304,Stainless steel,Duplex 2205,ENP (Electroless Nickel),Elastomer (NBR/EPDM),0,0,0,18,8,0.3,0.07,Manual,N/A,0,0,0,0,0,0,0,0,0,1,1,0,0,UT,0,0,0,Full (EN10204 3.1 + QAP/ITP),Forging,3,Tight,4,0.68,12,MidTier-India,Domestic,0.98,832383
V01307,Oxygen,13.99,36.5,0.2,94.9,ISO Class IV,None,0,0,0,Control,3,80,150,Full bore,Flanged,API 6D,SS316,Stainless steel,SS316,None,PTFE,0,1,0,17,12,2.5,0.06,Pneumatic,Fail-open,0,1,1,1,0,1,1,0,0,1,1,0,0,PT+MT,0,0,0,Basic,Casting,3,Tight,7,0.59,20,Generic-India,Domestic,0.96,441710
V01308,Water,42.61,93.2,0.05,76.6,ISO Class VI,None,0,0,0,Ball,4,100,300,Full bore,Socket-weld,ASME B16.10,CS/WCB,Carbon steel,SS316,None,Elastomer (NBR/EPDM),0,0,0,0.2,0.2,0.1,0.25,Electric,Fail-open,0,0,0,1,0,0,0,0,0,1,1,0,0,None,1,0,1,Full (EN10204 3.1 + QAP/ITP),Forging,1,Tight,10,0.64,12,Generic-India,Domestic,0.71,212652
V01309,Hydrocarbon,120.12,31.9,30.05,152.1,ISO Class VI,None,0,0,0,Control,4,100,2500,Full bore,Flanged,ISO 5752,A105,Carbon steel,Stellite hardfaced,None,Elastomer (NBR/EPDM),1,0,0,0.2,0.1,0.05,0.2,Gearbox,N/A,0,1,0,0,0,0,0,0,0,1,1,0,0,UT+RT,1,0,0,Full (EN10204 3.1 + QAP/ITP),Forging,4,Tight,10,0.83,16,MidTier-India,Domestic,0.52,691221
V01310,Natural Gas,44.52,52.7,9.53,24.6,ISO Class III,None,0,0,0,Globe,1.5,40,900,Full bore,Flanged,API 6D,SS304,Stainless steel,Nickel Alloy 625,None,Metal seat,1,0,0,18,8,0.3,0.07,Electric,Fail-in-place,0,0,0,1,0,0,0,0,0,1,1,0,0,None,0,0,0,Full (EN10204 3.1 + QAP/ITP),Forging,3,Standard,7,0.95,5,Imported-Standard,Import,0.37,417510
V01311,Natural Gas,18.59,126.7,6.79,155.2,ISO Class IV,Anti-cavitation trim,1,1,1,Control,6,150,300,Reduced port,Flanged,ISO 5752,Bronze,Copper alloy,Alloy 20,None,Elastomer (NBR/EPDM),0,0,0,0.2,0.8,0.1,0.02,Pneumatic,Fail-in-place,0,1,1,1,0,1,1,1,0,1,1,0,0,UT+RT,1,0,0,Standard,Casting,5,Tight,2,0.62,26,MidTier-India,Domestic,0.86,1184768
V01312,Hydrocarbon,52.28,175.7,7.52,73,ISO Class V,None,0,0,0,Gate,3,80,1500,Full bore,Threaded,ISO 5752,CS/WCB,Carbon steel,SS316,Stellite,Elastomer (NBR/EPDM),0,0,0,0.2,0.2,0.1,0.25,Manual,N/A,0,1,0,0,0,0,0,0,0,1,1,1,0,None,0,0,1,Standard,Forging,5,Tight,12,0.46,16,Generic-India,Domestic,0.61,318788
V01313,Steam,165.4,184.1,28.14,599.8,ISO Class II,None,0,0,0,Ball,12,300,1500,Reduced port,Flanged,ASME B16.10,CS/WCB,Carbon steel,SS410,ENP (Electroless Nickel),Metal seat,0,0,0,0.2,0.2,0.1,0.25,Manual,N/A,0,0,0,0,0,0,0,0,0,1,1,0,1,UT+RT,0,0,0,Full (EN10204 3.1 + QAP/ITP),Casting,2,Standard,10,0.68,12,Generic-India,Domestic,0.76,624211
V01314,Hydrocarbon,2.81,136.7,0.05,15.7,ISO Class VI,None,0,0,0,Check,0.75,20,150,Reduced port,Flanged,API 6D,CS/WCB,Carbon steel,Stellite hardfaced,None,PTFE,1,0,0,0.2,0.2,0.1,0.25,Manual,N/A,0,0,0,0,0,0,0,0,0,1,1,0,0,UT,0,0,0,Basic,Casting,1,Tight,3,0.77,13,Imported-Standard,Import,0.31,23899
V01315,Corrosive (Acid),44.06,98.8,3.39,142.3,ISO Class II,None,0,0,0,Gate,3,80,600,Reduced port,Threaded,ASME B16.10,SS316,Stainless steel,Duplex 2205,None,PTFE,0,1,0,17,12,2.5,0.06,Manual,N/A,0,0,0,0,0,0,0,0,0,1,1,0,0,UT,0,0,0,Basic,Casting,4,Standard,7,0.5,10,Generic-India,Domestic,0.73,165894
V01316,Air,18.37,51.7,11.29,10.5,ISO Class III,None,0,0,0,Needle,0.5,15,300,Full bore,Flanged,ASME B16.10,CS/WCB,Carbon steel,SS410,ENP (Electroless Nickel),Elastomer (NBR/EPDM),0,0,0,0.2,0.2,0.1,0.25,Manual,N/A,0,0,0,0,0,0,0,0,0,1,0,0,0,UT+RT,0,0,0,Standard,Forging,3,Tight,4,0.87,18,MidTier-India,Domestic,0.91,39701
V01317,Hydrocarbon,72.38,98.8,13.22,43.5,ISO Class V,None,0,0,0,Gate,1,25,900,Full bore,Flanged,ASME B16.10,CS/WCB,Carbon steel,Alloy 20,None,PTFE,1,0,0,0.2,0.2,0.1,0.25,Manual,N/A,0,0,0,0,0,0,0,0,0,1,1,0,0,PT+MT,1,0,1,Standard,Forging,1,Tight,9,0.65,18,Generic-India,Domestic,0.83,62205
V01318,Slurry,30.52,66.3,3.11,339.4,ISO Class III,None,0,0,0,Ball,8,200,300,Full bore,Butt-weld,ISO 5752,CS/WCB,Carbon steel,Stellite hardfaced,Tungsten carbide,PEEK,0,0,0,0.2,0.2,0.1,0.25,Hydraulic,Fail-open,0,1,0,0,1,0,0,0,0,1,1,0,1,PT,1,1,1,Standard,Casting,5,Standard,9,0.72,20,MidTier-India,Domestic,0.98,888690
V01319,Corrosive (Acid),89.83,101.6,25.91,151,ISO Class VI,None,0,0,0,Control,6,150,900,Full bore,Butt-weld,ISO 5752,Nickel Alloy 625,Nickel alloy,Stellite hardfaced,None,PTFE,0,0,0,21.5,60,9,0.02,Gearbox,N/A,0,0,0,0,0,0,0,0,0,1,1,0,1,UT+RT,1,1,1,Standard,Forging,5,Tight,10,0.86,19,Generic-India,Domestic,0.71,1961726
V01320,Steam,66.7,225.5,1.25,380.9,ISO Class V,None,0,0,0,Check,6,150,600,Reduced port,Butt-weld,API 6D,Duplex 2205,Duplex SS,SS410,Stellite,Metal seat,0,0,0,22,5.5,3,0.03,Manual,N/A,0,0,0,0,0,0,0,0,0,1,1,0,0,None,0,0,0,Standard,Casting,5,Tight,17,0.75,14,Imported-Standard,Import,0.46,584311
V01321,Oxygen,87.73,34.7,0.05,17.3,ISO Class VI,None,0,0,0,Ball,0.5,15,900,Reduced port,Threaded,ASME B16.10,SS304,Stainless steel,Nickel Alloy 625,None,PTFE,0,0,0,18,8,0.3,0.07,Manual,N/A,0,0,0,0,0,0,0,0,0,1,1,0,0,MT,1,0,0,Basic,Forging,2,Tight,7,0.76,20,Generic-India,Domestic,0.58,59052
V01322,Oxygen,7.83,15.1,0.35,60,ISO Class IV,None,0,0,0,Check,2,50,150,Full bore,Flanged,ASME B16.10,SS316,Stainless steel,SS410,None,PEEK,0,1,0,17,12,2.5,0.06,Manual,N/A,0,0,0,1,0,0,0,0,0,1,1,0,0,None,1,0,0,Basic,Casting,4,Tight,9,0.59,20,MidTier-India,Domestic,0.94,91824
V01323,Water,327.39,58.2,23.12,57.7,ISO Class I,None,0,0,0,Check,1.5,40,2500,Reduced port,Flanged,ISO 5752,CS/WCB,Carbon steel,Stellite hardfaced,None,PEEK,0,0,0,0.2,0.2,0.1,0.25,Manual,N/A,0,0,0,0,0,0,0,0,0,1,1,0,0,MT,0,0,1,Standard,Forging,3,Standard,15,0.68,5,Generic-India,Domestic,0.86,157403
V01324,Natural Gas,13.11,153.7,0.78,25.9,ISO Class III,None,0,0,0,Ball,0.5,15,150,Full bore,Threaded,ASME B16.10,SS316,Stainless steel,SS316,None,PTFE,0,1,0,17,12,2.5,0.06,Manual,N/A,0,1,0,0,0,0,0,0,0,1,1,0,0,None,0,0,0,Full (EN10204 3.1 + QAP/ITP),Forging,3,Standard,8,0.7,22,Imported-Premium,Import,0.24,39689
V01325,Water,16.69,68.2,0.75,79.5,ISO Class II,None,0,0,0,Gate,3,80,300,Reduced port,Flanged,ISO 5752,Duplex 2205,Duplex SS,SS316,None,PTFE,0,1,0,22,5.5,3,0.03,Manual,N/A,0,0,1,0,0,0,0,0,0,0,1,0,0,None,0,0,0,Standard,Casting,3,Standard,11,0.57,5,Generic-India,Domestic,0.84,134576
V01326,Hydrocarbon,13.37,229.1,0.94,58.8,ISO Class I,None,0,0,0,Check,1,25,150,Full bore,Threaded,ISO 5752,Duplex 2205,Duplex SS,Nickel Alloy 625,None,Metal seat,0,1,0,22,5.5,3,0.03,Manual,N/A,0,0,0,0,0,0,0,0,0,1,1,0,0,PT,1,0,0,Standard,Forging,4,Tight,18,0.44,14,Generic-India,Domestic,0.98,59098
V01327,Slurry,8.69,69.9,3.44,97,ISO Class IV,None,0,0,0,Globe,4,100,150,Reduced port,Lug,ASME B16.10,A105,Carbon steel,Stellite hardfaced,None,Metal seat,0,0,1,0.2,0.1,0.05,0.2,Gearbox,N/A,0,0,0,0,0,0,0,0,0,1,1,0,0,MT,1,0,0,Basic,Casting,5,Tight,6,0.84,18,MidTier-India,Domestic,0.61,117622
V01328,Corrosive (Acid),74.79,87.2,7.5,188.2,ISO Class IV,None,0,0,0,Gate,12,300,600,Full bore,Butt-weld,ISO 5752,SS316,Stainless steel,SS316,Stellite,PTFE,0,0,0,17,12,2.5,0.06,Gearbox,N/A,0,0,0,0,0,0,0,0,0,1,1,0,0,None,1,0,1,Standard,Casting,4,Standard,9,0.71,16,Generic-India,Domestic,0.67,794421
V01329,Air,51.66,38.4,29.81,17.2,ISO Class V,None,0,0,0,Globe,0.5,15,600,Full bore,Threaded,ISO 5752,Bronze,Copper alloy,Alloy 20,None,Elastomer (NBR/EPDM),0,0,0,0.2,0.8,0.1,0.02,Electric,Fail-in-place,0,0,0,1,0,0,0,0,0,1,1,0,1,None,0,0,0,Full (EN10204 3.1 + QAP/ITP),Casting,2,Tight,14,0.67,14,MidTier-India,Domestic,0.93,59751
V01330,Hydrocarbon,25.87,79.9,2.39,309.5,ISO Class IV,None,0,0,0,Butterfly,8,200,300,Reduced port,Flanged,API 6D,CS/WCB,Carbon steel,SS316,None,PTFE,1,0,0,0.2,0.2,0.1,0.25,Manual,N/A,0,0,1,0,0,0,0,0,0,1,1,0,0,UT+RT,0,0,0,Full (EN10204 3.1 + QAP/ITP),Casting,3,Tight,8,0.85,16,MidTier-India,Domestic,0.76,210755
V01331,Water,44.9,54.3,7.76,19.2,ISO Class V,None,0,0,0,Needle,1.5,40,300,Full bore,Flanged,MSS SP-97,SS304,Stainless steel,Stellite hardfaced,None,Metal seat,0,0,0,18,8,0.3,0.07,Pneumatic,Fail-close,1,0,1,1,0,0,1,0,0,1,1,0,0,UT+RT,0,1,0,Standard,Casting,1,Tight,7,0.71,11,Generic-India,Domestic,0.82,168446
V01332,Slurry,39.31,78.4,6.37,59.7,ISO Class III,None,0,0,0,Gate,3,80,600,Reduced port,Threaded,ASME B16.10,CS/WCB,Carbon steel,SS410,None,Metal seat,0,0,1,0.2,0.2,0.1,0.25,Manual,N/A,0,0,0,0,0,0,0,0,0,1,1,0,0,MT,0,0,0,Standard,Casting,3,Standard,2,0.54,11,Generic-India,Domestic,0.98,115535
V01333,Natural Gas,41.12,122.5,3.38,34.5,ISO Class I,None,0,0,0,Check,1.5,40,600,Reduced port,Flanged,ASME B16.10,A105,Carbon steel,SS410,Tungsten carbide,Metal seat,0,0,0,0.2,0.1,0.05,0.2,Manual,N/A,0,0,0,0,0,0,0,0,0,1,1,0,0,PT,1,0,0,Standard,Casting,5,Tight,7,0.73,12,Imported-Premium,Domestic,0.84,185689
V01334,Natural Gas,86.64,66.6,12.65,62.9,ISO Class IV,None,0,0,0,Ball,1.5,40,600,Full bore,Flanged,ISO 5752,SS316,Stainless steel,Stellite hardfaced,Stellite,PTFE,0,1,0,17,12,2.5,0.06,Manual,N/A,0,0,0,0,0,0,0,0,0,1,1,0,0,MT,0,0,0,Standard,Forging,4,Standard,8,0.7,19,MidTier-India,Domestic,0.94,225067
V01335,Steam,149.36,213.6,0.05,222,ISO Class III,None,0,0,0,Butterfly,14,350,1500,Reduced port,Flanged,ASME B16.10,CS/WCB,Carbon steel,Duplex 2205,None,Metal seat,0,0,0,0.2,0.2,0.1,0.25,Manual,N/A,0,0,0,0,0,0,0,0,0,1,1,1,1,None,1,0,0,Standard,Casting,3,Tight,8,0.82,7,Premium-India,Domestic,0.65,734475
V01336,Water,14.57,34.8,4.63,160.6,ISO Class II,None,0,0,0,Control,6,150,150,Full bore,Lug,ISO 5752,CS/WCB,Carbon steel,Nickel Alloy 625,None,PTFE,0,0,0,0.2,0.2,0.1,0.25,Pneumatic,Fail-close,0,1,1,1,1,1,1,1,0,1,1,0,0,None,0,0,1,Standard,Casting,5,Tight,11,0.72,12,Imported-Premium,Import,0.35,607257
V01337,Steam,42.56,288.5,10.73,36.2,ISO Class IV,None,0,0,0,Control,2,50,600,Full bore,Socket-weld,ISO 5752,SS316,Stainless steel,Nickel Alloy 625,None,Metal seat,0,0,0,17,12,2.5,0.06,Pneumatic,Fail-close,1,1,1,1,0,1,1,0,0,1,0,0,1,UT+RT,0,0,1,Standard,Casting,3,Tight,14,0.8,25,Generic-India,Domestic,0.54,580319
V01338,Slurry,21.79,65.5,1.52,315.3,ISO Class VI,None,0,0,0,Butterfly,12,300,300,Full bore,Wafer,ASME B16.10,CS/WCB,Carbon steel,SS316,Ceramic coating,Elastomer (NBR/EPDM),0,0,1,0.2,0.2,0.1,0.25,Pneumatic,Fail-open,0,0,1,1,0,0,1,1,0,1,1,0,1,None,1,0,1,Standard,Casting,3,Tight,6,0.7,20,MidTier-India,Domestic,0.45,504196
V01339,Steam,15.17,209,0.73,297.8,ISO Class V,None,0,0,0,Ball,6,150,150,Full bore,Flanged,ASME B16.10,Duplex 2205,Duplex SS,Duplex 2205,Stellite,Metal seat,0,1,0,22,5.5,3,0.03,Manual,N/A,0,1,0,0,0,0,0,0,0,1,1,0,0,None,1,0,0,Standard,Casting,3,Tight,11,0.5,13,MidTier-India,Domestic,0.5,365604
V01340,Natural Gas,114.86,249.8,9.83,621.7,ISO Class I,None,0,0,0,Gate,12,300,900,Reduced port,Flanged,API 6D,CS/WCB,Carbon steel,SS316,None,Metal seat,0,0,0,0.2,0.2,0.1,0.25,Manual,N/A,0,0,0,0,0,0,0,0,0,1,1,0,0,PT+MT,1,0,0,Basic,Casting,3,Standard,7,0.49,22,MidTier-India,Domestic,0.54,655112
V01341,Steam,65.96,161.4,6.51,1539.3,ISO Class II,None,0,0,0,Butterfly,18,450,600,Reduced port,Wafer,ISO 5752,CS/WCB,Carbon steel,SS316,None,Metal seat,0,0,0,0.2,0.2,0.1,0.25,Manual,N/A,0,1,0,0,0,0,0,0,0,0,1,0,0,None,0,0,0,Basic,Casting,5,Standard,6,0.63,15,Premium-India,Domestic,0.72,632837
V01342,Steam,12.98,118.5,1.4,60.4,ISO Class III,None,0,0,0,Check,2,50,150,Reduced port,Lug,ASME B16.10,A105,Carbon steel,SS316,None,Metal seat,0,0,0,0.2,0.1,0.05,0.2,Manual,N/A,0,0,0,0,0,0,0,0,0,1,1,1,0,None,0,1,0,Basic,Forging,3,Standard,9,0.86,19,MidTier-India,Domestic,0.6,44510
V01343,Hydrocarbon,119.66,2.3,27.95,190.7,ISO Class IV,None,0,0,0,Control,4,100,1500,Full bore,Flanged,ASME B16.10,CS/WCB,Carbon steel,Stellite hardfaced,ENP (Electroless Nickel),Elastomer (NBR/EPDM),0,0,0,0.2,0.2,0.1,0.25,Pneumatic,Fail-open,1,1,1,1,0,1,1,1,0,1,1,0,0,UT,1,0,0,Standard,Forging,2,Tight,10,0.71,21,MidTier-India,Domestic,0.46,876054
V01344,Steam,120.8,161,6.04,1182.1,ISO Class IV,None,0,0,0,Butterfly,14,350,900,Reduced port,Lug,ASME B16.10,A105,Carbon steel,SS316,None,Metal seat,0,0,0,0.2,0.1,0.05,0.2,Manual,N/A,0,1,0,0,0,0,0,0,0,1,1,1,1,None,0,0,0,Basic,Casting,2,Tight,9,0.85,19,Generic-India,Domestic,0.48,414600
V01345,Air,154.13,98.2,5.29,26.2,ISO Class III,None,0,0,0,Check,1,25,1500,Reduced port,Threaded,MSS SP-97,Bronze,Copper alloy,SS410,None,Metal seat,0,0,0,0.2,0.8,0.1,0.02,Electric,Fail-open,0,0,0,1,0,0,0,0,0,1,1,0,0,PT,0,0,0,Full (EN10204 3.1 + QAP/ITP),Forging,4,Standard,12,0.8,10,MidTier-India,Domestic,0.64,203957
V01346,Corrosive (Acid),79.28,68.1,19.55,139.7,ISO Class II,None,0,0,0,Globe,8,200,600,Full bore,Flanged,API 6D,Duplex 2205,Duplex SS,Nickel Alloy 625,ENP (Electroless Nickel),PEEK,0,1,0,22,5.5,3,0.03,Electric,Fail-open,0,0,0,1,0,0,0,0,0,1,1,0,1,None,1,0,1,Full (EN10204 3.1 + QAP/ITP),Forging,5,Standard,13,0.72,14,MidTier-India,Domestic,0.45,1118309
V01347,Air,197.71,52,55.55,64.6,ISO Class IV,None,0,0,0,Globe,4,100,1500,Reduced port,Socket-weld,ASME B16.10,SS316,Stainless steel,Stellite hardfaced,ENP (Electroless Nickel),Metal seat,0,1,0,17,12,2.5,0.06,Pneumatic,Fail-close,0,0,1,1,0,0,1,1,0,1,1,0,0,None,1,0,0,Basic,Forging,2,Standard,13,0.93,11,Imported-Standard,Import,0.45,984573
V01348,Steam,10.04,331.1,0.53,457.9,ISO Class V,None,0,0,0,Check,8,200,150,Full bore,Flanged,MSS SP-97,A105,Carbon steel,Nickel Alloy 625,ENP (Electroless Nickel),Metal seat,0,0,0,0.2,0.1,0.05,0.2,Gearbox,N/A,0,0,0,0,0,0,0,0,0,1,1,0,0,UT,1,0,1,Standard,Casting,3,Tight,8,0.88,15,Generic-India,Domestic,0.73,256442
V01349,Water,197.59,80,0.05,239.5,ISO Class II,None,0,0,0,Check,6,150,1500,Reduced port,Flanged,ISO 5752,Duplex 2205,Duplex SS,SS316,None,PTFE,0,1,0,22,5.5,3,0.03,Manual,N/A,0,0,0,0,0,0,0,0,0,1,1,0,0,RT,1,0,1,Standard,Forging,4,Standard,11,0.75,17,Generic-India,Domestic,0.7,826099
V01350,Water,293.34,63.6,32.16,41.3,ISO Class III,None,0,0,0,Ball,0.75,20,2500,Full bore,Flanged,API 6D,A105,Carbon steel,SS410,Stellite,PEEK,0,0,0,0.2,0.1,0.05,0.2,Electric,Fail-close,0,0,0,1,0,0,0,0,0,1,1,1,0,PT,0,0,1,Standard,Forging,4,Standard,13,0.84,15,Generic-India,Domestic,0.98,317932
V01351,Slurry,44.61,129.9,0.2,93.7,ISO Class II,None,0,0,0,Control,3,80,600,Reduced port,Socket-weld,ISO 5752,SS304,Stainless steel,Stellite hardfaced,Tungsten carbide,Metal seat,0,0,1,18,8,0.3,0.07,Electric,Fail-open,1,0,0,1,0,0,0,0,0,1,1,0,0,MT,1,0,0,Basic,Forging,3,Tight,14,0.75,16,Imported-Standard,Import,0.24,790786
V01352,Water,75.1,31.2,7.22,29.3,ISO Class III,None,0,0,0,Ball,0.75,20,900,Full bore,Flanged,ASME B16.10,SS304,Stainless steel,Duplex 2205,None,Metal seat,0,0,0,18,8,0.3,0.07,Manual,N/A,0,0,0,0,0,0,0,0,0,1,1,0,0,PT+MT,0,0,1,Standard,Forging,2,Standard,3,0.76,17,MidTier-India,Domestic,0.9,135917
V01353,Corrosive (Acid),15.83,129.9,3.81,1321.8,ISO Class V,None,0,0,0,Check,10,250,150,Full bore,Flanged,API 6D,SS316,Stainless steel,Duplex 2205,Stellite,PTFE,0,1,0,17,12,2.5,0.06,Manual,N/A,0,0,0,0,0,0,0,0,0,1,1,0,0,PT+MT,0,0,0,Full (EN10204 3.1 + QAP/ITP),Casting,1,Tight,2,0.72,17,Imported-Standard,Import,0.34,396485
V01354,Natural Gas,25.57,71.4,1.21,538.7,ISO Class V,None,0,0,0,Butterfly,18,450,300,Full bore,Lug,ASME B16.10,Bronze,Copper alloy,Stellite hardfaced,ENP (Electroless Nickel),Metal seat,0,0,0,0.2,0.8,0.1,0.02,Manual,N/A,0,0,0,0,0,0,0,0,0,1,1,0,0,PT+MT,0,0,0,Basic,Casting,4,Tight,7,0.69,17,Imported-Standard,Import,0.32,752515
V01355,Hydrocarbon,39.22,40.5,11.6,86.4,ISO Class IV,None,0,0,0,Control,3,80,600,Reduced port,Butt-weld,ASME B16.10,SS304,Stainless steel,SS316,None,Elastomer (NBR/EPDM),0,0,0,18,8,0.3,0.07,Pneumatic,Fail-in-place,0,1,1,1,0,1,1,0,0,1,1,0,0,RT,1,0,0,Basic,Casting,3,Tight,12,0.95,17,MidTier-India,Domestic,0.98,495778
V01356,Natural Gas,75.86,60,10.51,31.9,ISO Class I,None,0,0,0,Gate,1.5,40,600,Reduced port,Flanged,ASME B16.10,CS/WCB,Carbon steel,Stellite hardfaced,Stellite,Elastomer (NBR/EPDM),0,0,0,0.2,0.2,0.1,0.25,Manual,N/A,0,0,0,0,0,0,0,0,0,1,1,0,0,None,0,0,0,Standard,Casting,3,Tight,6,0.69,23,MidTier-India,Domestic,0.73,129405
V01357,Corrosive (Acid),9.13,154.6,0.2,45.2,ISO Class VI,None,0,0,0,Control,2,50,150,Reduced port,Flanged,ASME B16.10,SS316,Stainless steel,Duplex 2205,None,PEEK,0,0,0,17,12,2.5,0.06,Manual,N/A,0,1,0,0,0,0,0,0,0,1,1,0,0,PT+MT,0,0,0,Standard,Casting,3,Tight,13,0.74,13,Premium-India,Domestic,0.55,206098
V01358,Water,13.2,42.5,0.62,1085,ISO Class I,None,0,0,0,Check,24,600,150,Full bore,Flanged,ISO 5752,SS304,Stainless steel,SS316,None,PTFE,0,0,0,18,8,0.3,0.07,Manual,N/A,0,0,0,0,0,0,0,0,0,1,1,1,0,MT,1,1,1,Basic,Casting,2,Standard,9,0.76,13,Generic-India,Domestic,0.83,492117
V01359,Slurry,12.15,20,1.42,415.8,ISO Class II,None,0,0,0,Gate,8,200,150,Full bore,Flanged,ASME B16.10,Duplex 2205,Duplex SS,Duplex 2205,ENP (Electroless Nickel),Metal seat,0,0,0,22,5.5,3,0.03,Gearbox,N/A,0,0,0,0,0,0,0,0,0,1,1,0,0,RT,0,0,0,Basic,Casting,4,Standard,15,0.71,18,MidTier-India,Domestic,0.76,367944
V01360,Water,177.9,9.1,17.25,440.8,ISO Class II,None,0,0,0,Ball,16,400,1500,Reduced port,Flanged,ASME B16.10,CS/WCB,Carbon steel,Nickel Alloy 625,None,Elastomer (NBR/EPDM),0,0,0,0.2,0.2,0.1,0.25,Manual,N/A,0,0,0,0,0,0,0,0,0,1,1,1,0,PT+MT,0,0,0,Basic,Casting,2,Standard,13,0.78,14,Imported-Standard,Import,0.26,1087825
V01361,Natural Gas,29.93,164.2,4.94,1229.9,ISO Class I,None,0,0,0,Butterfly,20,500,300,Full bore,Wafer,ASME B16.10,CS/WCB,Carbon steel,SS316,Stellite,PEEK,1,0,0,0.2,0.2,0.1,0.25,Manual,N/A,0,1,0,0,0,0,0,0,0,0,1,0,0,None,0,0,0,Standard,Forging,4,Standard,7,0.55,15,Generic-India,Domestic,0.97,448992
V01362,Hydrocarbon,1,180.9,0.14,400.4,ISO Class IV,None,0,0,0,Butterfly,14,350,300,Full bore,Wafer,ASME B16.10,CS/WCB,Carbon steel,SS410,None,PTFE,0,0,0,0.2,0.2,0.1,0.25,Pneumatic,Fail-in-place,1,1,1,1,1,0,1,1,1,1,0,0,0,None,1,0,1,Basic,Casting,4,Standard,10,0.64,20,Imported-Standard,Import,0.16,635153
V01363,Natural Gas,26.61,62.2,7.86,79.1,ISO Class V,None,0,0,0,Control,2,50,300,Reduced port,Butt-weld,ASME B16.10,A105,Carbon steel,SS316,None,PTFE,0,0,0,0.2,0.1,0.05,0.2,Manual,N/A,0,0,0,1,0,0,0,0,0,1,1,0,1,None,0,0,0,Basic,Casting,5,Tight,10,0.52,13,MidTier-India,Domestic,0.78,131714
V01364,Steam,23.48,334.3,6.24,120.9,ISO Class III,None,0,0,0,Control,4,100,300,Reduced port,Socket-weld,ASME B16.10,SS304,Stainless steel,SS316,None,Metal seat,0,0,0,18,8,0.3,0.07,Pneumatic,Fail-in-place,0,1,1,1,0,1,1,0,0,1,1,0,0,None,0,1,0,Standard,Casting,5,Tight,8,0.95,17,Generic-India,Domestic,0.56,840946
V01365,Water,177.07,36.4,4.99,366.4,ISO Class I,None,0,0,0,Gate,6,150,1500,Reduced port,Socket-weld,ISO 5752,CS/WCB,Carbon steel,Alloy 20,None,Metal seat,0,0,0,0.2,0.2,0.1,0.25,Manual,N/A,0,0,0,0,0,0,0,0,0,1,0,0,1,PT,0,0,0,Standard,Forging,3,Standard,17,0.71,17,Generic-India,Domestic,0.81,325034
V01366,Natural Gas,9.96,37.1,1.09,46.1,ISO Class III,None,0,0,0,Gate,1,25,150,Reduced port,Flanged,ISO 5752,Duplex 2205,Duplex SS,SS316,None,PTFE,0,0,0,22,5.5,3,0.03,Manual,N/A,0,0,0,0,0,0,0,0,0,1,1,1,1,RT,0,0,0,Basic,Forging,5,Standard,15,0.91,18,Generic-India,Domestic,0.98,81895
V01367,Water,53.79,59.7,6.8,390.5,ISO Class I,None,0,0,0,Butterfly,20,500,600,Full bore,Lug,ASME B16.10,SS316,Stainless steel,Nickel Alloy 625,Stellite,Metal seat,0,1,0,17,12,2.5,0.06,Manual,N/A,0,0,0,0,0,0,0,0,0,1,1,0,0,MT,0,1,0,Basic,Forging,2,Standard,4,0.71,12,Generic-India,Domestic,0.46,802613
V01368,Water,27.17,79.6,15,58.7,ISO Class IV,Low-noise trim,0,1,1,Control,2,50,300,Reduced port,Butt-weld,MSS SP-97,CS/WCB,Carbon steel,Stellite hardfaced,None,Metal seat,0,0,0,0.2,0.2,0.1,0.25,Pneumatic,Fail-close,0,1,1,1,0,1,1,0,0,1,1,0,0,RT,0,0,0,Full (EN10204 3.1 + QAP/ITP),Casting,3,Tight,10,0.72,21,Premium-India,Domestic,0.58,270766
V01369,Water,52.84,70.1,5.85,37.2,ISO Class II,None,0,0,0,Ball,0.5,15,600,Full bore,Flanged,ASME B16.10,SS316,Stainless steel,SS316,Stellite,Elastomer (NBR/EPDM),0,1,0,17,12,2.5,0.06,Manual,N/A,0,0,0,0,0,0,0,0,0,1,0,0,1,None,0,1,0,Standard,Casting,4,Standard,9,0.68,9,Generic-India,Domestic,0.64,65844
V01370,Water,37.84,24.8,6.66,19.3,ISO Class V,None,0,0,0,Ball,0.5,15,2500,Reduced port,Butt-weld,ASME B16.10,CS/WCB,Carbon steel,SS316,ENP (Electroless Nickel),Metal seat,0,0,0,0.2,0.2,0.1,0.25,Manual,N/A,0,0,0,0,1,0,0,0,0,1,1,0,0,UT+RT,1,0,0,Full (EN10204 3.1 + QAP/ITP),Forging,3,Tight,14,0.75,20,Generic-India,Domestic,0.73,77785
V01371,Water,72.75,82,6.95,103.8,ISO Class I,None,0,0,0,Check,6,150,900,Full bore,Butt-weld,ASME B16.10,CS/WCB,Carbon steel,Stellite hardfaced,None,PTFE,0,0,0,0.2,0.2,0.1,0.25,Manual,N/A,0,0,0,0,0,0,0,0,0,1,1,0,1,PT,0,0,0,Basic,Forging,5,Tight,4,0.69,9,Generic-India,Domestic,0.54,315351
V01372,Air,12.63,82.3,2.43,35.1,ISO Class III,None,0,0,0,Control,2,50,150,Full bore,Threaded,ASME B16.10,SS316,Stainless steel,SS316,None,PTFE,0,0,0,17,12,2.5,0.06,Pneumatic,Fail-open,1,1,1,1,1,1,1,0,0,1,1,0,1,MT,0,0,0,Standard,Casting,5,Tight,10,0.75,24,Generic-India,Domestic,0.73,284917
V01373,Water,9.83,76.8,2.1,284.1,ISO Class VI,None,0,0,0,Ball,8,200,150,Full bore,Butt-weld,ASME B16.10,CS/WCB,Carbon steel,SS316,None,PTFE,0,0,0,0.2,0.2,0.1,0.25,Gearbox,N/A,0,0,0,0,0,0,0,0,0,1,1,0,0,MT,0,0,0,Full (EN10204 3.1 + QAP/ITP),Forging,3,Tight,9,0.64,18,Generic-India,Domestic,0.84,184303
V01374,Hydrocarbon,181.65,121.3,3.96,767.3,ISO Class III,None,0,0,0,Ball,20,500,1500,Reduced port,Butt-weld,MSS SP-97,CS/WCB,Carbon steel,Stellite hardfaced,Stellite,Metal seat,0,0,0,0.2,0.2,0.1,0.25,Pneumatic,Fail-in-place,0,0,1,1,0,0,1,1,0,1,1,0,0,UT,0,0,0,Full (EN10204 3.1 + QAP/ITP),Forging,3,Standard,14,0.71,12,Imported-Premium,Domestic,0.75,2800000
V01375,Air,97.47,57.5,23.04,17.7,ISO Class III,None,0,0,0,Needle,0.5,15,900,Reduced port,Socket-weld,ASME B16.10,CS/WCB,Carbon steel,SS410,None,Metal seat,0,0,0,0.2,0.2,0.1,0.25,Pneumatic,Fail-close,1,1,1,1,0,0,1,1,0,1,1,0,0,UT,1,0,1,Basic,Forging,2,Standard,15,0.81,8,Generic-India,Domestic,0.79,96676
V01376,Slurry,9.26,15.1,0.87,362.7,ISO Class I,None,0,0,0,Control,12,300,150,Reduced port,Flanged,ASME B16.10,CS/WCB,Carbon steel,SS410,None,Metal seat,0,0,1,0.2,0.2,0.1,0.25,Electric,Fail-close,1,0,0,1,1,0,0,0,0,1,1,0,0,MT,0,1,1,Basic,Casting,2,Tight,4,0.78,20,Imported-Standard,Import,0.25,698907
V01377,Steam,121.23,249.1,3.83,77.2,ISO Class III,None,0,0,0,Check,3,80,2500,Full bore,Wafer,ASME B16.10,CS/WCB,Carbon steel,SS316,None,Metal seat,0,0,0,0.2,0.2,0.1,0.25,Electric,Fail-close,0,1,0,1,0,0,0,0,0,1,1,0,0,None,1,0,0,Basic,Forging,3,Standard,11,0.48,16,MidTier-India,Domestic,0.77,420829
V01378,Steam,92.63,220.8,29.83,51.7,ISO Class II,Low-noise trim,0,1,0,Globe,2,50,1500,Reduced port,Flanged,ASME B16.10,CS/WCB,Carbon steel,SS316,None,Metal seat,0,0,0,0.2,0.2,0.1,0.25,Manual,N/A,0,0,0,0,0,0,0,0,0,1,1,0,0,MT,0,0,0,Standard,Forging,5,Standard,14,0.71,18,Imported-Standard,Import,0.36,236950
V01379,Slurry,199.75,33.1,16.26,28,ISO Class V,None,0,0,0,Check,0.5,15,1500,Full bore,Lug,API 6D,SS316,Stainless steel,Nickel Alloy 625,None,Metal seat,0,1,1,17,12,2.5,0.06,Electric,Fail-open,0,0,1,1,0,0,0,0,0,1,1,0,0,PT+MT,1,1,0,Standard,Forging,3,Tight,12,0.45,24,MidTier-India,Domestic,0.81,149377
V01380,Slurry,260.48,31.6,52.18,13.5,ISO Class VI,None,0,0,0,Needle,0.75,20,2500,Full bore,Butt-weld,ASME B16.10,CS/WCB,Carbon steel,Alloy 20,Tungsten carbide,PTFE,0,0,0,0.2,0.2,0.1,0.25,Manual,N/A,0,0,0,0,0,0,0,0,0,1,1,0,0,None,0,1,1,Standard,Forging,1,Tight,6,0.53,19,MidTier-India,Domestic,0.55,123480
V01381,Water,13.72,50.4,2.82,157.1,ISO Class VI,None,0,0,0,Control,6,150,150,Reduced port,Threaded,ISO 5752,CS/WCB,Carbon steel,Stellite hardfaced,ENP (Electroless Nickel),PEEK,0,0,0,0.2,0.2,0.1,0.25,Electric,Fail-in-place,0,0,0,1,0,0,0,0,0,0,1,0,0,MT,0,0,0,Standard,Casting,4,Tight,12,0.95,27,MidTier-India,Domestic,0.66,340273
V01382,Hydrocarbon,161.5,-0.9,0.2,29.6,ISO Class II,None,0,0,0,Globe,0.75,20,1500,Reduced port,Flanged,ASME B16.10,A105,Carbon steel,Alloy 20,Ceramic coating,Metal seat,1,0,0,0.2,0.1,0.05,0.2,Gearbox,N/A,0,1,0,0,0,0,0,0,0,1,0,0,0,UT+RT,0,0,0,Basic,Forging,2,Standard,6,0.59,16,MidTier-India,Domestic,0.59,149408
V01383,Natural Gas,38.13,-2.1,6.31,117.5,ISO Class IV,None,0,0,0,Check,3,80,600,Full bore,Butt-weld,ASME B16.10,SS316,Stainless steel,SS316,Stellite,Metal seat,1,1,0,17,12,2.5,0.06,Manual,N/A,0,0,0,0,0,0,0,0,0,1,0,0,0,UT,1,1,0,Standard,Casting,3,Standard,6,0.9,17,MidTier-India,Domestic,0.98,255721
V01384,Slurry,57.03,72.1,2.68,188.2,ISO Class IV,None,0,0,0,Butterfly,6,150,600,Reduced port,Wafer,ASME B16.10,SS316,Stainless steel,SS410,Tungsten carbide,Elastomer (NBR/EPDM),0,1,1,17,12,2.5,0.06,Manual,N/A,0,0,0,0,0,0,0,0,0,1,1,0,0,None,0,0,0,Full (EN10204 3.1 + QAP/ITP),Casting,2,Standard,9,0.56,17,Generic-India,Domestic,0.81,222302
V01385,Hydrocarbon,96.53,94.5,3.84,334.6,ISO Class II,None,0,0,0,Check,8,200,900,Full bore,Flanged,MSS SP-97,A105,Carbon steel,Nickel Alloy 625,None,PTFE,0,0,0,0.2,0.1,0.05,0.2,Manual,N/A,0,1,0,0,0,0,0,0,0,1,1,1,0,PT,0,1,1,Basic,Casting,4,Standard,6,0.65,13,MidTier-India,Domestic,0.64,566360
V01386,Natural Gas,61.91,121,1.49,365.4,ISO Class I,None,0,0,0,Butterfly,8,200,600,Reduced port,Wafer,ISO 5752,CS/WCB,Carbon steel,Duplex 2205,None,Metal seat,1,0,0,0.2,0.2,0.1,0.25,Manual,N/A,0,0,0,0,1,0,0,0,0,0,1,0,0,PT+MT,1,0,0,Standard,Casting,2,Standard,6,0.81,16,Imported-Premium,Import,0.05,294151
V01387,Natural Gas,10.88,96.2,2.98,13.3,ISO Class II,None,0,0,0,Globe,1,25,150,Full bore,Socket-weld,ISO 5752,A105,Carbon steel,SS316,ENP (Electroless Nickel),Elastomer (NBR/EPDM),0,0,0,0.2,0.1,0.05,0.2,Pneumatic,Fail-close,1,0,1,1,1,0,1,0,0,1,1,0,1,None,0,0,0,Full (EN10204 3.1 + QAP/ITP),Casting,1,Standard,5,0.75,5,Generic-India,Domestic,0.58,45064
V01388,Water,25.82,98.9,1.73,46.8,ISO Class IV,None,0,0,0,Gate,1.5,40,300,Full bore,Socket-weld,API 6D,CS/WCB,Carbon steel,Stellite hardfaced,None,Metal seat,0,0,0,0.2,0.2,0.1,0.25,Pneumatic,Fail-close,1,0,1,1,0,0,1,0,0,1,1,0,0,PT+MT,0,0,0,Standard,Casting,4,Standard,8,0.69,19,Generic-India,Domestic,0.84,129929
V01389,Natural Gas,26.78,95.8,3.62,394.1,ISO Class III,None,0,0,0,Butterfly,14,350,300,Reduced port,Flanged,ASME B16.10,CS/WCB,Carbon steel,SS316,None,PTFE,0,0,0,0.2,0.2,0.1,0.25,Manual,N/A,0,1,0,0,0,0,0,0,0,1,0,0,0,MT,0,0,0,Standard,Casting,4,Standard,5,0.89,16,Generic-India,Domestic,0.56,325579
V01390,Steam,8.23,222,0.42,246.8,ISO Class IV,None,0,0,0,Check,8,200,150,Reduced port,Flanged,ASME B16.10,CS/WCB,Carbon steel,Nickel Alloy 625,None,Metal seat,0,0,0,0.2,0.2,0.1,0.25,Manual,N/A,0,0,0,0,0,0,0,0,0,1,1,1,0,PT,0,0,0,Full (EN10204 3.1 + QAP/ITP),Casting,4,Standard,10,0.58,9,Imported-Standard,Import,0.39,190517
V01391,Water,65.58,89.8,24.4,241,ISO Class IV,Anti-cavitation trim,1,0,0,Control,12,300,900,Full bore,Flanged,ASME B16.10,SS316,Stainless steel,SS316,None,Elastomer (NBR/EPDM),0,0,0,17,12,2.5,0.06,Pneumatic,Fail-open,1,1,1,1,0,1,1,1,1,0,1,0,0,MT,0,0,0,Standard,Casting,3,Tight,7,0.68,29,Imported-Premium,Import,0.36,2800000
V01392,Slurry,13.26,61.7,1.38,342.3,ISO Class III,None,0,0,0,Gate,8,200,150,Full bore,Butt-weld,ASME B16.10,SS316,Stainless steel,Alloy 20,Stellite,Metal seat,0,0,0,17,12,2.5,0.06,Manual,N/A,0,1,0,0,0,0,0,0,0,1,1,0,0,PT+MT,0,1,0,Basic,Casting,4,Tight,6,0.64,13,MidTier-India,Domestic,0.61,304973
V01393,Slurry,12.76,70.4,0.05,44.1,ISO Class IV,None,0,0,0,Gate,1.5,40,150,Reduced port,Butt-weld,ASME B16.10,A105,Carbon steel,Stellite hardfaced,None,Metal seat,0,0,0,0.2,0.1,0.05,0.2,Manual,N/A,0,1,1,0,0,0,0,0,0,1,1,0,1,None,0,1,0,Basic,Casting,3,Standard,9,0.59,7,MidTier-India,Domestic,0.85,41918
V01394,Natural Gas,9.65,97.2,2.24,27.3,ISO Class V,None,0,0,0,Control,1,25,150,Reduced port,Butt-weld,ISO 5752,A105,Carbon steel,Duplex 2205,None,PTFE,0,0,0,0.2,0.1,0.05,0.2,Manual,N/A,0,0,0,0,0,0,0,0,0,1,1,0,1,RT,0,0,0,Standard,Casting,5,Tight,3,0.83,13,Imported-Standard,Import,0.56,54459
V01395,Hydrocarbon,242.25,92.7,38.14,106.7,ISO Class I,None,0,0,0,Gate,2,50,1500,Reduced port,Flanged,API 6D,A105,Carbon steel,Nickel Alloy 625,None,PTFE,1,0,0,0.2,0.1,0.05,0.2,Manual,N/A,0,0,0,0,0,0,0,0,0,1,1,0,0,None,0,0,1,Standard,Forging,2,Standard,10,0.81,12,MidTier-India,Domestic,0.59,168500
V01396,Natural Gas,7.38,97,0.64,147.2,ISO Class I,None,0,0,0,Butterfly,6,150,150,Reduced port,Wafer,ASME B16.10,SS316,Stainless steel,SS316,None,Metal seat,1,1,0,17,12,2.5,0.06,Manual,N/A,0,0,0,1,0,0,0,0,0,1,1,1,0,PT+MT,1,0,1,Standard,Casting,2,Standard,13,0.7,12,Imported-Premium,Import,0.32,206091
V01397,Corrosive (Acid),6.91,101.4,0.66,14.6,ISO Class III,None,0,0,0,Ball,1,25,150,Reduced port,Butt-weld,ASME B16.10,SS316,Stainless steel,SS316,ENP (Electroless Nickel),Metal seat,0,1,0,17,12,2.5,0.06,Pneumatic,Fail-in-place,0,0,1,1,0,0,1,0,0,1,1,0,0,RT,0,0,0,Full (EN10204 3.1 + QAP/ITP),Casting,5,Tight,12,0.62,8,Generic-India,Domestic,0.8,96532
V01398,Oxygen,15.12,25.9,2.68,90.4,ISO Class VI,None,0,0,0,Check,4,100,150,Reduced port,Threaded,API 6D,SS316,Stainless steel,Stellite hardfaced,None,PTFE,0,0,0,17,12,2.5,0.06,Gearbox,N/A,0,0,1,1,0,0,0,0,0,1,0,0,0,PT+MT,1,1,0,Full (EN10204 3.1 + QAP/ITP),Casting,3,Tight,12,0.68,15,Premium-India,Domestic,0.97,146776
V01399,Slurry,32.93,16.2,3.79,156,ISO Class III,None,0,0,0,Check,4,100,600,Full bore,Wafer,ASME B16.10,SS304,Stainless steel,SS316,ENP (Electroless Nickel),Metal seat,0,0,1,18,8,0.3,0.07,Gearbox,N/A,0,0,0,0,0,0,0,0,0,1,1,0,0,PT+MT,0,0,1,Standard,Forging,4,Tight,7,0.55,5,MidTier-India,Domestic,0.98,370637
V01400,Hydrocarbon,87.92,139.5,0.05,17.2,ISO Class III,None,0,0,0,Gate,0.75,20,900,Reduced port,Flanged,ASME B16.10,CS/WCB,Carbon steel,Duplex 2205,None,PTFE,1,0,0,0.2,0.2,0.1,0.25,Manual,N/A,0,0,1,0,0,0,0,0,0,1,1,0,0,None,0,1,1,Basic,Forging,5,Standard,10,0.63,8,Generic-India,Domestic,0.65,67263
V01401,Slurry,93.72,54.4,0.81,95.7,ISO Class IV,None,0,0,0,Check,3,80,600,Full bore,Wafer,ISO 5752,A105,Carbon steel,SS410,Stellite,PTFE,0,0,0,0.2,0.1,0.05,0.2,Manual,N/A,0,0,0,0,0,0,0,0,0,1,1,1,0,UT+RT,0,0,0,Standard,Casting,3,Tight,4,0.77,20,Generic-India,Domestic,0.78,127426
V01402,Steam,69.58,120.5,5.01,18.8,ISO Class IV,None,0,0,0,Check,0.5,15,900,Reduced port,Butt-weld,ISO 5752,CS/WCB,Carbon steel,SS316,None,Metal seat,0,0,0,0.2,0.2,0.1,0.25,Manual,N/A,0,0,0,0,0,0,0,0,0,1,1,0,0,MT,0,0,0,Basic,Forging,2,Standard,14,0.82,5,MidTier-India,Domestic,0.4,34498
V01403,Natural Gas,84.98,182.4,41.94,25.1,ISO Class III,Anti-cavitation trim,1,1,0,Control,1,25,600,Reduced port,Flanged,API 6D,CS/WCB,Carbon steel,Nickel Alloy 625,Stellite,PTFE,0,0,0,0.2,0.2,0.1,0.25,Pneumatic,Fail-open,1,1,1,1,0,1,1,0,0,1,1,0,0,UT+RT,0,1,0,Full (EN10204 3.1 + QAP/ITP),Forging,4,Tight,4,0.76,19,Imported-Premium,Import,0.31,488238
V01404,Corrosive (Acid),53.78,146.5,0.05,1756.6,ISO Class V,None,0,0,0,Butterfly,16,400,600,Reduced port,Wafer,ISO 5752,SS316,Stainless steel,SS410,None,PEEK,0,1,0,17,12,2.5,0.06,Pneumatic,Fail-close,0,0,1,1,0,0,1,1,0,1,1,0,0,PT+MT,0,0,0,Standard,Casting,3,Tight,10,0.82,12,MidTier-India,Domestic,0.91,1213451
V01405,Steam,64.51,177.9,5.34,62.2,ISO Class II,None,0,0,0,Gate,2,50,900,Full bore,Butt-weld,ASME B16.10,CS/WCB,Carbon steel,SS316,Tungsten carbide,Metal seat,0,0,0,0.2,0.2,0.1,0.25,Manual,N/A,0,0,0,0,0,0,0,0,0,1,1,1,0,UT+RT,0,1,0,Full (EN10204 3.1 + QAP/ITP),Forging,5,Tight,10,0.71,17,Generic-India,Domestic,0.34,178273
V01406,Water,11.43,77.9,1.05,378.7,ISO Class I,None,0,0,0,Gate,6,150,150,Full bore,Flanged,ASME B16.10,SS316,Stainless steel,SS410,None,PTFE,0,0,0,17,12,2.5,0.06,Electric,Fail-close,1,0,0,1,0,0,0,0,0,1,0,0,1,PT+MT,1,0,0,Standard,Casting,4,Standard,7,0.7,16,MidTier-India,Domestic,0.66,483532
V01407,Hydrocarbon,35.74,142.1,12.88,33.6,ISO Class VI,Anti-cavitation trim,1,1,1,Control,1.5,40,600,Full bore,Threaded,ISO 5752,CS/WCB,Carbon steel,Stellite hardfaced,None,Metal seat,0,0,0,0.2,0.2,0.1,0.25,Pneumatic,Fail-close,0,1,1,1,1,1,1,0,0,1,1,0,1,UT+RT,1,1,0,Basic,Casting,3,Tight,8,0.82,21,Generic-India,Domestic,0.98,306904
V01408,Air,74.6,69,43.05,27.7,ISO Class V,None,0,0,0,Globe,0.75,20,600,Full bore,Butt-weld,ASME B16.10,CS/WCB,Carbon steel,Stellite hardfaced,None,PTFE,0,0,0,0.2,0.2,0.1,0.25,Pneumatic,Fail-close,1,0,1,1,0,0,1,0,0,1,1,0,1,MT,0,0,0,Standard,Casting,2,Tight,9,0.65,12,Generic-India,Domestic,0.47,96087
V01409,Slurry,66.11,58,5.63,88,ISO Class V,None,0,0,0,Control,6,150,600,Reduced port,Butt-weld,ISO 5752,SS316,Stainless steel,Stellite hardfaced,Ceramic coating,Metal seat,0,1,0,17,12,2.5,0.06,Pneumatic,Fail-close,1,1,1,1,0,1,1,1,0,1,1,0,1,UT,0,1,0,Standard,Forging,5,Tight,9,0.62,22,Imported-Premium,Import,0.68,2784939
V01410,Corrosive (Acid),1,212.6,0.05,298.5,ISO Class V,None,0,0,0,Check,10,250,150,Reduced port,Butt-weld,ASME B16.10,SS316,Stainless steel,Stellite hardfaced,None,Metal seat,0,1,0,17,12,2.5,0.06,Pneumatic,Fail-open,0,0,1,1,0,0,1,1,0,1,1,0,0,None,1,0,0,Basic,Casting,2,Tight,6,0.75,5,Imported-Standard,Import,0.34,673722
V01411,Water,20.31,15.2,1.45,281.2,ISO Class V,None,0,0,0,Butterfly,10,250,300,Full bore,Wafer,ASME B16.10,CS/WCB,Carbon steel,Nickel Alloy 625,Stellite,Metal seat,0,0,0,0.2,0.2,0.1,0.25,Pneumatic,Fail-close,1,0,1,1,0,0,1,1,1,0,1,0,1,RT,0,0,1,Full (EN10204 3.1 + QAP/ITP),Casting,2,Tight,4,0.78,17,Generic-India,Domestic,0.54,407397
V01412,Steam,10.92,162.1,3.02,62.7,ISO Class I,None,0,0,0,Control,1.5,40,150,Reduced port,Threaded,ISO 5752,CS/WCB,Carbon steel,SS316,Stellite,PEEK,0,0,0,0.2,0.2,0.1,0.25,Pneumatic,Fail-in-place,1,1,1,1,0,1,1,0,0,1,1,1,1,UT+RT,1,0,0,Standard,Casting,4,Tight,4,0.77,22,Imported-Standard,Import,0.42,259501
V01413,Oxygen,10.57,38.2,5.92,57.1,ISO Class V,None,0,0,0,Globe,1.5,40,150,Reduced port,Flanged,ASME B16.10,Bronze,Copper alloy,Duplex 2205,None,PTFE,0,0,0,0.2,0.8,0.1,0.02,Pneumatic,Fail-in-place,1,0,1,1,0,0,1,0,0,1,1,0,1,UT+RT,0,0,0,Standard,Casting,4,Tight,8,0.6,20,MidTier-India,Domestic,0.78,128593
V01414,Steam,129.09,162,18.52,623.5,ISO Class IV,None,0,0,0,Butterfly,14,350,1500,Reduced port,Wafer,API 6D,SS316,Stainless steel,Stellite hardfaced,ENP (Electroless Nickel),Metal seat,0,1,0,17,12,2.5,0.06,Gearbox,N/A,0,0,0,0,0,0,0,0,0,1,1,1,0,MT,0,0,0,Standard,Casting,3,Standard,13,0.64,5,Generic-India,Domestic,0.47,841720
V01415,Slurry,7.4,68.7,0.95,432.7,ISO Class II,None,0,0,0,Butterfly,14,350,150,Reduced port,Lug,ASME B16.10,A105,Carbon steel,SS316,Stellite,PTFE,0,0,1,0.2,0.1,0.05,0.2,Electric,Fail-open,1,0,0,1,0,0,0,0,0,1,1,1,0,UT,0,0,0,Full (EN10204 3.1 + QAP/ITP),Casting,5,Standard,6,0.7,14,Generic-India,Domestic,0.97,359910
V01416,Water,29.28,8.6,0.76,53.6,ISO Class VI,None,0,0,0,Gate,1,25,300,Reduced port,Butt-weld,ASME B16.10,CS/WCB,Carbon steel,Stellite hardfaced,None,Metal seat,0,0,0,0.2,0.2,0.1,0.25,Manual,N/A,0,1,0,0,0,0,0,0,0,1,0,0,0,None,0,0,0,Full (EN10204 3.1 + QAP/ITP),Casting,1,Tight,12,0.78,10,MidTier-India,Domestic,0.58,60306
V01417,Hydrocarbon,123.02,111.6,10.84,293.8,ISO Class I,None,0,0,0,Gate,12,300,900,Reduced port,Flanged,ASME B16.10,SS304,Stainless steel,SS316,None,Metal seat,0,0,0,18,8,0.3,0.07,Manual,N/A,0,0,0,0,0,0,0,0,0,1,1,0,1,MT,0,0,0,Standard,Casting,3,Standard,6,0.71,23,Generic-India,Domestic,0.73,696251
V01418,Steam,15.51,227.6,2.11,163.5,ISO Class IV,None,0,0,0,Control,6,150,300,Full bore,Flanged,ISO 5752,CS/WCB,Carbon steel,Duplex 2205,Stellite,Metal seat,0,0,0,0.2,0.2,0.1,0.25,Pneumatic,Fail-close,1,1,1,1,0,1,1,1,0,1,0,0,0,UT,0,0,0,Full (EN10204 3.1 + QAP/ITP),Casting,2,Tight,10,0.59,20,Generic-India,Domestic,0.98,718820
V01419,Water,45.91,64,7.6,22.4,ISO Class III,None,0,0,0,Gate,0.75,20,300,Reduced port,Butt-weld,ASME B16.10,CS/WCB,Carbon steel,Alloy 20,None,PTFE,0,0,0,0.2,0.2,0.1,0.25,Manual,N/A,0,1,0,0,0,0,0,0,0,1,1,0,0,None,0,0,0,Full (EN10204 3.1 + QAP/ITP),Forging,3,Standard,12,0.83,17,Premium-India,Domestic,0.68,40361
V01420,Air,192.47,83.6,8.55,374.9,ISO Class IV,None,0,0,0,Butterfly,16,400,1500,Reduced port,Wafer,ASME B16.10,CS/WCB,Carbon steel,SS316,None,Metal seat,0,0,0,0.2,0.2,0.1,0.25,Manual,N/A,0,0,0,0,0,0,0,0,0,1,1,1,0,None,1,0,0,Standard,Casting,2,Standard,15,0.61,18,MidTier-India,Domestic,0.86,478636
V01421,Corrosive (Acid),42.41,6.9,21.16,28,ISO Class V,Anti-cavitation trim,1,0,1,Control,1,25,300,Reduced port,Flanged,ASME B16.10,SS316,Stainless steel,Stellite hardfaced,None,PTFE,0,1,0,17,12,2.5,0.06,Pneumatic,Fail-close,0,1,1,1,0,1,1,0,0,0,1,0,1,PT+MT,1,1,0,Full (EN10204 3.1 + QAP/ITP),Casting,2,Tight,13,0.84,19,Imported-Standard,Import,0.11,369645
V01422,Hydrocarbon,58.72,31.5,5.64,62.7,ISO Class IV,None,0,0,0,Butterfly,4,100,900,Reduced port,Wafer,ASME B16.10,CS/WCB,Carbon steel,SS316,ENP (Electroless Nickel),PTFE,0,0,0,0.2,0.2,0.1,0.25,Manual,N/A,0,0,0,0,0,0,0,0,0,1,1,1,1,UT+RT,1,1,1,Full (EN10204 3.1 + QAP/ITP),Forging,2,Standard,11,0.78,12,Generic-India,Domestic,0.75,144124
V01423,Natural Gas,54.96,66.7,8.96,121.1,ISO Class II,None,0,0,0,Control,6,150,600,Full bore,Butt-weld,ASME B16.10,CS/WCB,Carbon steel,Stellite hardfaced,None,Elastomer (NBR/EPDM),1,0,0,0.2,0.2,0.1,0.25,Pneumatic,Fail-close,0,1,1,1,0,1,1,1,0,1,1,0,0,PT,1,0,0,Standard,Casting,3,Tight,11,0.81,18,MidTier-India,Domestic,0.51,828799
V01424,Hydrocarbon,143.51,48.1,10.09,477.2,ISO Class II,None,0,0,0,Butterfly,14,350,900,Full bore,Flanged,ASME B16.10,Duplex 2205,Duplex SS,SS316,Stellite,Elastomer (NBR/EPDM),1,1,0,22,5.5,3,0.03,Pneumatic,Fail-open,0,0,1,1,0,0,1,1,0,1,1,0,0,UT,0,0,1,Standard,Forging,4,Standard,9,0.77,18,MidTier-India,Domestic,0.87,2313993
V01425,Steam,85.19,299.9,18.7,339.8,ISO Class IV,None,0,0,0,Ball,6,150,600,Full bore,Flanged,ASME B16.10,CS/WCB,Carbon steel,Stellite hardfaced,Stellite,PEEK,0,0,0,0.2,0.2,0.1,0.25,Manual,N/A,0,0,0,0,0,0,0,0,0,1,0,0,0,UT,0,1,1,Basic,Casting,2,Standard,11,0.81,24,MidTier-India,Domestic,0.56,356364
V01426,Hydrocarbon,8.12,155.9,0.55,81.3,ISO Class V,None,0,0,0,Ball,2,50,150,Full bore,Wafer,ISO 5752,A105,Carbon steel,SS410,None,PTFE,0,0,0,0.2,0.1,0.05,0.2,Manual,N/A,0,0,0,0,0,0,0,0,0,1,1,0,0,UT,1,1,0,Basic,Forging,1,Tight,10,0.74,15,Generic-India,Domestic,0.98,41466
V01427,Natural Gas,93.58,127,8.6,89,ISO Class IV,None,0,0,0,Check,1,25,900,Full bore,Flanged,ASME B16.10,A105,Carbon steel,SS316,Stellite,Metal seat,0,0,0,0.2,0.1,0.05,0.2,Pneumatic,Fail-close,0,0,1,1,0,0,1,1,0,1,1,0,0,UT,0,0,0,Standard,Forging,3,Standard,6,0.94,12,MidTier-India,Domestic,0.43,155778
V01428,Steam,16.61,112,3.25,195.1,ISO Class V,None,0,0,0,Control,8,200,300,Reduced port,Flanged,ISO 5752,Duplex 2205,Duplex SS,SS410,None,Metal seat,0,0,0,22,5.5,3,0.03,Pneumatic,Fail-close,1,1,1,1,0,1,1,1,1,1,1,0,0,RT,0,0,0,Standard,Forging,5,Tight,12,0.79,18,Generic-India,Domestic,0.98,1780280
V01429,Water,31.93,18.4,4.57,729.8,ISO Class II,None,0,0,0,Butterfly,10,250,300,Full bore,Lug,API 6D,CS/WCB,Carbon steel,Stellite hardfaced,None,PTFE,0,0,0,0.2,0.2,0.1,0.25,Manual,N/A,0,0,0,0,0,0,0,0,0,1,1,0,0,None,0,0,0,Standard,Casting,3,Standard,6,0.7,12,Generic-India,Domestic,0.68,197746
V01430,Steam,30.62,280.2,3.13,222,ISO Class II,None,0,0,0,Butterfly,10,250,300,Reduced port,Flanged,ISO 5752,CS/WCB,Carbon steel,SS316,Tungsten carbide,Metal seat,0,0,0,0.2,0.2,0.1,0.25,Manual,N/A,0,0,0,0,0,0,0,0,0,1,0,0,0,None,0,0,0,Standard,Casting,2,Standard,6,0.7,23,Generic-India,Domestic,0.98,252039
V01431,Natural Gas,58.28,24.7,5.43,34.4,ISO Class IV,None,0,0,0,Check,1.5,40,600,Full bore,Flanged,API 6D,SS304,Stainless steel,SS316,ENP (Electroless Nickel),PTFE,0,0,0,18,8,0.3,0.07,Hydraulic,Fail-close,0,0,0,0,0,0,0,0,0,1,0,0,0,PT+MT,0,0,0,Standard,Casting,5,Standard,3,0.77,10,MidTier-India,Domestic,0.75,340364
V01432,Steam,13.95,216.4,5.08,158.6,ISO Class III,Anti-cavitation trim,1,1,1,Control,8,200,150,Full bore,Flanged,API 6D,CS/WCB,Carbon steel,SS410,ENP (Electroless Nickel),Metal seat,0,0,0,0.2,0.2,0.1,0.25,Electric,Fail-open,1,0,0,1,0,0,0,0,0,1,1,0,0,MT,1,0,1,Basic,Forging,4,Tight,11,0.76,20,Generic-India,Domestic,0.69,605827
V01433,Natural Gas,36.05,53.9,12.27,428.8,ISO Class III,None,0,0,0,Globe,20,500,600,Reduced port,Flanged,ASME B16.10,A105,Carbon steel,Alloy 20,None,PTFE,0,0,0,0.2,0.1,0.05,0.2,Gearbox,N/A,0,0,0,0,0,0,0,0,0,1,1,0,1,UT+RT,0,1,1,Basic,Casting,1,Tight,12,0.59,13,MidTier-India,Domestic,0.63,680498
V01434,Natural Gas,99.65,170,26.57,211.6,ISO Class III,None,0,0,0,Control,6,150,1500,Reduced port,Socket-weld,ISO 5752,CS/WCB,Carbon steel,SS316,None,Metal seat,1,0,0,0.2,0.2,0.1,0.25,Gearbox,N/A,0,0,0,0,0,0,0,0,0,1,0,0,0,None,1,0,1,Full (EN10204 3.1 + QAP/ITP),Forging,3,Tight,16,0.53,29,Premium-India,Domestic,0.84,868336
V01435,Steam,32.01,254.3,3.14,169.6,ISO Class IV,None,0,0,0,Ball,8,200,300,Full bore,Butt-weld,API 6D,SS316,Stainless steel,Stellite hardfaced,None,Metal seat,0,0,0,17,12,2.5,0.06,Manual,N/A,0,0,0,0,0,0,0,0,0,1,1,0,0,None,1,0,0,Basic,Casting,4,Standard,10,0.89,23,MidTier-India,Domestic,0.82,340818
V01436,Slurry,88.64,29.5,8.89,21.9,ISO Class III,None,0,0,0,Check,0.75,20,600,Reduced port,Lug,ASME B16.10,CS/WCB,Carbon steel,Stellite hardfaced,Stellite,Metal seat,0,0,1,0.2,0.2,0.1,0.25,Gearbox,N/A,0,0,1,0,0,0,0,0,0,1,1,0,0,UT,0,0,0,Standard,Casting,2,Standard,10,0.75,17,Premium-India,Domestic,0.59,60431
V01437,Slurry,7.82,54,0.57,1051.4,ISO Class I,None,0,0,0,Ball,14,350,150,Reduced port,Butt-weld,ASME B16.10,CS/WCB,Carbon steel,SS316,ENP (Electroless Nickel),Metal seat,0,0,1,0.2,0.2,0.1,0.25,Manual,N/A,0,0,0,0,0,0,0,0,0,1,1,0,0,RT,1,1,0,Basic,Casting,3,Standard,2,0.89,16,MidTier-India,Domestic,0.72,290159
V01438,Natural Gas,38.71,255.7,3.22,10,ISO Class IV,None,0,0,0,Gate,0.5,15,600,Reduced port,Threaded,API 6D,Bronze,Copper alloy,SS410,Stellite,Metal seat,0,0,0,0.2,0.8,0.1,0.02,Manual,N/A,0,1,0,0,0,0,0,0,0,1,0,0,0,UT+RT,1,0,0,Standard,Casting,3,Standard,12,0.74,9,MidTier-India,Domestic,0.55,52413
V01439,Hydrocarbon,84.04,115,0.2,42.9,ISO Class IV,Low-noise trim,0,1,0,Globe,1.5,40,600,Full bore,Socket-weld,MSS SP-97,CS/WCB,Carbon steel,Alloy 20,None,Elastomer (NBR/EPDM),0,0,0,0.2,0.2,0.1,0.25,Manual,N/A,0,0,0,0,1,0,0,0,0,1,1,0,0,None,0,0,0,Full (EN10204 3.1 + QAP/ITP),Forging,3,Tight,7,0.6,9,MidTier-India,Domestic,0.97,96594
V01440,Water,12.09,56.1,1.2,79.6,ISO Class IV,None,0,0,0,Ball,3,80,150,Reduced port,Threaded,ASME B16.10,SS316,Stainless steel,SS410,None,PTFE,0,1,0,17,12,2.5,0.06,Gearbox,N/A,0,0,0,0,0,0,0,0,0,1,1,0,0,MT,1,0,0,Standard,Casting,3,Standard,11,0.89,8,Premium-India,Domestic,0.71,144404
V01441,Natural Gas,45.33,244.7,5.92,117.2,ISO Class III,None,0,0,0,Globe,3,80,300,Full bore,Socket-weld,ASME B16.10,CS/WCB,Carbon steel,SS316,None,Metal seat,0,0,0,0.2,0.2,0.1,0.25,Hydraulic,Fail-close,0,1,0,0,0,0,0,0,0,1,1,0,0,None,0,0,0,Basic,Casting,3,Standard,11,0.81,8,MidTier-India,Domestic,0.86,257427
V01442,Air,232.21,43.8,0.05,178.2,ISO Class III,None,0,0,0,Ball,4,100,2500,Full bore,Butt-weld,ASME B16.10,SS316,Stainless steel,SS410,None,PEEK,0,0,0,17,12,2.5,0.06,Manual,N/A,0,0,0,0,0,0,0,0,0,1,0,0,0,MT,0,1,0,Basic,Forging,3,Standard,9,0.74,11,Generic-India,Domestic,0.75,514328
V01443,Slurry,15.07,60.5,0.21,151.6,ISO Class VI,None,0,0,0,Butterfly,14,350,150,Full bore,Wafer,API 6D,A105,Carbon steel,Nickel Alloy 625,None,Metal seat,0,0,1,0.2,0.1,0.05,0.2,Pneumatic,Fail-close,0,0,1,1,0,0,1,1,0,1,1,0,0,UT,0,0,0,Basic,Casting,4,Tight,10,0.75,18,Generic-India,Domestic,0.92,336690
V01444,Air,25.72,39.6,2.71,92.1,ISO Class IV,None,0,0,0,Check,1.5,40,300,Full bore,Lug,ASME B16.10,SS316,Stainless steel,Duplex 2205,Stellite,PEEK,0,1,0,17,12,2.5,0.06,Manual,N/A,0,0,0,0,0,0,0,0,0,1,1,0,0,None,0,0,0,Standard,Casting,3,Standard,12,0.76,16,Premium-India,Domestic,0.98,133889
V01445,Hydrocarbon,16.19,64.2,9.37,97.2,ISO Class IV,Anti-cavitation trim,1,0,0,Control,4,100,150,Reduced port,Flanged,ASME B16.10,CS/WCB,Carbon steel,Nickel Alloy 625,Ceramic coating,PTFE,1,0,0,0.2,0.2,0.1,0.25,Electric,Fail-close,0,1,0,1,0,0,0,0,0,1,1,0,0,MT,0,0,0,Full (EN10204 3.1 + QAP/ITP),Casting,4,Tight,2,0.76,14,MidTier-India,Domestic,0.83,325675
V01446,Steam,16.6,253.1,3.6,248,ISO Class V,None,0,0,0,Check,12,300,150,Reduced port,Butt-weld,ASME B16.10,SS316,Stainless steel,SS316,ENP (Electroless Nickel),Metal seat,0,0,0,17,12,2.5,0.06,Pneumatic,Fail-open,0,0,1,1,1,0,1,1,0,1,1,0,0,RT,0,1,0,Basic,Forging,5,Tight,3,0.74,11,Generic-India,Domestic,0.66,688818
V01447,Water,19.65,18.5,1.05,207,ISO Class IV,None,0,0,0,Butterfly,6,150,300,Full bore,Flanged,ISO 5752,CS/WCB,Carbon steel,SS410,ENP (Electroless Nickel),Elastomer (NBR/EPDM),0,0,0,0.2,0.2,0.1,0.25,Manual,N/A,0,0,0,0,0,0,0,0,0,0,1,1,0,PT+MT,0,0,0,Basic,Casting,4,Standard,9,0.86,7,Imported-Standard,Import,0.29,220019
V01448,Corrosive (Acid),11.62,36.9,1.58,206.3,ISO Class V,None,0,0,0,Butterfly,8,200,150,Full bore,Flanged,API 6D,Duplex 2205,Duplex SS,Nickel Alloy 625,ENP (Electroless Nickel),PTFE,0,0,0,22,5.5,3,0.03,Manual,N/A,0,0,0,0,0,0,0,0,0,1,1,0,0,UT,1,0,1,Standard,Casting,3,Tight,13,0.66,11,Generic-India,Domestic,0.54,262320
V01449,Water,76.3,56.1,30.04,59.9,ISO Class III,None,0,0,0,Globe,2,50,600,Full bore,Threaded,ISO 5752,Duplex 2205,Duplex SS,Nickel Alloy 625,Ceramic coating,PTFE,0,0,0,22,5.5,3,0.03,Gearbox,N/A,0,0,0,0,0,0,0,0,0,1,1,0,0,PT,1,1,1,Basic,Casting,3,Tight,7,0.61,11,MidTier-India,Domestic,0.6,330758
V01450,Air,110.88,105.3,3.79,268.8,ISO Class IV,None,0,0,0,Butterfly,4,100,900,Reduced port,Flanged,ISO 5752,CS/WCB,Carbon steel,Stellite hardfaced,Stellite,Metal seat,0,0,0,0.2,0.2,0.1,0.25,Pneumatic,Fail-close,1,1,1,1,0,0,1,1,0,1,1,0,0,RT,0,0,0,Standard,Forging,5,Standard,7,0.78,20,Generic-India,Domestic,0.74,491334
V01451,Natural Gas,66.87,-20,17.43,29.3,ISO Class I,None,0,0,0,Control,1.5,40,900,Reduced port,Flanged,ASME B16.10,CS/WCB,Carbon steel,Alloy 20,Stellite,Elastomer (NBR/EPDM),0,0,0,0.2,0.2,0.1,0.25,Pneumatic,Fail-close,0,1,1,1,0,1,1,1,0,1,1,0,0,None,0,0,0,Standard,Forging,3,Tight,9,0.55,24,Premium-India,Domestic,0.67,410225
V01452,Slurry,51.37,82.5,4.69,589.5,ISO Class III,None,0,0,0,Butterfly,16,400,900,Reduced port,Flanged,ASME B16.10,SS316,Stainless steel,SS316,None,PTFE,0,1,1,17,12,2.5,0.06,Hydraulic,Fail-open,0,0,0,0,0,0,0,0,0,1,1,0,1,RT,0,0,0,Basic,Casting,4,Standard,6,0.54,19,Generic-India,Domestic,0.89,1418558
V01453,Water,11.85,81.4,1.76,203.2,ISO Class IV,None,0,0,0,Butterfly,8,200,150,Full bore,Lug,ASME B16.10,CS/WCB,Carbon steel,SS410,Tungsten carbide,Metal seat,0,0,0,0.2,0.2,0.1,0.25,Gearbox,N/A,0,0,0,0,0,0,0,0,0,1,1,0,0,None,0,0,0,Standard,Casting,1,Standard,4,0.68,21,MidTier-India,Domestic,0.6,139232
V01454,Hydrocarbon,67.16,82.8,16.68,31.9,ISO Class VI,None,0,0,0,Control,2,50,900,Reduced port,Flanged,ASME B16.10,Bronze,Copper alloy,Stellite hardfaced,ENP (Electroless Nickel),PTFE,1,0,0,0.2,0.8,0.1,0.02,Pneumatic,Fail-open,0,1,1,1,0,1,1,1,0,0,1,0,0,PT+MT,0,0,0,Basic,Forging,5,Tight,8,0.95,15,Generic-India,Domestic,0.98,897978
V01455,Natural Gas,24.27,92.3,2.71,27.3,ISO Class I,None,0,0,0,Needle,1.5,40,300,Reduced port,Threaded,ASME B16.10,CS/WCB,Carbon steel,SS316,None,PTFE,0,0,0,0.2,0.2,0.1,0.25,Pneumatic,Fail-close,1,0,1,1,0,0,1,0,0,1,1,0,0,PT,0,0,1,Full (EN10204 3.1 + QAP/ITP),Forging,3,Standard,8,0.53,25,Premium-India,Domestic,0.7,103208
V01456,Natural Gas,22.3,101.3,1.31,457.9,ISO Class II,None,0,0,0,Gate,14,350,300,Reduced port,Flanged,ASME B16.10,A105,Carbon steel,SS316,Stellite,PEEK,1,0,0,0.2,0.1,0.05,0.2,Pneumatic,Fail-open,1,0,1,1,0,0,1,1,1,1,1,1,0,PT+MT,0,0,0,Basic,Casting,3,Standard,10,0.75,18,Generic-India,Domestic,0.75,834625
V01457,Slurry,25.83,90.1,2.57,183,ISO Class II,None,0,0,0,Check,6,150,300,Reduced port,Wafer,API 6D,CS/WCB,Carbon steel,Stellite hardfaced,None,Metal seat,0,0,1,0.2,0.2,0.1,0.25,Pneumatic,Fail-close,1,1,1,1,0,0,1,1,0,1,1,0,1,PT,0,0,0,Standard,Casting,3,Standard,8,0.72,14,MidTier-India,Domestic,0.64,323050
V01458,Steam,71.3,327,3.12,132.6,ISO Class I,None,0,0,0,Check,3,80,600,Full bore,Socket-weld,ISO 5752,A105,Carbon steel,SS316,ENP (Electroless Nickel),Metal seat,0,0,0,0.2,0.1,0.05,0.2,Manual,N/A,0,0,0,0,0,0,0,0,0,1,1,0,0,UT,0,0,0,Basic,Casting,1,Standard,10,0.55,9,Generic-India,Domestic,0.82,113452
V01459,Hydrocarbon,7.86,86.1,0.97,215.2,ISO Class IV,None,0,0,0,Ball,10,250,150,Full bore,Flanged,ISO 5752,A105,Carbon steel,Nickel Alloy 625,Tungsten carbide,Metal seat,0,0,0,0.2,0.1,0.05,0.2,Pneumatic,Fail-close,0,0,1,1,0,0,1,1,0,1,1,1,0,None,1,0,0,Basic,Casting,3,Standard,7,0.82,18,MidTier-India,Domestic,0.38,565220
V01460,Natural Gas,8.36,136.5,0.2,154.8,ISO Class IV,None,0,0,0,Ball,4,100,150,Full bore,Butt-weld,ASME B16.10,CS/WCB,Carbon steel,SS410,None,Metal seat,0,0,0,0.2,0.2,0.1,0.25,Manual,N/A,0,0,0,0,0,0,0,0,0,1,0,0,1,RT,0,0,0,Full (EN10204 3.1 + QAP/ITP),Casting,5,Standard,8,0.66,13,Premium-India,Domestic,0.46,173636
V01461,Hydrocarbon,61.84,46.6,6.03,150.8,ISO Class IV,None,0,0,0,Control,6,150,600,Reduced port,Threaded,ASME B16.10,CS/WCB,Carbon steel,Alloy 20,None,Elastomer (NBR/EPDM),0,0,0,0.2,0.2,0.1,0.25,Pneumatic,Fail-in-place,1,1,1,1,0,1,1,1,0,1,1,1,1,None,1,0,0,Standard,Casting,5,Tight,5,0.85,20,Generic-India,Domestic,0.66,1034329
V01462,Water,30.61,31.7,4.2,361,ISO Class III,None,0,0,0,Butterfly,10,250,600,Reduced port,Wafer,API 6D,SS304,Stainless steel,SS316,Ceramic coating,PEEK,0,0,0,18,8,0.3,0.07,Manual,N/A,0,0,0,0,0,0,0,0,0,1,1,1,0,None,0,0,1,Basic,Casting,2,Standard,11,0.84,16,Premium-India,Domestic,0.63,469587
V01463,Water,11.42,17.2,1.82,105.6,ISO Class I,None,0,0,0,Check,1.5,40,150,Reduced port,Lug,ASME B16.10,SS316,Stainless steel,Stellite hardfaced,ENP (Electroless Nickel),Elastomer (NBR/EPDM),0,1,0,17,12,2.5,0.06,Manual,N/A,0,0,0,0,0,0,0,0,0,1,0,0,0,None,0,0,0,Basic,Casting,3,Standard,9,0.86,24,Imported-Standard,Domestic,0.98,48102
V01464,Natural Gas,25.15,155,1.27,219.1,ISO Class III,None,0,0,0,Ball,3,80,300,Full bore,Flanged,MSS SP-97,CS/WCB,Carbon steel,SS316,None,PTFE,0,0,0,0.2,0.2,0.1,0.25,Manual,N/A,0,0,0,0,0,0,0,0,0,1,1,0,0,RT,0,0,1,Basic,Casting,5,Standard,6,0.7,10,Generic-India,Domestic,0.71,129939
V01465,Corrosive (Acid),73.62,35.6,0.05,23.9,ISO Class IV,None,0,0,0,Check,1.5,40,600,Full bore,Flanged,ASME B16.10,Nickel Alloy 625,Nickel alloy,Nickel Alloy 625,None,PTFE,0,1,0,21.5,60,9,0.02,Manual,N/A,0,1,0,0,0,0,0,0,0,1,1,0,0,PT,0,0,0,Basic,Forging,3,Standard,8,0.74,9,Generic-India,Domestic,0.51,246671
V01466,Natural Gas,6.63,81.2,0.29,267.9,ISO Class IV,None,0,0,0,Gate,6,150,150,Full bore,Socket-weld,ISO 5752,CS/WCB,Carbon steel,SS316,None,PTFE,1,0,0,0.2,0.2,0.1,0.25,Manual,N/A,0,0,0,0,0,0,0,0,0,1,0,0,0,RT,0,0,0,Basic,Forging,2,Tight,7,0.65,18,MidTier-India,Domestic,0.72,149078
V01467,Oxygen,17.47,38.5,0.79,75.4,ISO Class VI,None,0,0,0,Check,4,100,300,Full bore,Butt-weld,ISO 5752,SS304,Stainless steel,SS316,Stellite,Metal seat,0,0,0,18,8,0.3,0.07,Gearbox,N/A,0,0,0,0,0,0,0,0,0,1,0,0,0,MT,0,0,0,Full (EN10204 3.1 + QAP/ITP),Forging,3,Tight,13,0.62,13,Imported-Standard,Import,0.15,258335
V01468,Water,62.47,38.8,11.82,23.1,ISO Class V,None,0,0,0,Control,1,25,900,Reduced port,Socket-weld,ASME B16.10,SS304,Stainless steel,SS316,ENP (Electroless Nickel),PTFE,0,0,0,18,8,0.3,0.07,Pneumatic,Fail-close,1,1,1,1,0,1,1,1,0,1,0,0,0,None,1,0,1,Standard,Forging,2,Tight,6,0.78,15,Generic-India,Domestic,0.81,373234
V01469,Slurry,93.56,14.4,12.47,38.6,ISO Class VI,None,0,0,0,Check,1,25,900,Full bore,Butt-weld,API 6D,SS316,Stainless steel,Stellite hardfaced,None,Elastomer (NBR/EPDM),0,1,0,17,12,2.5,0.06,Manual,N/A,0,0,0,0,1,0,0,0,0,1,1,0,0,PT,1,0,1,Full (EN10204 3.1 + QAP/ITP),Forging,3,Tight,11,0.68,11,MidTier-India,Domestic,0.98,157505
V01470,Water,43.37,47.2,6.19,505.9,ISO Class I,None,0,0,0,Gate,16,400,600,Full bore,Flanged,API 6D,SS316,Stainless steel,Stellite hardfaced,Ceramic coating,PTFE,0,1,0,17,12,2.5,0.06,Pneumatic,Fail-open,1,0,1,1,0,0,1,1,1,1,1,0,0,PT,1,0,0,Basic,Casting,4,Standard,10,0.65,16,MidTier-India,Domestic,0.75,1728674
V01471,Water,7.07,33.7,0.96,504.8,ISO Class IV,None,0,0,0,Gate,10,250,150,Full bore,Flanged,API 6D,CS/WCB,Carbon steel,SS316,Stellite,PEEK,0,0,0,0.2,0.2,0.1,0.25,Pneumatic,Fail-close,1,0,1,1,0,0,1,1,1,1,1,0,0,RT,1,0,0,Standard,Casting,4,Standard,9,0.77,15,MidTier-India,Domestic,0.83,555937
V01472,Air,15.16,30.2,1.45,368.3,ISO Class II,None,0,0,0,Control,10,250,300,Reduced port,Flanged,ASME B16.10,Duplex 2205,Duplex SS,SS316,ENP (Electroless Nickel),Metal seat,0,1,0,22,5.5,3,0.03,Pneumatic,Fail-open,0,1,1,1,1,1,1,1,0,1,1,0,0,PT+MT,1,0,0,Basic,Casting,5,Tight,5,0.91,19,Premium-India,Domestic,0.85,2800000
V01473,Water,59.95,15.9,4.42,123.9,ISO Class II,None,0,0,0,Gate,3,80,600,Full bore,Threaded,ASME B16.10,SS316,Stainless steel,Stellite hardfaced,None,Metal seat,0,0,0,17,12,2.5,0.06,Gearbox,N/A,0,0,0,0,0,0,0,0,0,1,1,0,0,PT,0,0,1,Full (EN10204 3.1 + QAP/ITP),Forging,3,Standard,10,0.71,11,Generic-India,Domestic,0.53,221562
V01474,Steam,249.4,102.4,8.28,80,ISO Class III,None,0,0,0,Ball,6,150,2500,Full bore,Butt-weld,ASME B16.10,CS/WCB,Carbon steel,SS316,None,Metal seat,0,0,0,0.2,0.2,0.1,0.25,Gearbox,N/A,0,0,0,0,0,0,0,0,0,1,0,1,0,UT+RT,0,0,1,Basic,Forging,2,Standard,17,0.58,18,Generic-India,Domestic,0.98,817046
V01475,Natural Gas,87.83,180.1,0.05,193.6,ISO Class III,None,0,0,0,Butterfly,12,300,900,Full bore,Flanged,API 6D,A105,Carbon steel,SS410,None,Elastomer (NBR/EPDM),0,0,0,0.2,0.1,0.05,0.2,Manual,N/A,0,0,0,0,0,0,0,0,0,1,1,0,0,None,0,0,0,Standard,Casting,3,Standard,9,0.85,11,MidTier-India,Domestic,0.79,405612
V01476,Water,10,48.2,1.22,165.4,ISO Class VI,None,0,0,0,Control,6,150,150,Full bore,Butt-weld,ISO 5752,CS/WCB,Carbon steel,SS316,None,Metal seat,0,0,0,0.2,0.2,0.1,0.25,Pneumatic,Fail-open,1,1,1,1,0,1,1,1,0,1,1,0,1,UT+RT,0,0,0,Basic,Casting,4,Tight,7,0.8,27,Generic-India,Domestic,0.54,544734
V01477,Steam,39.37,225.8,1.01,87.3,ISO Class I,None,0,0,0,Gate,1.5,40,600,Full bore,Socket-weld,ASME B16.10,SS316,Stainless steel,SS316,Stellite,Metal seat,0,0,0,17,12,2.5,0.06,Pneumatic,Fail-close,1,0,1,1,0,0,1,0,0,1,1,0,0,PT,1,0,0,Standard,Casting,4,Standard,11,0.85,13,Generic-India,Domestic,0.66,382069
V01478,Air,53.07,16.1,7.45,139.8,ISO Class V,None,0,0,0,Ball,4,100,600,Full bore,Flanged,ASME B16.10,Bronze,Copper alloy,SS316,None,Elastomer (NBR/EPDM),0,0,0,0.2,0.8,0.1,0.02,Electric,Fail-open,1,0,0,1,0,0,0,0,0,1,1,0,0,PT+MT,1,0,0,Standard,Casting,5,Tight,9,0.72,22,Generic-India,Domestic,0.44,497106
V01479,Corrosive (Acid),7.42,0,0.98,51,ISO Class IV,None,0,0,0,Check,2,50,150,Full bore,Butt-weld,API 6D,Nickel Alloy 625,Nickel alloy,Alloy 20,None,PTFE,0,0,0,21.5,60,9,0.02,Gearbox,N/A,0,1,0,0,0,0,0,0,0,1,1,1,1,UT,0,0,0,Standard,Casting,5,Standard,14,0.79,12,MidTier-India,Domestic,0.6,252349
V01480,Steam,109.46,217,4.15,28.6,ISO Class V,None,0,0,0,Ball,1.5,40,900,Full bore,Flanged,API 6D,CS/WCB,Carbon steel,Duplex 2205,None,Metal seat,0,0,0,0.2,0.2,0.1,0.25,Hydraulic,Fail-close,1,0,0,0,1,0,0,0,0,1,0,0,0,None,1,1,0,Basic,Forging,3,Tight,6,0.71,13,Generic-India,Domestic,0.66,285161
V01481,Air,33.14,99.1,4.16,939.3,ISO Class II,None,0,0,0,Butterfly,14,350,300,Full bore,Wafer,ISO 5752,A105,Carbon steel,SS316,Stellite,PEEK,0,0,0,0.2,0.1,0.05,0.2,Gearbox,N/A,0,0,0,0,1,0,0,0,0,1,1,0,0,PT,0,0,0,Standard,Casting,2,Standard,3,0.72,18,Generic-India,Domestic,0.89,391441
V01482,Corrosive (Acid),9.53,142.6,0.95,16.3,ISO Class IV,None,0,0,0,Gate,1,25,600,Reduced port,Wafer,ISO 5752,SS316,Stainless steel,SS316,None,Metal seat,0,0,0,17,12,2.5,0.06,Hydraulic,Fail-open,0,0,0,1,0,0,0,0,0,1,1,0,0,PT,1,0,0,Standard,Forging,4,Standard,9,0.77,19,Premium-India,Domestic,0.84,156190
V01483,Natural Gas,9.96,6.8,1.18,184.3,ISO Class IV,None,0,0,0,Check,3,80,150,Reduced port,Socket-weld,ISO 5752,A105,Carbon steel,SS316,None,Metal seat,1,0,0,0.2,0.1,0.05,0.2,Manual,N/A,0,0,0,0,0,0,0,0,0,0,1,0,0,None,0,0,0,Standard,Casting,2,Standard,6,0.61,12,Imported-Standard,Import,0.41,71302
V01484,Steam,68.08,283.9,9.95,316.8,ISO Class III,None,0,0,0,Butterfly,16,400,600,Full bore,Wafer,ASME B16.10,CS/WCB,Carbon steel,Nickel Alloy 625,ENP (Electroless Nickel),Metal seat,0,0,0,0.2,0.2,0.1,0.25,Manual,N/A,0,0,0,0,0,0,0,0,0,1,1,0,0,UT+RT,1,1,0,Basic,Casting,5,Standard,12,0.91,13,MidTier-India,Domestic,0.6,405074
V01485,Hydrocarbon,53.81,120.8,7.04,471.7,ISO Class I,None,0,0,0,Butterfly,8,200,900,Reduced port,Lug,MSS SP-97,SS316,Stainless steel,Nickel Alloy 625,None,PTFE,0,0,0,17,12,2.5,0.06,Manual,N/A,0,0,1,0,0,0,0,0,0,1,1,0,1,MT,0,0,0,Basic,Casting,2,Standard,8,0.71,11,Imported-Standard,Domestic,0.9,502874
V01486,Hydrocarbon,88.06,145.1,30.14,92.7,ISO Class VI,None,0,0,0,Control,3,80,900,Full bore,Flanged,ASME B16.10,CS/WCB,Carbon steel,Duplex 2205,Tungsten carbide,Metal seat,1,0,0,0.2,0.2,0.1,0.25,Pneumatic,Fail-in-place,0,1,1,1,0,1,1,1,0,1,1,0,0,None,1,0,0,Full (EN10204 3.1 + QAP/ITP),Forging,3,Tight,11,0.75,19,Generic-India,Domestic,0.82,889004
V01487,Steam,55.34,299.5,4.5,260.8,ISO Class I,None,0,0,0,Ball,10,250,900,Reduced port,Flanged,ASME B16.10,Duplex 2205,Duplex SS,Stellite hardfaced,None,Metal seat,0,1,0,22,5.5,3,0.03,Gearbox,N/A,0,1,0,1,0,0,0,0,0,0,1,0,1,UT+RT,1,0,0,Standard,Casting,3,Standard,9,0.51,17,MidTier-India,Domestic,0.98,1103534
V01488,Natural Gas,7.2,172.6,0.56,953.5,ISO Class VI,None,0,0,0,Butterfly,20,500,150,Reduced port,Wafer,ASME B16.10,SS316,Stainless steel,SS316,Tungsten carbide,Elastomer (NBR/EPDM),0,1,0,17,12,2.5,0.06,Manual,N/A,0,0,0,0,0,0,0,0,0,1,1,0,0,UT+RT,1,0,0,Standard,Casting,3,Tight,6,0.69,5,Premium-India,Domestic,0.52,482611
V01489,Air,38.99,85.2,4.15,166.1,ISO Class VI,None,0,0,0,Butterfly,14,350,300,Reduced port,Wafer,ASME B16.10,CS/WCB,Carbon steel,Duplex 2205,Ceramic coating,PTFE,0,0,0,0.2,0.2,0.1,0.25,Manual,N/A,0,0,0,0,0,0,0,0,0,1,1,0,0,PT,0,0,0,Standard,Casting,2,Tight,12,0.91,21,MidTier-India,Domestic,0.7,196601
V01490,Water,230.64,50.4,40.12,580.5,ISO Class IV,None,0,0,0,Ball,16,400,2500,Reduced port,Flanged,ISO 5752,CS/WCB,Carbon steel,Stellite hardfaced,None,PTFE,0,0,0,0.2,0.2,0.1,0.25,Manual,N/A,0,0,1,0,0,0,0,0,0,1,1,0,0,PT+MT,1,1,0,Standard,Casting,3,Standard,11,0.8,10,Imported-Standard,Import,0.19,1619802
V01491,Water,25.97,90.9,0.05,251.7,ISO Class VI,None,0,0,0,Butterfly,10,250,600,Reduced port,Lug,ASME B16.10,CS/WCB,Carbon steel,Stellite hardfaced,Tungsten carbide,Metal seat,0,0,0,0.2,0.2,0.1,0.25,Manual,N/A,0,0,0,0,0,0,0,0,0,1,1,1,0,UT,0,0,0,Standard,Casting,4,Tight,8,0.56,16,Generic-India,Domestic,0.76,330575
V01492,Hydrocarbon,66.97,117.6,10.9,175.8,ISO Class V,None,0,0,0,Control,3,80,900,Reduced port,Flanged,API 6D,SS304,Stainless steel,Stellite hardfaced,ENP (Electroless Nickel),PTFE,0,0,0,18,8,0.3,0.07,Electric,Fail-close,0,0,0,1,0,0,0,0,0,1,0,0,1,None,0,0,1,Basic,Forging,4,Tight,7,0.66,29,MidTier-India,Domestic,0.42,938637
V01493,Natural Gas,215.44,20.4,6.65,528.8,ISO Class II,None,0,0,0,Butterfly,14,350,2500,Full bore,Wafer,API 6D,SS304,Stainless steel,Nickel Alloy 625,None,Metal seat,0,0,0,18,8,0.3,0.07,Pneumatic,Fail-open,0,1,1,1,0,0,1,1,0,1,1,1,0,UT,0,0,0,Basic,Forging,2,Standard,14,0.74,7,MidTier-India,Domestic,0.58,1986762
V01494,Hydrocarbon,74.45,130.6,22.1,45.8,ISO Class IV,None,0,0,0,Control,1,25,900,Full bore,Flanged,ISO 5752,SS316,Stainless steel,SS316,Stellite,PTFE,1,0,0,17,12,2.5,0.06,Pneumatic,Fail-open,1,1,1,1,0,1,1,1,0,1,1,0,0,UT,0,0,1,Standard,Forging,4,Tight,5,0.86,26,Imported-Standard,Domestic,0.8,710894
V01495,Water,101.29,44.7,0.05,253.2,ISO Class VI,None,0,0,0,Ball,6,150,900,Reduced port,Butt-weld,ASME B16.10,CS/WCB,Carbon steel,SS410,Ceramic coating,Metal seat,0,0,0,0.2,0.2,0.1,0.25,Gearbox,N/A,0,0,0,0,0,0,0,0,0,1,0,1,0,PT+MT,0,0,0,Standard,Forging,4,Tight,12,0.63,15,Imported-Standard,Domestic,0.8,620628
V01496,Steam,58.21,222.2,16.4,259.2,ISO Class VI,None,0,0,0,Control,8,200,600,Full bore,Flanged,ASME B16.10,Duplex 2205,Duplex SS,SS316,Ceramic coating,Metal seat,0,0,0,22,5.5,3,0.03,Pneumatic,Fail-close,1,1,1,1,0,1,1,1,1,1,1,0,0,PT,1,1,1,Basic,Forging,5,Tight,8,0.67,17,Generic-India,Domestic,0.43,2800000
V01497,Natural Gas,270.42,109.1,21.49,79.1,ISO Class IV,None,0,0,0,Ball,2,50,2500,Reduced port,Flanged,ASME B16.10,A105,Carbon steel,Duplex 2205,None,PTFE,1,0,0,0.2,0.1,0.05,0.2,Hydraulic,Fail-in-place,1,0,0,0,0,0,0,0,0,1,1,0,0,None,0,0,0,Standard,Forging,5,Tight,12,0.71,23,Premium-India,Domestic,0.52,641358
V01498,Natural Gas,14.41,-20,4.49,46.3,ISO Class V,None,0,0,0,Control,1.5,40,150,Full bore,Flanged,ASME B16.10,CS/WCB,Carbon steel,Stellite hardfaced,Ceramic coating,Metal seat,0,0,0,0.2,0.2,0.1,0.25,Electric,Fail-open,0,0,0,1,1,0,0,0,0,1,1,0,1,UT+RT,0,1,0,Standard,Casting,4,Tight,6,0.65,20,MidTier-India,Domestic,0.69,182533
V01499,Hydrocarbon,207.4,203.4,1.48,119.3,ISO Class I,None,0,0,0,Butterfly,8,200,2500,Reduced port,Wafer,ASME B16.10,CS/WCB,Carbon steel,Stellite hardfaced,Tungsten carbide,Metal seat,0,0,0,0.2,0.2,0.1,0.25,Pneumatic,Fail-in-place,0,0,1,1,0,0,1,1,0,1,1,0,0,MT,1,0,0,Standard,Casting,4,Standard,12,0.71,15,MidTier-India,Domestic,0.65,1001222
V01500,Steam,38.43,201.9,0.05,41.6,ISO Class V,None,0,0,0,Check,0.75,20,600,Reduced port,Socket-weld,ASME B16.10,SS304,Stainless steel,SS316,Stellite,Metal seat,0,0,0,18,8,0.3,0.07,Manual,N/A,0,0,0,0,0,0,0,0,0,1,1,0,1,MT,1,0,0,Standard,Forging,3,Tight,10,0.78,17,MidTier-India,Domestic,0.75,91660
V01501,Water,7.16,20.7,1.68,59.1,ISO Class I,None,0,0,0,Globe,3,80,150,Reduced port,Flanged,ISO 5752,CS/WCB,Carbon steel,Stellite hardfaced,None,PTFE,0,0,0,0.2,0.2,0.1,0.25,Pneumatic,Fail-close,1,1,1,1,0,0,1,0,0,1,1,0,0,UT,1,0,0,Basic,Casting,5,Standard,9,0.63,13,Premium-India,Domestic,0.78,193558
V01502,Slurry,254.54,62.1,0.05,10,ISO Class IV,None,0,0,0,Gate,0.5,15,2500,Reduced port,Flanged,ASME B16.10,SS304,Stainless steel,Nickel Alloy 625,None,Metal seat,0,0,0,18,8,0.3,0.07,Electric,Fail-open,1,0,0,1,0,0,0,0,0,1,1,0,0,PT,0,0,1,Standard,Forging,3,Standard,12,0.68,20,Premium-India,Domestic,0.74,294233
V01503,Air,14.39,76.3,0.11,99,ISO Class V,None,0,0,0,Check,3,80,150,Reduced port,Butt-weld,ASME B16.10,CS/WCB,Carbon steel,SS316,None,PTFE,0,0,0,0.2,0.2,0.1,0.25,Manual,N/A,0,1,0,1,0,0,0,0,0,1,0,0,0,RT,1,0,0,Basic,Forging,4,Tight,9,0.79,7,MidTier-India,Domestic,0.98,75349
V01504,Steam,29.22,198.9,0.05,15.1,ISO Class IV,None,0,0,0,Check,0.75,20,900,Full bore,Flanged,API 6D,CS/WCB,Carbon steel,Stellite hardfaced,None,Metal seat,0,0,0,0.2,0.2,0.1,0.25,Pneumatic,Fail-open,0,1,1,1,0,0,1,1,0,1,1,0,0,PT+MT,0,0,0,Basic,Forging,5,Standard,7,0.55,14,Imported-Standard,Domestic,0.57,201727
V01505,Hydrocarbon,39.77,139,0.44,843.8,ISO Class I,None,0,0,0,Butterfly,8,200,600,Reduced port,Flanged,MSS SP-97,SS316,Stainless steel,Stellite hardfaced,None,PEEK,0,1,0,17,12,2.5,0.06,Electric,Fail-close,0,0,0,1,0,0,0,0,0,1,1,0,0,None,0,0,0,Full (EN10204 3.1 + QAP/ITP),Forging,4,Tight,8,0.68,11,MidTier-India,Domestic,0.6,713232
V01506,Oxygen,43.46,23.4,0.05,38.8,ISO Class V,None,0,0,0,Gate,2,50,300,Reduced port,Threaded,ASME B16.10,SS316,Stainless steel,Alloy 20,Stellite,PEEK,0,1,0,17,12,2.5,0.06,Manual,N/A,0,0,0,0,0,0,0,0,0,1,0,0,0,MT,1,0,0,Basic,Casting,4,Tight,7,0.7,20,Imported-Standard,Import,0.23,177617
V01507,Natural Gas,21.92,160.3,1.24,29.4,ISO Class II,None,0,0,0,Check,1,25,300,Reduced port,Socket-weld,ASME B16.10,CS/WCB,Carbon steel,SS316,None,PEEK,1,0,0,0.2,0.2,0.1,0.25,Manual,N/A,0,0,1,0,0,0,0,0,0,1,0,0,0,UT+RT,0,0,0,Basic,Casting,4,Tight,10,0.7,12,Generic-India,Domestic,0.98,54596
V01508,Natural Gas,73.38,74.3,10.38,103.5,ISO Class IV,None,0,0,0,Ball,3,80,900,Full bore,Lug,API 6D,SS316,Stainless steel,Stellite hardfaced,Tungsten carbide,Elastomer (NBR/EPDM),0,1,0,17,12,2.5,0.06,Manual,N/A,0,0,0,0,1,0,0,0,0,1,1,1,1,UT,0,0,0,Standard,Forging,3,Standard,8,0.76,14,Generic-India,Domestic,0.98,381356
V01509,Natural Gas,32.93,216.2,2.65,134,ISO Class IV,None,0,0,0,Gate,3,80,300,Reduced port,Butt-weld,API 6D,CS/WCB,Carbon steel,Alloy 20,None,PEEK,0,0,0,0.2,0.2,0.1,0.25,Electric,Fail-close,0,0,0,1,0,0,0,0,0,1,0,0,0,UT+RT,1,0,1,Standard,Casting,4,Tight,11,0.83,17,MidTier-India,Domestic,0.98,208032
V01510,Steam,133.13,207.1,7.71,187.4,ISO Class II,None,0,0,0,Butterfly,14,350,1500,Reduced port,Lug,ASME B16.10,CS/WCB,Carbon steel,Nickel Alloy 625,Tungsten carbide,Metal seat,0,0,0,0.2,0.2,0.1,0.25,Manual,N/A,0,1,0,0,0,0,0,0,0,1,1,0,0,None,1,0,0,Full (EN10204 3.1 + QAP/ITP),Forging,5,Standard,9,0.55,17,MidTier-India,Domestic,0.59,649638
V01511,Water,149.17,32.5,24.45,106.2,ISO Class V,None,0,0,0,Control,4,100,1500,Full bore,Flanged,ISO 5752,CS/WCB,Carbon steel,SS316,None,Metal seat,0,0,0,0.2,0.2,0.1,0.25,Electric,Fail-close,0,0,0,1,1,0,0,0,0,1,1,0,0,UT+RT,0,0,0,Basic,Forging,5,Tight,8,0.6,20,Premium-India,Domestic,0.98,1028064
V01512,Hydrocarbon,9.36,202.3,1.86,83.8,ISO Class VI,None,0,0,0,Ball,4,100,150,Full bore,Threaded,API 6D,CS/WCB,Carbon steel,SS316,ENP (Electroless Nickel),Metal seat,1,0,0,0.2,0.2,0.1,0.25,Gearbox,N/A,0,0,0,0,0,0,0,0,0,1,1,1,0,MT,0,1,0,Basic,Casting,2,Tight,9,0.65,10,MidTier-India,Domestic,0.8,154010
V01513,Hydrocarbon,32.06,224.9,1.46,535.7,ISO Class III,None,0,0,0,Butterfly,14,350,600,Full bore,Wafer,ASME B16.10,Bronze,Copper alloy,Stellite hardfaced,None,Metal seat,1,0,0,0.2,0.8,0.1,0.02,Gearbox,N/A,0,0,0,0,0,0,0,0,0,1,1,0,0,UT+RT,0,0,0,Standard,Forging,5,Standard,9,0.68,18,Premium-India,Domestic,0.72,803009
V01514,Hydrocarbon,52.34,180.3,0.05,62.3,ISO Class V,None,0,0,0,Butterfly,3,80,600,Reduced port,Wafer,API 6D,SS304,Stainless steel,Stellite hardfaced,None,Elastomer (NBR/EPDM),0,0,0,18,8,0.3,0.07,Manual,N/A,0,0,0,0,0,0,0,0,0,1,1,0,0,None,1,0,0,Basic,Casting,1,Tight,8,0.54,11,MidTier-India,Domestic,0.53,159333
V01515,Slurry,56.87,21.4,16.33,67.7,ISO Class II,None,0,0,0,Control,1.5,40,900,Reduced port,Butt-weld,ASME B16.10,CS/WCB,Carbon steel,Nickel Alloy 625,None,Elastomer (NBR/EPDM),0,0,1,0.2,0.2,0.1,0.25,Electric,Fail-open,0,0,0,1,0,0,0,0,0,1,0,0,0,PT+MT,0,0,0,Basic,Forging,4,Tight,8,0.87,27,Generic-India,Domestic,0.84,249873
V01516,Hydrocarbon,64.47,24.7,10.09,247.6,ISO Class IV,None,0,0,0,Control,6,150,600,Reduced port,Butt-weld,ASME B16.10,CS/WCB,Carbon steel,SS316,Stellite,Elastomer (NBR/EPDM),1,0,0,0.2,0.2,0.1,0.25,Electric,Fail-open,1,1,0,1,0,0,0,0,0,1,0,0,0,PT+MT,0,0,0,Standard,Casting,5,Tight,9,0.49,16,MidTier-India,Domestic,0.72,739234
V01517,Hydrocarbon,25.79,243.7,2.68,36.1,ISO Class IV,None,0,0,0,Ball,1,25,300,Full bore,Flanged,ISO 5752,SS304,Stainless steel,Stellite hardfaced,Stellite,Metal seat,0,0,0,18,8,0.3,0.07,Manual,N/A,0,0,0,1,0,0,0,0,0,1,1,1,0,PT+MT,0,0,0,Standard,Casting,2,Standard,3,0.57,6,Generic-India,Domestic,0.77,107652
V01518,Steam,19.19,228.9,3.23,316.1,ISO Class V,None,0,0,0,Butterfly,4,100,300,Full bore,Wafer,ASME B16.10,SS304,Stainless steel,Nickel Alloy 625,None,Metal seat,0,0,0,18,8,0.3,0.07,Manual,N/A,0,0,0,0,0,0,0,0,0,1,1,1,1,MT,1,0,0,Standard,Casting,4,Tight,7,0.81,21,Generic-India,Domestic,0.35,212991
V01519,Oxygen,23.05,24,4.54,111.9,ISO Class V,None,0,0,0,Control,4,100,300,Reduced port,Flanged,ISO 5752,SS316,Stainless steel,SS316,ENP (Electroless Nickel),PTFE,0,1,0,17,12,2.5,0.06,Pneumatic,Fail-close,1,1,1,1,0,1,1,0,0,1,1,0,0,None,0,0,0,Standard,Casting,3,Tight,7,0.78,21,Generic-India,Domestic,0.83,665232
V01520,Hydrocarbon,34.42,193.9,4.81,79.4,ISO Class I,None,0,0,0,Ball,2,50,300,Reduced port,Threaded,API 6D,CS/WCB,Carbon steel,SS410,ENP (Electroless Nickel),Metal seat,0,0,0,0.2,0.2,0.1,0.25,Manual,N/A,0,0,0,0,0,0,0,0,0,1,1,0,0,PT,1,0,0,Standard,Casting,4,Standard,11,0.95,20,MidTier-India,Domestic,0.73,71035
V01521,Hydrocarbon,25.65,96.8,2.84,334.6,ISO Class III,None,0,0,0,Butterfly,14,350,300,Full bore,Lug,ISO 5752,CS/WCB,Carbon steel,Duplex 2205,None,PTFE,0,0,0,0.2,0.2,0.1,0.25,Electric,Fail-open,0,0,0,1,0,0,0,0,0,1,1,0,0,PT,0,0,1,Standard,Casting,4,Standard,4,0.52,13,Imported-Standard,Import,0.22,479074
V01522,Air,22.2,31,1.79,297.3,ISO Class III,None,0,0,0,Gate,12,300,300,Reduced port,Flanged,API 6D,A105,Carbon steel,SS316,None,Elastomer (NBR/EPDM),0,0,0,0.2,0.1,0.05,0.2,Manual,N/A,0,0,0,0,0,0,0,0,0,1,1,0,0,PT+MT,1,0,0,Basic,Casting,2,Standard,8,0.84,21,Generic-India,Domestic,0.78,253621
V01523,Corrosive (Acid),79.11,104.1,8.18,594.7,ISO Class I,None,0,0,0,Butterfly,10,250,900,Reduced port,Wafer,ASME B16.10,Duplex 2205,Duplex SS,Stellite hardfaced,Tungsten carbide,Metal seat,0,1,0,22,5.5,3,0.03,Manual,N/A,0,1,0,0,0,0,0,0,0,1,1,0,0,None,1,0,0,Standard,Casting,2,Standard,9,0.72,9,MidTier-India,Domestic,0.49,756660
V01524,Natural Gas,21.1,-2.8,7.99,88.1,ISO Class IV,None,0,0,0,Globe,3,80,300,Full bore,Butt-weld,API 6D,CS/WCB,Carbon steel,SS316,None,Metal seat,0,0,0,0.2,0.2,0.1,0.25,Hydraulic,Fail-open,0,0,0,0,0,0,0,0,0,1,1,0,0,UT+RT,0,0,0,Standard,Casting,3,Standard,5,0.71,20,Imported-Standard,Domestic,0.43,223659
V01525,Water,44.57,49.3,7.83,62.6,ISO Class IV,None,0,0,0,Globe,2,50,600,Reduced port,Flanged,ASME B16.10,A105,Carbon steel,SS410,ENP (Electroless Nickel),PTFE,0,0,0,0.2,0.1,0.05,0.2,Pneumatic,Fail-close,1,0,1,1,0,0,1,0,0,1,0,0,0,None,1,0,1,Full (EN10204 3.1 + QAP/ITP),Casting,4,Standard,9,0.79,15,Imported-Standard,Import,0.35,233688
V01526,Natural Gas,37.23,25.4,2.65,145.4,ISO Class V,None,0,0,0,Gate,4,100,600,Reduced port,Butt-weld,ASME B16.10,CS/WCB,Carbon steel,SS316,None,Metal seat,0,0,0,0.2,0.2,0.1,0.25,Manual,N/A,0,0,0,0,0,0,0,0,0,1,1,0,0,UT,0,0,1,Basic,Casting,1,Tight,8,0.61,9,Generic-India,Domestic,0.62,144550
V01527,Water,67.24,45.8,25.03,16.1,ISO Class IV,None,0,0,0,Globe,0.75,20,600,Full bore,Threaded,ISO 5752,CS/WCB,Carbon steel,SS410,None,PTFE,0,0,0,0.2,0.2,0.1,0.25,Gearbox,N/A,0,0,0,0,0,0,0,0,0,1,1,0,0,None,0,0,0,Standard,Casting,3,Standard,14,0.53,20,Generic-India,Domestic,0.98,55306
V01528,Corrosive (Acid),25.02,151.3,1.52,333.7,ISO Class V,None,0,0,0,Butterfly,14,350,300,Reduced port,Flanged,MSS SP-97,SS316,Stainless steel,SS316,Tungsten carbide,PTFE,0,0,0,17,12,2.5,0.06,Manual,N/A,0,0,0,0,0,0,0,0,0,1,1,0,0,PT,0,0,0,Standard,Forging,3,Tight,6,0.61,20,Imported-Standard,Import,0.23,588539
V01529,Hydrocarbon,73.98,122.2,0.79,192.5,ISO Class III,None,0,0,0,Butterfly,10,250,1500,Reduced port,Lug,ASME B16.10,Bronze,Copper alloy,SS410,ENP (Electroless Nickel),PTFE,0,0,0,0.2,0.8,0.1,0.02,Pneumatic,Fail-open,0,1,1,1,0,0,1,1,0,1,1,0,0,None,1,0,0,Standard,Forging,3,Standard,16,0.77,17,Generic-India,Domestic,0.72,1045485
V01530,Natural Gas,70.63,80.6,9.19,57.1,ISO Class V,None,0,0,0,Ball,1,25,600,Full bore,Socket-weld,ASME B16.10,CS/WCB,Carbon steel,SS316,None,Elastomer (NBR/EPDM),0,0,0,0.2,0.2,0.1,0.25,Gearbox,N/A,0,0,0,1,0,0,0,0,0,1,1,0,1,None,0,0,0,Standard,Casting,2,Tight,6,0.65,7,MidTier-India,Domestic,0.66,101337
V01531,Air,36.9,83.1,1.99,42.4,ISO Class II,None,0,0,0,Ball,0.5,15,600,Full bore,Butt-weld,ASME B16.10,SS316,Stainless steel,SS316,Ceramic coating,Metal seat,0,1,0,17,12,2.5,0.06,Manual,N/A,0,0,0,0,0,0,0,0,0,1,1,1,1,PT+MT,0,1,0,Basic,Casting,2,Standard,8,0.61,11,MidTier-India,Domestic,0.98,90701
V01532,Oxygen,37.49,0.5,4.47,31.7,ISO Class VI,None,0,0,0,Ball,1.5,40,300,Full bore,Flanged,ISO 5752,SS316,Stainless steel,Nickel Alloy 625,Stellite,PTFE,0,1,0,17,12,2.5,0.06,Manual,N/A,0,0,0,0,0,0,0,0,0,1,1,0,0,None,0,0,0,Full (EN10204 3.1 + QAP/ITP),Forging,1,Tight,9,0.75,14,Imported-Standard,Import,0.46,146538
V01533,Water,41.54,20.2,7.07,1222.3,ISO Class III,None,0,0,0,Butterfly,16,400,300,Full bore,Lug,ASME B16.10,CS/WCB,Carbon steel,SS410,None,Metal seat,0,0,0,0.2,0.2,0.1,0.25,Manual,N/A,0,0,0,0,0,0,0,0,0,1,0,0,0,None,0,0,0,Standard,Forging,3,Tight,3,0.55,12,MidTier-India,Domestic,0.98,321913
V01534,Natural Gas,8.34,72,0.05,72.8,ISO Class IV,None,0,0,0,Gate,1.5,40,150,Full bore,Wafer,ASME B16.10,CS/WCB,Carbon steel,SS316,ENP (Electroless Nickel),Elastomer (NBR/EPDM),0,0,0,0.2,0.2,0.1,0.25,Pneumatic,Fail-close,0,0,1,1,0,0,1,0,0,1,1,0,0,None,0,0,0,Standard,Casting,3,Standard,14,0.8,18,MidTier-India,Domestic,0.7,55008
V01535,Hydrocarbon,60.09,24.2,23.23,43.7,ISO Class V,Anti-cavitation trim,1,1,0,Control,2,50,900,Reduced port,Threaded,API 6D,CS/WCB,Carbon steel,SS410,None,Metal seat,1,0,0,0.2,0.2,0.1,0.25,Pneumatic,Fail-open,0,1,1,1,0,1,1,1,0,1,1,0,1,PT+MT,0,0,0,Standard,Forging,5,Tight,8,0.68,13,MidTier-India,Domestic,0.71,535678
V01536,Natural Gas,42.97,163.1,7.67,296.2,ISO Class IV,None,0,0,0,Ball,8,200,600,Full bore,Flanged,ISO 5752,SS316,Stainless steel,Alloy 20,None,PTFE,1,0,0,17,12,2.5,0.06,Manual,N/A,0,0,0,0,0,0,0,0,0,1,0,0,0,MT,1,1,0,Standard,Casting,4,Standard,10,0.95,16,MidTier-India,Domestic,0.89,573171
V01537,Air,20.94,19.8,3.27,208,ISO Class II,None,0,0,0,Gate,10,250,300,Reduced port,Flanged,API 6D,SS316,Stainless steel,SS316,None,PTFE,0,1,0,17,12,2.5,0.06,Manual,N/A,0,0,0,0,0,0,0,0,0,1,1,0,0,PT,0,0,0,Basic,Forging,4,Standard,9,0.83,11,Imported-Standard,Import,0.23,489237
V01538,Air,25.37,19.2,4.98,275.2,ISO Class IV,None,0,0,0,Butterfly,12,300,300,Reduced port,Lug,ASME B16.10,SS304,Stainless steel,Alloy 20,ENP (Electroless Nickel),PEEK,0,0,0,18,8,0.3,0.07,Manual,N/A,0,0,0,0,0,0,0,0,0,1,1,0,0,None,1,0,0,Basic,Casting,2,Standard,7,0.87,5,Imported-Premium,Domestic,0.98,427229
V01539,Corrosive (Acid),91.44,46.2,18.24,34.6,ISO Class IV,None,0,0,0,Ball,1,25,900,Full bore,Lug,ASME B16.10,SS316,Stainless steel,Stellite hardfaced,None,PEEK,0,1,0,17,12,2.5,0.06,Gearbox,N/A,0,1,0,0,0,0,0,0,0,1,1,1,0,None,0,1,1,Standard,Forging,2,Standard,7,0.73,15,Generic-India,Domestic,0.84,169755
V01540,Water,30.82,41.5,3.59,12.1,ISO Class III,None,0,0,0,Check,0.5,15,600,Reduced port,Threaded,API 6D,CS/WCB,Carbon steel,Duplex 2205,ENP (Electroless Nickel),Elastomer (NBR/EPDM),0,0,0,0.2,0.2,0.1,0.25,Manual,N/A,0,0,0,0,0,0,0,0,0,1,0,0,0,None,0,0,0,Standard,Casting,4,Standard,8,0.69,20,Generic-India,Domestic,0.4,26019
V01541,Water,14.66,95.8,3.18,268,ISO Class III,None,0,0,0,Check,8,200,150,Reduced port,Butt-weld,ASME B16.10,SS316,Stainless steel,SS316,None,PTFE,0,0,0,17,12,2.5,0.06,Manual,N/A,0,0,0,0,1,0,0,0,0,1,1,0,0,PT+MT,0,0,0,Basic,Forging,4,Standard,10,0.87,16,Imported-Standard,Import,0.49,273728
V01542,Steam,65.69,164.9,3.96,362.4,ISO Class I,None,0,0,0,Butterfly,14,350,600,Full bore,Flanged,ASME B16.10,CS/WCB,Carbon steel,SS316,None,Metal seat,0,0,0,0.2,0.2,0.1,0.25,Manual,N/A,0,0,0,0,0,0,0,0,0,1,1,1,0,PT,0,0,1,Full (EN10204 3.1 + QAP/ITP),Casting,2,Standard,3,0.67,13,MidTier-India,Domestic,0.77,493663
V01543,Oxygen,59.55,32.3,6.71,51,ISO Class VI,None,0,0,0,Control,1.5,40,600,Full bore,Socket-weld,ISO 5752,SS304,Stainless steel,Nickel Alloy 625,None,PEEK,0,0,0,18,8,0.3,0.07,Pneumatic,Fail-in-place,1,1,1,1,0,1,1,0,0,1,1,0,0,None,0,0,0,Standard,Forging,4,Tight,7,0.7,19,Premium-India,Domestic,0.64,577339
V01544,Water,9.47,66.4,0.99,525.5,ISO Class V,None,0,0,0,Gate,8,200,150,Full bore,Butt-weld,ISO 5752,Duplex 2205,Duplex SS,Alloy 20,Tungsten carbide,Elastomer (NBR/EPDM),0,1,0,22,5.5,3,0.03,Electric,Fail-close,0,0,0,1,0,0,0,0,0,1,1,0,0,UT,1,0,0,Basic,Forging,5,Tight,17,0.79,12,MidTier-India,Domestic,0.92,601290
V01545,Natural Gas,29.1,226.8,1.82,116.6,ISO Class III,None,0,0,0,Globe,4,100,600,Full bore,Flanged,ASME B16.10,A105,Carbon steel,SS316,Stellite,Metal seat,0,0,0,0.2,0.1,0.05,0.2,Pneumatic,Fail-close,0,0,1,1,0,0,1,0,0,1,1,0,0,MT,0,0,0,Basic,Casting,2,Standard,11,0.87,17,Imported-Premium,Import,0.54,518708
V01546,Slurry,18.05,82.4,0.47,101.4,ISO Class VI,None,0,0,0,Gate,3,80,150,Full bore,Flanged,MSS SP-97,SS304,Stainless steel,Nickel Alloy 625,None,PTFE,0,0,1,18,8,0.3,0.07,Gearbox,N/A,0,0,0,0,0,0,0,0,0,1,1,0,0,RT,0,0,1,Full (EN10204 3.1 + QAP/ITP),Casting,3,Tight,7,0.52,16,Imported-Standard,Import,0.14,130300
V01547,Hydrocarbon,24.89,67.1,0.7,12.2,ISO Class V,None,0,0,0,Check,1.5,40,300,Full bore,Butt-weld,ASME B16.10,CS/WCB,Carbon steel,SS316,Stellite,PTFE,1,0,0,0.2,0.2,0.1,0.25,Manual,N/A,0,1,0,0,0,0,0,0,0,1,1,0,0,RT,0,0,1,Standard,Casting,2,Tight,7,0.64,16,Generic-India,Domestic,0.98,80944
V01548,Water,13.96,77.7,1.36,43.7,ISO Class I,None,0,0,0,Needle,1.5,40,150,Full bore,Socket-weld,ISO 5752,CS/WCB,Carbon steel,SS316,ENP (Electroless Nickel),PTFE,0,0,0,0.2,0.2,0.1,0.25,Manual,N/A,0,0,0,0,0,0,0,0,0,1,1,0,0,None,1,0,1,Standard,Casting,4,Standard,7,0.63,17,Imported-Standard,Domestic,0.45,49548
V01549,Natural Gas,43.86,151.5,4.08,156.3,ISO Class IV,None,0,0,0,Gate,3,80,600,Full bore,Flanged,ASME B16.10,CS/WCB,Carbon steel,Stellite hardfaced,None,PTFE,1,0,0,0.2,0.2,0.1,0.25,Manual,N/A,0,0,0,0,0,0,0,0,0,1,1,0,0,PT+MT,0,0,0,Standard,Casting,2,Standard,5,0.78,10,Imported-Standard,Import,0.26,141749
V01550,Hydrocarbon,30.72,227.9,2.94,107.2,ISO Class IV,None,0,0,0,Control,3,80,300,Reduced port,Butt-weld,ISO 5752,CS/WCB,Carbon steel,SS410,None,Metal seat,0,0,0,0.2,0.2,0.1,0.25,Electric,Fail-in-place,0,0,0,1,0,0,0,0,0,1,1,0,0,UT+RT,1,0,0,Standard,Casting,4,Tight,3,0.61,14,Imported-Standard,Import,0.3,438422
V01551,Natural Gas,45.02,19.8,2.29,87.5,ISO Class II,None,0,0,0,Gate,4,100,300,Full bore,Lug,ASME B16.10,CS/WCB,Carbon steel,Stellite hardfaced,None,PTFE,0,0,0,0.2,0.2,0.1,0.25,Gearbox,N/A,0,0,0,0,0,0,0,0,0,1,1,0,1,PT,0,0,0,Standard,Casting,1,Standard,8,0.72,5,MidTier-India,Domestic,0.75,104360
V01552,Steam,56.32,296.2,17.99,212.8,ISO Class III,None,0,0,0,Control,8,200,600,Full bore,Flanged,ASME B16.10,CS/WCB,Carbon steel,Stellite hardfaced,ENP (Electroless Nickel),Metal seat,0,0,0,0.2,0.2,0.1,0.25,Pneumatic,Fail-in-place,1,1,1,1,0,1,1,1,1,1,1,0,0,MT,0,1,0,Full (EN10204 3.1 + QAP/ITP),Casting,3,Tight,8,0.79,22,Generic-India,Domestic,0.79,1099971
V01553,Hydrocarbon,7.94,169.5,2.99,51.7,ISO Class V,Anti-cavitation trim,1,0,1,Control,2,50,150,Full bore,Butt-weld,MSS SP-97,CS/WCB,Carbon steel,Nickel Alloy 625,Ceramic coating,Metal seat,0,0,0,0.2,0.2,0.1,0.25,Pneumatic,Fail-close,1,1,1,1,0,1,1,0,0,1,1,0,0,PT+MT,1,0,0,Basic,Casting,5,Tight,10,0.69,15,Premium-India,Domestic,0.98,346926
V01554,Steam,16.6,350,0.05,18.4,ISO Class IV,None,0,0,0,Check,1,25,150,Full bore,Flanged,API 6D,Alloy Steel F22,Alloy steel,Duplex 2205,ENP (Electroless Nickel),Metal seat,0,0,0,2.25,0.5,1,0.12,Manual,N/A,0,0,0,0,0,0,0,0,0,1,1,1,0,UT,0,1,1,Standard,Forging,1,Standard,11,0.8,14,Generic-India,Domestic,0.5,41916
V01555,Slurry,11.08,83.5,1.07,706.4,ISO Class V,None,0,0,0,Check,16,400,150,Reduced port,Flanged,ISO 5752,CS/WCB,Carbon steel,Nickel Alloy 625,Ceramic coating,PTFE,0,0,1,0.2,0.2,0.1,0.25,Manual,N/A,0,0,0,0,0,0,0,0,0,1,0,0,0,PT+MT,0,0,0,Standard,Casting,3,Tight,12,0.8,8,Generic-India,Domestic,0.98,308485
V01556,Natural Gas,269.36,139.7,48.35,15.7,ISO Class II,None,0,0,0,Gate,1,25,2500,Full bore,Flanged,ASME B16.10,CS/WCB,Carbon steel,Duplex 2205,None,Elastomer (NBR/EPDM),0,0,0,0.2,0.2,0.1,0.25,Pneumatic,Fail-in-place,1,0,1,1,0,0,1,1,0,1,1,0,0,None,0,0,1,Standard,Forging,4,Tight,10,0.73,8,Generic-India,Domestic,0.65,306457
V01557,Steam,26.12,182.7,4.07,187.8,ISO Class VI,None,0,0,0,Control,6,150,300,Full bore,Butt-weld,ASME B16.10,CS/WCB,Carbon steel,SS410,Stellite,Metal seat,0,0,0,0.2,0.2,0.1,0.25,Pneumatic,Fail-close,1,1,1,1,0,1,1,1,0,1,1,0,0,PT,0,0,0,Standard,Casting,5,Tight,2,0.95,20,Generic-India,Domestic,0.87,841495
V01558,Corrosive (Acid),10.44,89.6,0.18,136.7,ISO Class IV,None,0,0,0,Ball,6,150,150,Full bore,Threaded,API 6D,Duplex 2205,Duplex SS,Alloy 20,None,PEEK,0,0,0,22,5.5,3,0.03,Manual,N/A,0,0,0,0,0,0,0,0,0,1,1,0,1,UT,0,0,0,Standard,Casting,5,Standard,6,0.68,9,MidTier-India,Domestic,0.98,256964
V01559,Air,53.03,45.3,1.8,24.6,ISO Class IV,None,0,0,0,Gate,0.75,20,900,Full bore,Socket-weld,API 6D,CS/WCB,Carbon steel,Duplex 2205,None,PTFE,0,0,0,0.2,0.2,0.1,0.25,Manual,N/A,0,0,0,0,0,0,0,0,0,1,0,0,0,None,0,0,0,Basic,Forging,3,Standard,9,0.71,10,MidTier-India,Domestic,0.88,58974
V01560,Hydrocarbon,70.5,223.6,16.34,293.1,ISO Class III,None,0,0,0,Control,8,200,900,Full bore,Butt-weld,ASME B16.10,A105,Carbon steel,SS316,ENP (Electroless Nickel),Metal seat,0,0,0,0.2,0.1,0.05,0.2,Pneumatic,Fail-close,1,1,1,1,0,1,1,1,1,1,1,0,0,UT+RT,0,0,1,Basic,Casting,5,Tight,12,0.8,23,Generic-India,Domestic,0.74,1760168
V01561,Oxygen,3.04,61.6,0.87,133.5,ISO Class VI,None,0,0,0,Control,4,100,150,Full bore,Butt-weld,ASME B16.10,SS316,Stainless steel,SS316,None,Metal seat,0,1,0,17,12,2.5,0.06,Electric,Fail-open,0,0,0,1,0,0,0,0,0,1,0,1,1,UT+RT,1,0,0,Standard,Casting,4,Tight,10,0.55,15,MidTier-India,Domestic,0.72,448285
V01562,Slurry,7.36,70,0.4,51.6,ISO Class IV,None,0,0,0,Ball,3,80,150,Full bore,Threaded,API 6D,CS/WCB,Carbon steel,SS316,Tungsten carbide,PTFE,0,0,1,0.2,0.2,0.1,0.25,Manual,N/A,0,1,0,0,0,0,0,0,0,1,1,0,0,None,0,0,0,Standard,Casting,5,Standard,8,0.59,11,Premium-India,Domestic,0.72,105652
V01563,Hydrocarbon,40,114.4,7.65,27,ISO Class IV,None,0,0,0,Check,1,25,300,Reduced port,Flanged,ISO 5752,CS/WCB,Carbon steel,Stellite hardfaced,None,Metal seat,0,0,0,0.2,0.2,0.1,0.25,Gearbox,N/A,0,0,0,1,0,0,0,0,0,1,1,0,0,UT+RT,0,1,1,Standard,Casting,4,Tight,11,0.86,21,MidTier-India,Domestic,0.7,62346
V01564,Natural Gas,10.58,106.3,1.54,98.1,ISO Class II,None,0,0,0,Check,2,50,600,Full bore,Threaded,ASME B16.10,SS304,Stainless steel,SS316,None,Metal seat,1,0,0,18,8,0.3,0.07,Manual,N/A,0,0,0,1,0,0,0,0,0,1,1,0,0,UT,0,0,0,Basic,Casting,3,Standard,13,0.67,10,Premium-India,Domestic,0.66,144560
V01565,Natural Gas,33.76,140.2,3.94,380.5,ISO Class III,None,0,0,0,Butterfly,14,350,300,Reduced port,Flanged,API 6D,Duplex 2205,Duplex SS,SS316,Ceramic coating,PTFE,0,0,0,22,5.5,3,0.03,Manual,N/A,0,0,0,0,0,0,0,0,0,1,1,0,0,MT,0,1,0,Full (EN10204 3.1 + QAP/ITP),Casting,4,Tight,7,0.77,14,Generic-India,Domestic,0.53,614306
V01566,Steam,25.68,325.9,2.33,28.1,ISO Class V,Low-noise trim,0,1,0,Globe,1,25,300,Reduced port,Socket-weld,API 6D,CS/WCB,Carbon steel,SS316,None,Metal seat,0,0,0,0.2,0.2,0.1,0.25,Manual,N/A,0,1,0,0,0,0,0,0,0,1,1,0,1,None,0,1,0,Basic,Forging,2,Tight,6,0.75,13,MidTier-India,Domestic,0.75,56627
V01567,Air,23.52,72.1,1.45,94,ISO Class II,None,0,0,0,Check,3,80,300,Full bore,Flanged,ASME B16.10,CS/WCB,Carbon steel,Duplex 2205,Ceramic coating,PTFE,0,0,0,0.2,0.2,0.1,0.25,Manual,N/A,0,1,0,0,1,0,0,0,0,1,1,0,0,UT+RT,1,0,0,Basic,Casting,3,Standard,9,0.8,16,MidTier-India,Domestic,0.84,133824
V01568,Natural Gas,6.79,20.1,0.05,434.4,ISO Class II,None,0,0,0,Check,6,150,150,Reduced port,Flanged,API 6D,CS/WCB,Carbon steel,SS316,ENP (Electroless Nickel),PEEK,0,0,0,0.2,0.2,0.1,0.25,Manual,N/A,0,0,0,0,0,0,0,0,0,1,1,1,0,UT+RT,0,0,0,Standard,Forging,1,Standard,12,0.62,20,MidTier-India,Domestic,0.31,117148
V01569,Corrosive (Acid),41.4,115.7,2.47,136.6,ISO Class II,None,0,0,0,Ball,10,250,300,Full bore,Flanged,ASME B16.10,Duplex 2205,Duplex SS,Stellite hardfaced,ENP (Electroless Nickel),Metal seat,0,1,0,22,5.5,3,0.03,Manual,N/A,0,0,0,0,0,0,0,0,0,1,1,0,0,UT,1,0,0,Basic,Casting,2,Tight,14,0.71,15,Premium-India,Domestic,0.49,748089
V01570,Water,120.99,57.3,19.76,21.6,ISO Class III,None,0,0,0,Control,1.5,40,1500,Reduced port,Butt-weld,ISO 5752,CS/WCB,Carbon steel,Alloy 20,None,Metal seat,0,0,0,0.2,0.2,0.1,0.25,Electric,Fail-close,0,0,0,1,0,0,0,0,0,1,1,0,0,None,0,0,1,Standard,Forging,3,Tight,13,0.77,19,Imported-Standard,Import,0.32,450754
V01571,Slurry,23.65,88.7,2.31,102,ISO Class IV,None,0,0,0,Gate,4,100,300,Full bore,Flanged,ISO 5752,CS/WCB,Carbon steel,SS316,None,Metal seat,0,0,0,0.2,0.2,0.1,0.25,Electric,Fail-close,0,0,0,1,0,0,0,0,0,1,1,0,0,None,1,0,0,Standard,Casting,1,Standard,11,0.63,14,Generic-India,Domestic,0.98,225365
V01572,Slurry,85.68,43.9,12.36,331.4,ISO Class IV,None,0,0,0,Butterfly,10,250,600,Reduced port,Flanged,API 6D,SS304,Stainless steel,Stellite hardfaced,None,Elastomer (NBR/EPDM),0,0,0,18,8,0.3,0.07,Manual,N/A,0,0,0,0,0,0,0,0,0,1,0,0,0,PT+MT,0,0,0,Basic,Casting,3,Standard,14,0.69,14,Generic-India,Domestic,0.57,444122
V01573,Oxygen,8.53,70.7,0.2,181.8,ISO Class IV,None,0,0,0,Control,6,150,150,Full bore,Flanged,ISO 5752,SS304,Stainless steel,Alloy 20,Tungsten carbide,PEEK,0,0,0,18,8,0.3,0.07,Pneumatic,Fail-in-place,1,1,1,1,0,1,1,1,0,1,1,0,1,UT,0,0,0,Standard,Casting,3,Tight,10,0.72,18,MidTier-India,Domestic,0.67,845308
V01574,Oxygen,13.32,8.5,2.8,28.2,ISO Class VI,None,0,0,0,Control,1,25,150,Reduced port,Wafer,ASME B16.10,Bronze,Copper alloy,SS410,Ceramic coating,PTFE,0,0,0,0.2,0.8,0.1,0.02,Pneumatic,Fail-in-place,1,1,1,1,0,1,1,0,0,1,1,0,0,UT,1,0,0,Standard,Forging,5,Tight,8,0.69,22,Imported-Standard,Import,0.17,189254
V01575,Hydrocarbon,64.51,7.9,24.43,54.8,ISO Class IV,Anti-cavitation trim,1,0,0,Control,2,50,900,Full bore,Butt-weld,ASME B16.10,CS/WCB,Carbon steel,Stellite hardfaced,Tungsten carbide,Elastomer (NBR/EPDM),0,0,0,0.2,0.2,0.1,0.25,Pneumatic,Fail-open,1,1,1,1,0,1,1,1,0,1,1,0,0,None,0,0,1,Standard,Forging,4,Tight,6,0.73,25,MidTier-India,Domestic,0.7,633534
V01576,Water,41.48,52.4,17.48,230.9,ISO Class V,None,0,0,0,Control,6,150,600,Reduced port,Flanged,ASME B16.10,SS304,Stainless steel,Duplex 2205,Ceramic coating,Metal seat,0,0,0,18,8,0.3,0.07,Pneumatic,Fail-in-place,0,1,1,1,0,1,1,1,0,1,1,0,1,PT+MT,1,1,0,Basic,Casting,5,Tight,9,0.72,19,MidTier-India,Domestic,0.48,1825211
V01577,Natural Gas,81.17,218.9,36.3,78.6,ISO Class V,Low-noise trim,0,1,1,Control,4,100,900,Reduced port,Socket-weld,ASME B16.10,SS316,Stainless steel,SS316,None,Metal seat,0,1,0,17,12,2.5,0.06,Pneumatic,Fail-in-place,1,1,1,1,0,1,1,1,0,1,1,1,0,UT,0,0,1,Full (EN10204 3.1 + QAP/ITP),Forging,5,Tight,7,0.8,24,Generic-India,Domestic,0.98,1327248
V01578,Water,74.72,3.2,33.21,74.3,ISO Class IV,Anti-cavitation trim,1,1,1,Control,3,80,600,Full bore,Butt-weld,ASME B16.10,Bronze,Copper alloy,Alloy 20,None,Elastomer (NBR/EPDM),0,0,0,0.2,0.8,0.1,0.02,Pneumatic,Fail-open,1,1,1,1,0,1,1,0,0,1,1,0,0,None,1,0,0,Basic,Forging,4,Tight,2,0.67,29,Imported-Premium,Import,0.46,1104539
V01579,Natural Gas,113.42,133.4,2.73,67.2,ISO Class IV,None,0,0,0,Check,2,50,900,Reduced port,Butt-weld,ASME B16.10,SS304,Stainless steel,SS316,Stellite,PTFE,0,0,0,18,8,0.3,0.07,Gearbox,N/A,0,0,0,0,0,0,0,0,0,1,1,0,0,PT+MT,0,0,0,Standard,Forging,5,Standard,9,0.71,25,Generic-India,Domestic,0.98,273820
V01580,Hydrocarbon,92.89,171.1,11.68,73.6,ISO Class V,None,0,0,0,Butterfly,6,150,900,Reduced port,Wafer,ASME B16.10,Bronze,Copper alloy,Duplex 2205,ENP (Electroless Nickel),Elastomer (NBR/EPDM),1,0,0,0.2,0.8,0.1,0.02,Electric,Fail-close,0,0,0,1,0,0,0,0,0,1,1,0,0,MT,1,0,0,Standard,Forging,3,Tight,8,0.66,13,Generic-India,Domestic,0.44,395117
V01581,Water,197.46,61.6,0.05,37.9,ISO Class I,None,0,0,0,Ball,1.5,40,1500,Full bore,Flanged,API 6D,SS316,Stainless steel,SS410,None,Metal seat,0,1,0,17,12,2.5,0.06,Manual,N/A,0,0,0,0,0,0,0,0,0,1,1,0,0,None,0,0,0,Standard,Forging,4,Standard,11,0.87,19,Generic-India,Domestic,0.48,242796
V01582,Water,8.92,15.3,0.05,22.8,ISO Class V,None,0,0,0,Gate,1,25,150,Full bore,Flanged,ISO 5752,SS304,Stainless steel,Nickel Alloy 625,None,Metal seat,0,0,0,18,8,0.3,0.07,Pneumatic,Fail-open,1,0,1,1,1,0,1,0,0,1,0,0,0,None,1,0,0,Standard,Casting,2,Tight,9,0.85,17,Imported-Standard,Import,0.46,123279
V01583,Oxygen,12.51,35.5,0.67,115.4,ISO Class VI,None,0,0,0,Gate,1.5,40,150,Full bore,Threaded,ISO 5752,SS304,Stainless steel,Stellite hardfaced,None,PEEK,0,0,0,18,8,0.3,0.07,Manual,N/A,0,0,1,0,0,0,0,0,0,1,0,0,0,PT+MT,0,1,0,Basic,Forging,1,Tight,2,0.77,13,Imported-Standard,Import,0.13,73164
V01584,Water,19.56,72.3,2.99,68.5,ISO Class V,None,0,0,0,Ball,1,25,300,Full bore,Wafer,ASME B16.10,Bronze,Copper alloy,SS316,None,PEEK,0,0,0,0.2,0.8,0.1,0.02,Gearbox,N/A,0,0,0,1,0,0,0,0,0,1,0,1,0,PT+MT,1,0,0,Full (EN10204 3.1 + QAP/ITP),Casting,1,Tight,4,0.55,20,Generic-India,Domestic,0.83,82618
V01585,Steam,60.32,216.6,0.77,495.1,ISO Class II,None,0,0,0,Butterfly,12,300,600,Full bore,Lug,ASME B16.10,CS/WCB,Carbon steel,SS316,None,Metal seat,0,0,0,0.2,0.2,0.1,0.25,Manual,N/A,0,0,0,0,0,0,0,0,0,1,1,0,0,None,0,0,0,Full (EN10204 3.1 + QAP/ITP),Casting,3,Standard,4,0.79,12,Imported-Standard,Import,0.38,394443
V01586,Water,36.23,55.5,0.98,454.3,ISO Class III,None,0,0,0,Butterfly,12,300,300,Reduced port,Wafer,ASME B16.10,CS/WCB,Carbon steel,Stellite hardfaced,Tungsten carbide,PEEK,0,0,0,0.2,0.2,0.1,0.25,Pneumatic,Fail-in-place,0,0,1,1,0,0,1,1,0,1,0,1,0,PT+MT,0,1,0,Basic,Forging,3,Standard,10,0.84,11,MidTier-India,Domestic,0.88,351973
V01587,Steam,53.9,203.5,8.99,61,ISO Class V,None,0,0,0,Ball,2,50,600,Reduced port,Flanged,ISO 5752,A105,Carbon steel,SS316,None,Metal seat,0,0,0,0.2,0.1,0.05,0.2,Pneumatic,Fail-open,1,0,1,1,0,0,1,0,0,1,0,1,0,PT,0,1,0,Standard,Casting,4,Tight,3,0.68,10,Generic-India,Domestic,0.98,248135
V01588,Hydrocarbon,28.72,128.9,0.33,124.8,ISO Class IV,None,0,0,0,Control,6,150,300,Reduced port,Flanged,API 6D,CS/WCB,Carbon steel,Stellite hardfaced,Stellite,Metal seat,0,0,0,0.2,0.2,0.1,0.25,Pneumatic,Fail-close,0,1,1,1,0,1,1,1,0,1,1,0,0,PT+MT,0,1,0,Basic,Forging,4,Tight,8,0.44,20,Generic-India,Domestic,0.87,838643
V01589,Steam,57.01,296.9,4.41,134.1,ISO Class VI,None,0,0,0,Ball,2,50,900,Full bore,Threaded,MSS SP-97,SS316,Stainless steel,Stellite hardfaced,ENP (Electroless Nickel),Metal seat,0,0,0,17,12,2.5,0.06,Electric,Fail-open,0,0,0,1,0,0,0,0,0,1,0,0,0,UT,0,0,1,Standard,Forging,3,Tight,2,0.82,12,MidTier-India,Domestic,0.67,375707
V01590,Slurry,16,44.4,2.79,269.7,ISO Class I,None,0,0,0,Gate,10,250,150,Reduced port,Butt-weld,API 6D,SS304,Stainless steel,SS316,None,PTFE,0,0,0,18,8,0.3,0.07,Manual,N/A,0,0,0,0,0,0,0,0,0,0,1,0,1,PT,1,0,1,Full (EN10204 3.1 + QAP/ITP),Casting,2,Standard,12,0.71,14,Generic-India,Domestic,0.49,228914
V01591,Natural Gas,159.93,29.1,27.05,21.6,ISO Class V,None,0,0,0,Control,1,25,1500,Full bore,Flanged,API 6D,CS/WCB,Carbon steel,SS316,None,PTFE,0,0,0,0.2,0.2,0.1,0.25,Electric,Fail-close,0,0,0,1,0,0,0,0,0,1,1,0,0,PT,0,0,0,Standard,Forging,4,Tight,14,0.68,17,Premium-India,Domestic,0.66,329079
V01592,Water,9.23,43.1,0.78,74.3,ISO Class I,None,0,0,0,Check,1.5,40,150,Reduced port,Flanged,ASME B16.10,SS304,Stainless steel,Stellite hardfaced,Ceramic coating,Metal seat,0,0,0,18,8,0.3,0.07,Manual,N/A,0,1,0,0,0,0,0,0,0,1,0,0,1,None,0,0,1,Standard,Casting,3,Tight,11,0.85,15,MidTier-India,Domestic,0.83,106237
V01593,Natural Gas,53.55,294.9,2.64,41.9,ISO Class IV,None,0,0,0,Check,1.5,40,900,Reduced port,Socket-weld,ISO 5752,SS304,Stainless steel,SS410,None,Metal seat,0,0,0,18,8,0.3,0.07,Pneumatic,Fail-open,1,0,1,1,0,0,1,1,0,1,1,0,0,UT+RT,0,0,1,Standard,Forging,2,Standard,4,0.84,25,Imported-Standard,Import,0.26,378072
V01594,Water,30.07,75,6.41,389.6,ISO Class II,None,0,0,0,Check,6,150,300,Full bore,Flanged,API 6D,CS/WCB,Carbon steel,SS316,ENP (Electroless Nickel),PTFE,0,0,0,0.2,0.2,0.1,0.25,Manual,N/A,0,0,0,0,0,0,0,0,0,0,1,0,0,PT,0,0,0,Standard,Casting,3,Standard,10,0.8,14,Imported-Standard,Import,0.19,181326
V01595,Water,77.18,81.3,5.21,294.7,ISO Class II,None,0,0,0,Check,8,200,600,Full bore,Flanged,ASME B16.10,CS/WCB,Carbon steel,Stellite hardfaced,ENP (Electroless Nickel),PTFE,0,0,0,0.2,0.2,0.1,0.25,Gearbox,N/A,0,0,0,0,0,0,0,0,0,1,1,0,0,UT+RT,1,0,1,Standard,Casting,4,Standard,3,0.67,24,Generic-India,Domestic,0.81,367012
V01596,Water,29.13,75.5,0.05,141.8,ISO Class VI,None,0,0,0,Ball,4,100,300,Full bore,Threaded,ASME B16.10,CS/WCB,Carbon steel,SS410,None,Metal seat,0,0,0,0.2,0.2,0.1,0.25,Manual,N/A,0,0,0,1,0,0,0,0,0,1,1,0,1,UT,0,0,0,Basic,Forging,3,Tight,3,0.73,13,MidTier-India,Domestic,0.75,152149
V01597,Oxygen,6.96,-3.6,1.02,67.5,ISO Class IV,None,0,0,0,Control,2,50,150,Full bore,Flanged,API 6D,SS316,Stainless steel,SS316,None,PTFE,0,1,0,17,12,2.5,0.06,Pneumatic,Fail-in-place,0,1,1,1,0,1,1,0,0,1,1,0,0,MT,0,0,0,Standard,Casting,4,Tight,8,0.6,17,Premium-India,Domestic,0.9,374334
V01598,Slurry,8.82,0,0.35,527.1,ISO Class III,None,0,0,0,Butterfly,20,500,150,Full bore,Lug,ISO 5752,CS/WCB,Carbon steel,Stellite hardfaced,None,Elastomer (NBR/EPDM),0,0,0,0.2,0.2,0.1,0.25,Manual,N/A,0,1,0,0,0,0,0,0,0,1,0,1,0,PT,0,0,0,Basic,Casting,2,Tight,7,0.82,14,Generic-India,Domestic,0.95,195340
V01599,Hydrocarbon,9.41,-15.7,0.51,122.7,ISO Class II,None,0,0,0,Gate,6,150,150,Full bore,Lug,ASME B16.10,CS/WCB,Carbon steel,SS316,None,Metal seat,0,0,0,0.2,0.2,0.1,0.25,Manual,N/A,0,0,0,0,0,0,0,0,0,1,1,0,0,PT+MT,0,0,0,Standard,Forging,5,Standard,9,0.84,12,Imported-Standard,Domestic,0.55,135576
V01600,Steam,91.46,328.6,9.58,221.3,ISO Class VI,None,0,0,0,Butterfly,8,200,900,Reduced port,Wafer,ISO 5752,CS/WCB,Carbon steel,Nickel Alloy 625,Tungsten carbide,Metal seat,0,0,0,0.2,0.2,0.1,0.25,Pneumatic,Fail-close,1,0,1,1,0,0,1,1,1,1,1,1,0,RT,1,0,0,Basic,Casting,3,Tight,8,0.95,20,MidTier-India,Domestic,0.8,689120
V01601,Natural Gas,61.6,154.6,3.4,403.2,ISO Class I,None,0,0,0,Butterfly,18,450,600,Reduced port,Flanged,ASME B16.10,SS316,Stainless steel,SS410,None,Elastomer (NBR/EPDM),0,1,0,17,12,2.5,0.06,Manual,N/A,0,1,0,0,1,0,0,0,0,1,1,0,1,RT,0,0,0,Basic,Casting,4,Standard,8,0.83,22,Generic-India,Domestic,0.85,840344
V01602,Water,48.45,55.2,0.71,230.9,ISO Class IV,None,0,0,0,Check,8,200,300,Reduced port,Flanged,ASME B16.10,A105,Carbon steel,Stellite hardfaced,None,Metal seat,0,0,0,0.2,0.1,0.05,0.2,Manual,N/A,0,0,0,0,0,0,0,0,0,1,1,0,0,None,0,0,0,Basic,Casting,5,Standard,4,0.63,20,Imported-Standard,Import,0.31,273577
V01603,Oxygen,75.81,18.5,2.25,46.1,ISO Class V,None,0,0,0,Control,3,80,600,Reduced port,Flanged,MSS SP-97,SS316,Stainless steel,SS410,None,PTFE,0,1,0,17,12,2.5,0.06,Hydraulic,Fail-close,0,0,0,0,0,0,0,0,0,1,0,0,0,None,0,1,1,Standard,Casting,5,Tight,9,0.64,15,Imported-Standard,Domestic,0.97,752996
V01604,Water,65.9,20.2,12.84,42.2,ISO Class VI,None,0,0,0,Control,1.5,40,900,Full bore,Butt-weld,ASME B16.10,CS/WCB,Carbon steel,SS316,Ceramic coating,PEEK,0,0,0,0.2,0.2,0.1,0.25,Pneumatic,Fail-close,0,1,1,1,0,1,1,1,0,1,1,0,0,None,1,1,0,Standard,Forging,5,Tight,9,0.71,25,MidTier-India,Domestic,0.89,503254
V01605,Water,18.05,49.4,5.15,45.5,ISO Class III,None,0,0,0,Control,1.5,40,150,Full bore,Flanged,ASME B16.10,CS/WCB,Carbon steel,SS316,None,PEEK,0,0,0,0.2,0.2,0.1,0.25,Electric,Fail-open,0,0,0,1,0,0,0,0,0,0,1,1,0,UT,0,0,0,Standard,Casting,4,Tight,13,0.65,25,Generic-India,Domestic,0.95,142378
V01606,Air,74.5,68.3,7.56,17,ISO Class V,None,0,0,0,Check,0.75,20,900,Reduced port,Butt-weld,API 6D,CS/WCB,Carbon steel,Stellite hardfaced,Tungsten carbide,Elastomer (NBR/EPDM),0,0,0,0.2,0.2,0.1,0.25,Manual,N/A,0,1,1,0,0,0,0,0,0,1,0,0,0,None,1,0,0,Standard,Forging,5,Tight,10,0.71,12,MidTier-India,Domestic,0.82,89062
V01607,Air,26.83,59.4,3.2,136.3,ISO Class II,None,0,0,0,Check,12,300,600,Full bore,Flanged,ASME B16.10,A105,Carbon steel,SS316,None,Metal seat,0,0,0,0.2,0.1,0.05,0.2,Manual,N/A,0,0,0,0,0,0,0,0,0,1,1,0,0,RT,1,0,0,Full (EN10204 3.1 + QAP/ITP),Casting,3,Standard,10,0.79,18,Imported-Standard,Import,0.3,429265
V01608,Slurry,57.64,92.8,20.49,225.8,ISO Class VI,Anti-cavitation trim,1,1,1,Control,6,150,1500,Reduced port,Flanged,ASME B16.10,SS316,Stainless steel,Duplex 2205,None,Metal seat,0,1,1,17,12,2.5,0.06,Pneumatic,Fail-open,1,1,1,1,1,1,1,1,0,1,1,0,1,None,0,0,1,Basic,Forging,3,Tight,12,0.54,19,Premium-India,Domestic,0.88,2800000
V01609,Hydrocarbon,77.54,59.4,1.94,24,ISO Class II,None,0,0,0,Ball,1,25,900,Full bore,Threaded,API 6D,CS/WCB,Carbon steel,Nickel Alloy 625,None,Metal seat,0,0,0,0.2,0.2,0.1,0.25,Manual,N/A,0,0,0,0,0,0,0,0,0,1,1,0,0,RT,0,0,0,Full (EN10204 3.1 + QAP/ITP),Forging,5,Standard,10,0.85,13,MidTier-India,Domestic,0.75,96789
V01610,Natural Gas,23.41,99.6,0.92,160.7,ISO Class V,None,0,0,0,Check,6,150,300,Full bore,Butt-weld,ISO 5752,CS/WCB,Carbon steel,Nickel Alloy 625,Stellite,Metal seat,0,0,0,0.2,0.2,0.1,0.25,Pneumatic,Fail-open,0,0,1,1,1,0,1,1,0,1,1,0,0,None,1,1,0,Standard,Casting,3,Tight,6,0.75,15,Generic-India,Domestic,0.71,339245
V01611,Natural Gas,58.03,84.7,4.8,536.8,ISO Class III,None,0,0,0,Butterfly,10,250,600,Reduced port,Flanged,API 6D,CS/WCB,Carbon steel,SS316,None,Elastomer (NBR/EPDM),1,0,0,0.2,0.2,0.1,0.25,Manual,N/A,0,0,1,0,1,0,0,0,0,1,0,1,0,PT,0,0,1,Basic,Casting,1,Tight,15,0.71,16,Generic-India,Domestic,0.6,338677
V01612,Natural Gas,224.14,92.4,10.19,43.5,ISO Class V,None,0,0,0,Ball,1.5,40,2500,Reduced port,Flanged,MSS SP-97,A105,Carbon steel,Stellite hardfaced,Tungsten carbide,PTFE,0,0,0,0.2,0.1,0.05,0.2,Gearbox,N/A,0,0,0,0,0,0,0,0,0,1,1,0,0,MT,0,0,0,Standard,Forging,4,Tight,11,0.72,10,Imported-Standard,Import,0.23,300921
V01613,Natural Gas,32.28,166.4,4.13,24.5,ISO Class II,None,0,0,0,Check,0.75,20,300,Full bore,Threaded,ASME B16.10,SS316,Stainless steel,Duplex 2205,None,Elastomer (NBR/EPDM),0,1,0,17,12,2.5,0.06,Manual,N/A,0,0,0,0,1,0,0,0,0,1,1,0,0,None,1,0,1,Basic,Casting,3,Standard,7,0.51,13,Premium-India,Domestic,0.67,45310
V01614,Natural Gas,114.21,129.5,1.37,35.7,ISO Class V,None,0,0,0,Gate,1.5,40,1500,Full bore,Socket-weld,ASME B16.10,SS304,Stainless steel,SS316,None,Elastomer (NBR/EPDM),0,0,0,18,8,0.3,0.07,Pneumatic,Fail-close,1,0,1,1,0,0,1,1,0,1,1,0,0,PT+MT,1,0,0,Basic,Forging,5,Tight,6,0.58,10,Imported-Premium,Import,0.32,571967
V01615,Corrosive (Acid),33.32,147.6,4.35,155.8,ISO Class II,None,0,0,0,Gate,3,80,300,Full bore,Threaded,ASME B16.10,SS316,Stainless steel,Duplex 2205,None,PTFE,0,1,0,17,12,2.5,0.06,Gearbox,N/A,0,0,0,0,0,0,0,0,0,1,1,0,0,None,1,0,1,Standard,Casting,1,Standard,7,0.78,18,MidTier-India,Domestic,0.98,173137
V01616,Natural Gas,36.28,304.4,3.11,575.1,ISO Class IV,None,0,0,0,Ball,20,500,300,Full bore,Butt-weld,ASME B16.10,CS/WCB,Carbon steel,Stellite hardfaced,ENP (Electroless Nickel),Metal seat,0,0,0,0.2,0.2,0.1,0.25,Pneumatic,Fail-close,1,1,1,1,0,0,1,1,1,1,1,1,1,UT,0,0,0,Standard,Casting,3,Tight,5,0.73,5,Imported-Premium,Import,0.27,1921921
V01617,Water,110.3,77.8,2.45,250.1,ISO Class V,None,0,0,0,Gate,3,80,900,Full bore,Threaded,ASME B16.10,A105,Carbon steel,Stellite hardfaced,Tungsten carbide,Metal seat,0,0,0,0.2,0.1,0.05,0.2,Electric,Fail-open,0,0,0,1,0,0,0,0,0,1,1,0,0,MT,0,0,1,Standard,Forging,3,Tight,9,0.53,11,MidTier-India,Domestic,0.96,361419
V01618,Corrosive (Acid),29.04,91.4,0.05,125.4,ISO Class IV,None,0,0,0,Check,4,100,300,Full bore,Butt-weld,ASME B16.10,SS316,Stainless steel,Alloy 20,None,PEEK,0,1,0,17,12,2.5,0.06,Manual,N/A,0,0,0,0,0,0,0,0,0,1,1,0,0,None,0,0,0,Basic,Casting,5,Standard,11,0.7,22,Premium-India,Domestic,0.5,215119
V01619,Water,16.82,64.4,1.05,383.3,ISO Class II,None,0,0,0,Ball,12,300,150,Reduced port,Flanged,ASME B16.10,CS/WCB,Carbon steel,SS316,None,Metal seat,0,0,0,0.2,0.2,0.1,0.25,Manual,N/A,0,0,0,0,0,0,0,0,0,1,1,0,0,None,0,0,0,Standard,Casting,2,Tight,9,0.74,14,Generic-India,Domestic,0.52,220294
V01620,Water,8.64,25.4,1.35,2086.6,ISO Class IV,None,0,0,0,Butterfly,24,600,150,Reduced port,Wafer,ASME B16.10,CS/WCB,Carbon steel,SS316,None,Elastomer (NBR/EPDM),0,0,0,0.2,0.2,0.1,0.25,Manual,N/A,0,0,0,0,0,0,0,0,0,1,1,0,0,None,1,0,0,Standard,Casting,5,Standard,10,0.69,14,MidTier-India,Domestic,0.83,214899
V01621,Natural Gas,80.31,-20,5,375.7,ISO Class II,None,0,0,0,Check,8,200,600,Full bore,Butt-weld,API 6D,A105,Carbon steel,SS316,None,PTFE,0,0,0,0.2,0.1,0.05,0.2,Gearbox,N/A,0,1,0,1,0,0,0,0,0,1,1,0,0,UT,1,0,0,Standard,Casting,2,Standard,7,0.79,22,MidTier-India,Domestic,0.49,311879
V01622,Air,96.83,11.6,0.05,10.6,ISO Class II,None,0,0,0,Gate,0.5,15,1500,Full bore,Wafer,API 6D,Duplex 2205,Duplex SS,Nickel Alloy 625,None,Elastomer (NBR/EPDM),0,1,0,22,5.5,3,0.03,Pneumatic,Fail-open,0,0,1,1,0,0,1,1,0,1,1,0,0,None,0,0,1,Full (EN10204 3.1 + QAP/ITP),Forging,5,Standard,10,0.72,9,MidTier-India,Domestic,0.88,241980
V01623,Hydrocarbon,39.8,240.7,4.05,462,ISO Class IV,None,0,0,0,Butterfly,14,350,600,Reduced port,Wafer,ASME B16.10,A105,Carbon steel,SS316,None,PEEK,0,0,0,0.2,0.1,0.05,0.2,Manual,N/A,0,0,0,0,0,0,0,0,0,1,1,0,0,None,0,0,1,Standard,Casting,3,Standard,9,0.94,17,Generic-India,Domestic,0.86,291777
V01624,Corrosive (Acid),35.75,32.2,3.09,479.5,ISO Class III,None,0,0,0,Butterfly,4,100,300,Full bore,Wafer,API 6D,SS316,Stainless steel,SS316,None,PTFE,0,0,0,17,12,2.5,0.06,Manual,N/A,0,0,0,0,0,0,0,0,0,1,1,0,0,None,1,0,0,Standard,Casting,1,Standard,9,0.75,13,Imported-Standard,Import,0.32,141032
V01625,Air,25.74,55.5,1.31,325.5,ISO Class III,None,0,0,0,Gate,4,100,300,Reduced port,Socket-weld,ASME B16.10,SS316,Stainless steel,SS316,ENP (Electroless Nickel),Elastomer (NBR/EPDM),0,1,0,17,12,2.5,0.06,Electric,Fail-open,0,0,0,1,0,0,0,0,0,1,1,0,0,UT+RT,1,0,1,Full (EN10204 3.1 + QAP/ITP),Casting,3,Standard,10,0.64,19,Premium-India,Domestic,0.9,405220
V01626,Hydrocarbon,37.24,67.3,6.75,278.7,ISO Class III,None,0,0,0,Butterfly,12,300,600,Full bore,Wafer,ASME B16.10,SS304,Stainless steel,SS410,Stellite,PEEK,0,0,0,18,8,0.3,0.07,Manual,N/A,0,1,0,0,0,0,0,0,0,1,1,1,0,PT,1,1,0,Full (EN10204 3.1 + QAP/ITP),Casting,4,Standard,5,0.84,11,Imported-Standard,Import,0.21,768518
V01627,Water,114.83,60.1,29.9,34.1,ISO Class IV,None,0,0,0,Control,2,50,1500,Full bore,Butt-weld,ISO 5752,A105,Carbon steel,Stellite hardfaced,None,Elastomer (NBR/EPDM),0,0,0,0.2,0.1,0.05,0.2,Manual,N/A,0,0,0,0,0,0,0,0,0,1,1,0,0,MT,1,1,0,Standard,Forging,4,Tight,8,0.82,21,Premium-India,Domestic,0.8,410061
V01628,Slurry,26.6,31.7,8.96,33.6,ISO Class IV,None,0,0,0,Control,2,50,300,Full bore,Flanged,ASME B16.10,SS316,Stainless steel,Duplex 2205,Stellite,Metal seat,0,0,1,17,12,2.5,0.06,Electric,Fail-close,0,1,0,1,0,0,0,0,0,1,0,0,0,MT,1,0,0,Standard,Casting,4,Tight,6,0.64,22,MidTier-India,Domestic,0.97,584464
V01629,Water,93.41,43.6,0.05,386.4,ISO Class II,None,0,0,0,Ball,10,250,900,Reduced port,Butt-weld,ASME B16.10,CS/WCB,Carbon steel,Stellite hardfaced,None,PEEK,0,0,0,0.2,0.2,0.1,0.25,Manual,N/A,0,0,0,0,0,0,0,0,0,1,1,0,0,None,0,0,1,Full (EN10204 3.1 + QAP/ITP),Casting,1,Standard,2,0.7,15,Imported-Standard,Import,0.28,705855
V01630,Oxygen,64.58,32.5,10.54,529.9,ISO Class V,None,0,0,0,Butterfly,8,200,600,Full bore,Wafer,ASME B16.10,SS316,Stainless steel,Stellite hardfaced,Stellite,PTFE,0,0,0,17,12,2.5,0.06,Manual,N/A,0,0,0,0,0,0,0,0,0,1,1,0,0,PT+MT,0,1,0,Basic,Forging,4,Tight,6,0.65,7,MidTier-India,Domestic,0.74,361068
V01631,Natural Gas,50.06,138.2,0.2,192.8,ISO Class V,None,0,0,0,Control,12,300,600,Reduced port,Flanged,ISO 5752,CS/WCB,Carbon steel,Nickel Alloy 625,None,PTFE,0,0,0,0.2,0.2,0.1,0.25,Manual,N/A,0,0,0,0,0,0,0,0,0,1,1,0,0,UT,0,0,0,Standard,Forging,3,Tight,8,0.66,22,Generic-India,Domestic,0.61,495050
V01632,Corrosive (Acid),8.62,69.3,1.75,156,ISO Class IV,None,0,0,0,Control,6,150,150,Reduced port,Flanged,ISO 5752,SS316,Stainless steel,SS316,Ceramic coating,PTFE,0,1,0,17,12,2.5,0.06,Pneumatic,Fail-in-place,1,1,1,1,0,1,1,1,0,1,1,0,1,None,1,0,1,Standard,Forging,5,Tight,10,0.64,12,Generic-India,Domestic,0.83,757247
V01633,Natural Gas,153,194.8,28.11,366.6,ISO Class I,None,0,0,0,Ball,10,250,1500,Reduced port,Flanged,ASME B16.10,SS304,Stainless steel,Stellite hardfaced,ENP (Electroless Nickel),Elastomer (NBR/EPDM),1,0,0,18,8,0.3,0.07,Manual,N/A,0,0,0,0,0,0,0,0,0,1,1,1,0,None,1,0,0,Standard,Casting,4,Standard,6,0.72,12,MidTier-India,Domestic,0.82,1392365
V01634,Water,11.3,26.6,0.68,133.4,ISO Class V,None,0,0,0,Control,3,80,150,Reduced port,Butt-weld,ISO 5752,SS304,Stainless steel,SS316,Tungsten carbide,PTFE,0,0,0,18,8,0.3,0.07,Gearbox,N/A,0,0,1,0,0,0,0,0,0,1,0,0,0,None,1,0,0,Basic,Casting,5,Tight,9,0.68,24,Generic-India,Domestic,0.83,218272
V01635,Slurry,74.26,40.7,0.2,22.1,ISO Class I,None,0,0,0,Needle,1,25,900,Full bore,Socket-weld,API 6D,CS/WCB,Carbon steel,Stellite hardfaced,Tungsten carbide,PTFE,0,0,0,0.2,0.2,0.1,0.25,Electric,Fail-close,0,0,0,1,0,0,0,0,0,1,0,0,0,MT,0,0,0,Standard,Forging,2,Standard,7,0.72,23,Generic-India,Domestic,0.81,138900
V01636,Air,97.8,71.8,10.49,743.5,ISO Class IV,None,0,0,0,Butterfly,20,500,900,Full bore,Lug,ASME B16.10,A105,Carbon steel,Duplex 2205,ENP (Electroless Nickel),Metal seat,0,0,0,0.2,0.1,0.05,0.2,Pneumatic,Fail-close,1,0,1,1,0,0,1,1,1,1,0,0,0,None,0,0,1,Standard,Casting,4,Tight,2,0.95,22,Imported-Standard,Import,0.38,1534222
V01637,Steam,39.16,178.4,4.39,330.9,ISO Class III,None,0,0,0,Butterfly,18,450,300,Reduced port,Lug,ASME B16.10,A105,Carbon steel,Stellite hardfaced,None,Metal seat,0,0,0,0.2,0.1,0.05,0.2,Gearbox,N/A,0,0,0,0,0,0,0,0,0,1,1,0,1,MT,1,0,0,Full (EN10204 3.1 + QAP/ITP),Casting,5,Standard,4,0.73,5,MidTier-India,Domestic,0.74,402991
V01638,Natural Gas,192.45,90.2,28.54,165.3,ISO Class IV,None,0,0,0,Butterfly,8,200,1500,Full bore,Wafer,ASME B16.10,Duplex 2205,Duplex SS,Stellite hardfaced,ENP (Electroless Nickel),Metal seat,1,0,0,22,5.5,3,0.03,Manual,N/A,0,0,0,0,0,0,0,0,0,1,1,0,0,MT,0,0,1,Full (EN10204 3.1 + QAP/ITP),Casting,4,Standard,9,0.78,16,Generic-India,Domestic,0.89,795540
V01639,Corrosive (Acid),68.24,35.1,7.05,50.6,ISO Class I,None,0,0,0,Check,0.75,20,600,Reduced port,Socket-weld,API 6D,Nickel Alloy 625,Nickel alloy,SS316,None,PEEK,0,1,0,21.5,60,9,0.02,Electric,Fail-in-place,0,0,0,1,0,0,0,0,0,1,1,0,0,None,0,1,0,Standard,Casting,2,Standard,11,0.9,18,Premium-India,Domestic,0.77,285302
V01640,Steam,42.6,196.7,0.05,191.8,ISO Class V,None,0,0,0,Ball,3,80,600,Full bore,Flanged,ASME B16.10,CS/WCB,Carbon steel,SS316,None,Metal seat,0,0,0,0.2,0.2,0.1,0.25,Manual,N/A,0,0,0,0,1,0,0,0,0,1,0,1,0,PT,0,0,0,Standard,Forging,4,Tight,5,0.75,20,Premium-India,Domestic,0.95,220414
V01641,Corrosive (Acid),1,99.8,0.05,260,ISO Class VI,None,0,0,0,Gate,6,150,150,Full bore,Flanged,MSS SP-97,SS316,Stainless steel,Nickel Alloy 625,ENP (Electroless Nickel),PTFE,0,1,0,17,12,2.5,0.06,Manual,N/A,0,0,0,0,0,0,0,0,0,1,1,0,0,None,0,1,0,Standard,Casting,4,Tight,11,0.93,20,Generic-India,Domestic,0.98,261918
V01642,Natural Gas,15.46,117.1,0.05,50,ISO Class II,None,0,0,0,Check,0.5,15,150,Reduced port,Flanged,API 6D,CS/WCB,Carbon steel,SS316,None,PTFE,0,0,0,0.2,0.2,0.1,0.25,Pneumatic,Fail-close,0,0,1,1,0,0,1,0,0,1,1,0,1,None,0,0,0,Standard,Casting,3,Standard,12,0.65,19,MidTier-India,Domestic,0.26,28074
V01643,Natural Gas,54.29,152.4,22.3,51.1,ISO Class VI,Anti-cavitation trim,1,1,0,Control,3,80,600,Reduced port,Flanged,ASME B16.10,Duplex 2205,Duplex SS,Stellite hardfaced,Stellite,PTFE,0,0,0,22,5.5,3,0.03,Manual,N/A,0,0,0,0,0,0,0,0,0,1,1,0,0,MT,0,0,0,Standard,Casting,5,Tight,17,0.95,25,Premium-India,Domestic,0.5,751503
V01644,Oxygen,12.97,39.3,0.2,18,ISO Class VI,None,0,0,0,Globe,1,25,150,Full bore,Butt-weld,ASME B16.10,SS316,Stainless steel,Nickel Alloy 625,None,PTFE,0,1,0,17,12,2.5,0.06,Manual,N/A,0,0,0,0,0,0,0,0,0,1,1,0,0,None,1,0,0,Full (EN10204 3.1 + QAP/ITP),Casting,4,Tight,9,0.49,17,Imported-Standard,Import,0.11,83497
V01645,Water,29.96,38.4,11.94,113.2,ISO Class V,Anti-cavitation trim,1,0,0,Control,4,100,300,Full bore,Flanged,ASME B16.10,A105,Carbon steel,Stellite hardfaced,None,Metal seat,0,0,0,0.2,0.1,0.05,0.2,Manual,N/A,0,0,0,0,0,0,0,0,0,1,1,0,0,UT+RT,0,0,0,Standard,Forging,5,Tight,8,0.74,18,Imported-Premium,Domestic,0.8,457731
V01646,Steam,46.87,258.9,1.27,129.2,ISO Class I,None,0,0,0,Ball,10,250,600,Reduced port,Flanged,API 6D,CS/WCB,Carbon steel,SS316,None,Metal seat,0,0,0,0.2,0.2,0.1,0.25,Manual,N/A,0,1,0,0,0,0,0,0,0,1,1,1,0,None,0,0,0,Basic,Casting,3,Standard,9,0.71,7,MidTier-India,Domestic,0.81,468654
V01647,Steam,99.45,138.8,6.45,43.9,ISO Class V,None,0,0,0,Ball,1,25,1500,Full bore,Socket-weld,ASME B16.10,CS/WCB,Carbon steel,Duplex 2205,None,Metal seat,0,0,0,0.2,0.2,0.1,0.25,Manual,N/A,0,0,0,0,0,0,0,0,0,1,0,0,0,UT,0,0,0,Standard,Forging,3,Tight,9,0.83,8,Imported-Standard,Domestic,0.76,173987
V01648,Hydrocarbon,49.04,200.9,8.69,29.6,ISO Class III,None,0,0,0,Ball,1,25,900,Full bore,Threaded,ISO 5752,CS/WCB,Carbon steel,Duplex 2205,Stellite,Metal seat,0,0,0,0.2,0.2,0.1,0.25,Manual,N/A,0,0,0,0,0,0,0,0,0,1,0,1,1,UT,1,0,1,Standard,Forging,3,Standard,11,0.7,5,Premium-India,Domestic,0.73,117015
V01649,Natural Gas,12.98,58.4,0.83,711.6,ISO Class V,None,0,0,0,Ball,14,350,150,Reduced port,Butt-weld,API 6D,SS304,Stainless steel,Stellite hardfaced,None,PEEK,0,0,0,18,8,0.3,0.07,Electric,Fail-close,0,1,0,1,0,0,0,0,0,1,0,0,0,None,0,0,0,Full (EN10204 3.1 + QAP/ITP),Casting,3,Tight,3,0.87,13,Generic-India,Domestic,0.97,688330
V01650,Air,10.04,62.7,2.38,33,ISO Class V,None,0,0,0,Control,2,50,150,Full bore,Wafer,MSS SP-97,Duplex 2205,Duplex SS,SS410,None,Metal seat,0,1,0,22,5.5,3,0.03,Electric,Fail-open,0,0,0,1,0,0,0,0,0,0,1,0,0,MT,0,0,1,Full (EN10204 3.1 + QAP/ITP),Forging,3,Tight,17,0.75,28,Premium-India,Domestic,0.87,276331
V01651,Hydrocarbon,32.55,220.3,2.77,57.8,ISO Class IV,None,0,0,0,Check,0.75,20,300,Reduced port,Flanged,API 6D,CS/WCB,Carbon steel,SS316,ENP (Electroless Nickel),Metal seat,1,0,0,0.2,0.2,0.1,0.25,Manual,N/A,0,0,0,0,0,0,0,0,0,0,1,0,0,PT,0,0,0,Basic,Casting,1,Standard,3,0.84,10,Imported-Premium,Import,0.66,60324
V01652,Hydrocarbon,42.62,181.9,1.05,93.1,ISO Class V,None,0,0,0,Butterfly,6,150,300,Full bore,Flanged,ASME B16.10,Bronze,Copper alloy,Alloy 20,None,PTFE,0,0,0,0.2,0.8,0.1,0.02,Manual,N/A,0,0,0,0,0,0,0,0,0,1,1,1,1,MT,1,0,0,Basic,Casting,5,Tight,4,0.91,17,MidTier-India,Domestic,0.73,301328
V01653,Air,269.34,44.9,124.94,81.4,ISO Class VI,Anti-cavitation trim,1,0,0,Control,2,50,2500,Full bore,Lug,API 6D,CS/WCB,Carbon steel,SS316,None,Metal seat,0,0,0,0.2,0.2,0.1,0.25,Pneumatic,Fail-in-place,1,1,1,1,0,1,1,1,0,1,1,0,0,None,1,0,0,Standard,Forging,4,Tight,9,0.88,12,MidTier-India,Domestic,0.9,726405
V01654,Natural Gas,184.95,118.2,8.74,151.6,ISO Class IV,None,0,0,0,Ball,3,80,1500,Reduced port,Threaded,ASME B16.10,CS/WCB,Carbon steel,SS410,Tungsten carbide,Metal seat,1,0,0,0.2,0.2,0.1,0.25,Manual,N/A,0,1,0,0,0,0,0,0,0,1,1,0,0,PT,1,0,0,Basic,Forging,2,Standard,13,0.48,15,Generic-India,Domestic,0.76,234368
V01655,Water,63.25,48,9.06,21.1,ISO Class II,None,0,0,0,Gate,0.5,15,600,Full bore,Flanged,API 6D,SS316,Stainless steel,Nickel Alloy 625,ENP (Electroless Nickel),PTFE,0,1,0,17,12,2.5,0.06,Gearbox,N/A,0,1,0,0,0,0,0,0,0,1,0,0,0,None,0,0,0,Full (EN10204 3.1 + QAP/ITP),Casting,4,Standard,9,0.66,12,MidTier-India,Domestic,0.8,88396
V01656,Hydrocarbon,14.25,126.5,4.37,122.4,ISO Class I,None,0,0,0,Control,8,200,150,Reduced port,Flanged,ISO 5752,SS316,Stainless steel,Stellite hardfaced,Stellite,Metal seat,0,1,0,17,12,2.5,0.06,Electric,Fail-open,0,0,0,1,0,0,0,0,0,1,1,0,0,None,1,0,0,Standard,Casting,5,Tight,6,0.59,31,Generic-India,Domestic,0.95,886062
V01657,Steam,81.58,203.2,29.93,55.7,ISO Class V,Anti-cavitation trim,1,1,0,Control,1.5,40,900,Reduced port,Flanged,API 6D,CS/WCB,Carbon steel,SS316,None,Metal seat,0,0,0,0.2,0.2,0.1,0.25,Gearbox,N/A,0,0,0,0,0,0,0,0,0,1,1,0,1,PT,0,0,0,Standard,Forging,4,Tight,14,0.7,12,Imported-Premium,Import,0.09,236448
V01658,Water,48.5,44.2,17.09,24.8,ISO Class II,Low-noise trim,0,1,1,Control,1,25,600,Reduced port,Flanged,ISO 5752,SS316,Stainless steel,Duplex 2205,Stellite,PTFE,0,0,0,17,12,2.5,0.06,Pneumatic,Fail-in-place,1,1,1,1,0,1,1,0,0,1,1,0,0,UT+RT,0,0,0,Standard,Casting,5,Tight,8,0.72,18,MidTier-India,Domestic,0.44,464135
V01659,Corrosive (Acid),9.83,119.1,2.43,300.9,ISO Class IV,None,0,0,0,Globe,12,300,150,Full bore,Flanged,ASME B16.10,Duplex 2205,Duplex SS,Duplex 2205,None,PTFE,0,1,0,22,5.5,3,0.03,Pneumatic,Fail-open,0,0,1,1,0,0,1,1,0,1,1,0,0,UT+RT,0,0,1,Standard,Casting,4,Standard,14,0.72,24,Imported-Standard,Domestic,0.8,1016024
V01660,Water,9.95,64.1,1.61,39.5,ISO Class IV,None,0,0,0,Control,1.5,40,150,Full bore,Flanged,ASME B16.10,SS304,Stainless steel,SS316,None,PTFE,0,0,0,18,8,0.3,0.07,Pneumatic,Fail-close,1,1,1,1,0,1,1,0,0,1,1,1,0,UT,0,0,0,Standard,Casting,4,Tight,9,0.76,22,Generic-India,Domestic,0.98,278102
V01661,Hydrocarbon,18.05,123.5,7.11,58.2,ISO Class IV,Anti-cavitation trim,1,1,0,Control,3,80,150,Reduced port,Flanged,ASME B16.10,CS/WCB,Carbon steel,Stellite hardfaced,None,Metal seat,0,0,0,0.2,0.2,0.1,0.25,Pneumatic,Fail-open,1,1,1,1,0,1,1,0,0,1,1,0,0,RT,0,0,1,Standard,Casting,5,Tight,6,0.77,18,Imported-Premium,Domestic,0.84,427466
V01662,Hydrocarbon,173.37,101,83.43,88.3,ISO Class III,None,0,0,0,Globe,3,80,2500,Full bore,Flanged,ASME B16.10,SS316,Stainless steel,Stellite hardfaced,Stellite,Metal seat,0,0,0,17,12,2.5,0.06,Hydraulic,Fail-close,0,1,0,0,0,0,0,0,0,1,1,1,0,MT,0,1,0,Basic,Forging,1,Tight,16,0.81,17,MidTier-India,Domestic,0.87,1526064
V01663,Slurry,7.62,78.3,3.34,279.4,ISO Class VI,None,0,0,0,Globe,14,350,150,Full bore,Butt-weld,ISO 5752,Duplex 2205,Duplex SS,SS316,None,Metal seat,0,1,1,22,5.5,3,0.03,Pneumatic,Fail-close,1,0,1,1,0,0,1,1,1,1,1,1,0,MT,1,0,1,Standard,Casting,3,Tight,10,0.76,7,Generic-India,Domestic,0.86,889037
V01664,Air,79.85,62.8,15.55,354,ISO Class VI,None,0,0,0,Check,8,200,600,Reduced port,Butt-weld,ASME B16.10,SS316,Stainless steel,SS410,ENP (Electroless Nickel),Metal seat,0,1,0,17,12,2.5,0.06,Manual,N/A,0,1,0,0,0,0,0,0,0,1,1,0,1,PT+MT,1,0,0,Standard,Casting,3,Tight,6,0.75,14,Premium-India,Domestic,0.98,593476
V01665,Corrosive (Acid),17.36,143.7,1.18,220.6,ISO Class II,None,0,0,0,Ball,3,80,150,Full bore,Butt-weld,API 6D,SS316,Stainless steel,Stellite hardfaced,ENP (Electroless Nickel),PEEK,0,1,0,17,12,2.5,0.06,Manual,N/A,0,1,0,0,0,0,0,0,0,1,1,0,0,PT+MT,0,0,0,Standard,Casting,2,Tight,9,0.57,23,Imported-Standard,Domestic,0.42,163498
V01666,Oxygen,44.45,79.7,6.1,207.6,ISO Class VI,None,0,0,0,Check,6,150,600,Full bore,Flanged,ASME B16.10,SS316,Stainless steel,Stellite hardfaced,None,PTFE,0,1,0,17,12,2.5,0.06,Pneumatic,Fail-close,1,0,1,1,0,0,1,1,0,1,1,0,0,PT+MT,0,0,0,Basic,Casting,4,Tight,8,0.77,22,MidTier-India,Domestic,0.7,711120
V01667,Air,32.37,68.5,2.8,205.8,ISO Class II,None,0,0,0,Ball,4,100,300,Full bore,Flanged,ISO 5752,SS316,Stainless steel,Duplex 2205,ENP (Electroless Nickel),Elastomer (NBR/EPDM),0,0,0,17,12,2.5,0.06,Pneumatic,Fail-close,0,0,1,1,0,0,1,0,0,1,1,1,0,None,1,0,0,Standard,Forging,3,Standard,8,0.76,15,Imported-Standard,Import,0.59,534967
V01668,Hydrocarbon,25.26,157,3.55,371.2,ISO Class III,None,0,0,0,Ball,8,200,300,Reduced port,Flanged,ASME B16.10,CS/WCB,Carbon steel,Duplex 2205,None,PTFE,1,0,0,0.2,0.2,0.1,0.25,Gearbox,N/A,0,0,0,0,0,0,0,0,0,1,0,1,0,None,0,0,0,Full (EN10204 3.1 + QAP/ITP),Casting,4,Standard,4,0.42,20,Generic-India,Domestic,0.84,297357
V01669,Hydrocarbon,286.86,254.9,47.28,37.9,ISO Class V,None,0,0,0,Gate,0.75,20,2500,Reduced port,Socket-weld,ASME B16.10,CS/WCB,Carbon steel,Alloy 20,Ceramic coating,PEEK,1,0,0,0.2,0.2,0.1,0.25,Manual,N/A,0,1,0,0,0,0,0,0,0,1,1,0,0,MT,1,1,0,Standard,Forging,2,Tight,9,0.8,20,Imported-Premium,Import,0.53,220034
V01670,Water,9.92,35.9,1.25,141.7,ISO Class IV,None,0,0,0,Control,6,150,150,Reduced port,Flanged,ASME B16.10,CS/WCB,Carbon steel,Stellite hardfaced,None,PTFE,0,0,0,0.2,0.2,0.1,0.25,Pneumatic,Fail-in-place,1,1,1,1,0,1,1,1,0,1,0,0,0,None,1,0,0,Basic,Casting,3,Tight,13,0.56,19,MidTier-India,Domestic,0.36,439668
V01671,Water,28.03,41.1,3.09,200.2,ISO Class IV,None,0,0,0,Control,8,200,300,Full bore,Butt-weld,ISO 5752,SS304,Stainless steel,SS316,None,Elastomer (NBR/EPDM),0,0,0,18,8,0.3,0.07,Pneumatic,Fail-close,0,1,1,1,0,1,1,1,0,1,1,0,0,UT+RT,0,0,0,Basic,Forging,3,Tight,8,0.95,21,Generic-India,Domestic,0.66,990921
V01672,Corrosive (Acid),55.68,205.2,11.52,227,ISO Class V,None,0,0,0,Control,8,200,600,Reduced port,Butt-weld,ISO 5752,Nickel Alloy 625,Nickel alloy,Stellite hardfaced,Stellite,Metal seat,0,1,0,21.5,60,9,0.02,Pneumatic,Fail-in-place,1,1,1,1,0,1,1,1,1,1,0,0,1,None,0,0,1,Standard,Casting,4,Tight,4,0.63,33,Generic-India,Domestic,0.98,2800000
V01673,Oxygen,12.83,6.7,3.97,81.5,ISO Class V,None,0,0,0,Control,3,80,600,Full bore,Flanged,ASME B16.10,SS316,Stainless steel,SS316,None,PTFE,0,1,0,17,12,2.5,0.06,Pneumatic,Fail-in-place,1,1,1,1,0,1,1,0,0,1,1,0,1,MT,1,0,1,Basic,Casting,4,Tight,6,0.83,18,Imported-Standard,Import,0.4,1196533
V01674,Water,74,28,4.02,456.6,ISO Class V,None,0,0,0,Ball,6,150,900,Reduced port,Butt-weld,MSS SP-97,A105,Carbon steel,SS316,None,Elastomer (NBR/EPDM),0,0,0,0.2,0.1,0.05,0.2,Manual,N/A,0,0,0,0,0,0,0,0,0,1,1,1,0,None,0,0,0,Standard,Forging,4,Tight,11,0.63,7,MidTier-India,Domestic,0.97,366439
V01675,Corrosive (Acid),10.92,61.5,0.05,193.5,ISO Class IV,None,0,0,0,Ball,4,100,150,Full bore,Threaded,ASME B16.10,SS316,Stainless steel,Duplex 2205,None,PEEK,0,0,0,17,12,2.5,0.06,Manual,N/A,0,0,0,0,0,0,0,0,0,1,1,0,0,PT,0,0,0,Full (EN10204 3.1 + QAP/ITP),Casting,4,Standard,6,0.63,20,MidTier-India,Domestic,0.62,206976
V01676,Natural Gas,54.1,92.9,4.47,220.2,ISO Class VI,None,0,0,0,Ball,8,200,600,Reduced port,Butt-weld,ISO 5752,A105,Carbon steel,SS316,None,PTFE,1,0,0,0.2,0.1,0.05,0.2,Manual,N/A,0,0,0,0,0,0,0,0,0,1,1,0,0,PT,1,0,0,Basic,Forging,4,Tight,11,0.85,15,Imported-Standard,Import,0.28,417347
V01677,Oxygen,48.28,84,19.33,24.2,ISO Class V,None,0,0,0,Globe,1,25,600,Reduced port,Lug,API 6D,Bronze,Copper alloy,Nickel Alloy 625,None,PEEK,0,0,0,0.2,0.8,0.1,0.02,Electric,Fail-open,0,0,0,1,0,0,0,0,0,1,1,1,0,PT,0,0,0,Standard,Casting,2,Tight,13,0.74,13,Generic-India,Domestic,0.98,137238
V01678,Hydrocarbon,75.37,103.8,3.96,279.2,ISO Class VI,None,0,0,0,Control,10,250,900,Full bore,Flanged,ISO 5752,CS/WCB,Carbon steel,Duplex 2205,ENP (Electroless Nickel),Elastomer (NBR/EPDM),1,0,0,0.2,0.2,0.1,0.25,Pneumatic,Fail-in-place,0,1,1,1,1,1,1,1,0,1,1,0,0,PT,0,0,1,Full (EN10204 3.1 + QAP/ITP),Forging,3,Tight,6,0.64,18,Generic-India,Domestic,0.8,1717634
V01679,Water,56.98,108.8,12.92,92.7,ISO Class V,None,0,0,0,Control,3,80,600,Reduced port,Butt-weld,ASME B16.10,CS/WCB,Carbon steel,SS410,Stellite,Elastomer (NBR/EPDM),0,0,0,0.2,0.2,0.1,0.25,Electric,Fail-in-place,0,0,0,1,0,0,0,0,0,1,1,0,1,PT+MT,0,0,0,Standard,Casting,5,Tight,8,0.75,21,Generic-India,Domestic,0.79,415465
V01680,Natural Gas,47.03,121.2,0.05,48.2,ISO Class V,None,0,0,0,Gate,0.75,20,600,Reduced port,Socket-weld,MSS SP-97,SS316,Stainless steel,Stellite hardfaced,None,Elastomer (NBR/EPDM),0,1,0,17,12,2.5,0.06,Gearbox,N/A,0,0,0,0,0,0,0,0,0,1,0,0,0,MT,1,0,0,Basic,Casting,5,Tight,9,0.8,19,MidTier-India,Domestic,0.49,111487
V01681,Natural Gas,120.68,280.4,26.76,103.1,ISO Class VI,None,0,0,0,Control,3,80,1500,Reduced port,Socket-weld,ASME B16.10,Duplex 2205,Duplex SS,SS316,None,Metal seat,0,1,0,22,5.5,3,0.03,Pneumatic,Fail-close,1,1,1,1,0,1,1,1,0,1,1,0,0,PT+MT,1,0,0,Basic,Forging,5,Tight,17,0.86,24,MidTier-India,Domestic,0.83,1795515
V01682,Air,8.17,0,1.18,105.1,ISO Class V,None,0,0,0,Gate,4,100,150,Full bore,Threaded,ASME B16.10,SS316,Stainless steel,SS316,None,PTFE,0,1,0,17,12,2.5,0.06,Manual,N/A,0,0,0,0,1,0,0,0,0,1,1,0,0,UT,1,0,0,Full (EN10204 3.1 + QAP/ITP),Forging,4,Tight,9,0.86,18,Premium-India,Domestic,0.26,174176
V01683,Steam,49.79,289.9,5.75,64.4,ISO Class IV,None,0,0,0,Check,1.5,40,600,Reduced port,Wafer,ASME B16.10,SS316,Stainless steel,SS316,None,Metal seat,0,0,0,17,12,2.5,0.06,Manual,N/A,0,0,0,0,0,0,0,0,0,1,1,0,0,None,0,0,0,Standard,Forging,3,Standard,5,0.67,5,Premium-India,Domestic,0.63,95388
V01684,Hydrocarbon,29.7,128.2,3.33,645.7,ISO Class VI,None,0,0,0,Butterfly,20,500,600,Reduced port,Lug,ASME B16.10,Duplex 2205,Duplex SS,SS316,Stellite,PTFE,0,1,0,22,5.5,3,0.03,Pneumatic,Fail-open,1,0,1,1,0,0,1,1,1,1,1,1,1,None,1,0,0,Standard,Casting,3,Tight,8,0.62,14,Imported-Standard,Domestic,0.45,2636019
V01685,Steam,68.53,242.6,9.13,113.9,ISO Class II,None,0,0,0,Ball,3,80,900,Full bore,Flanged,ISO 5752,CS/WCB,Carbon steel,Stellite hardfaced,None,Metal seat,0,0,0,0.2,0.2,0.1,0.25,Manual,N/A,0,0,0,0,0,0,0,0,0,1,1,0,1,PT+MT,0,0,0,Full (EN10204 3.1 + QAP/ITP),Forging,4,Tight,2,0.66,20,MidTier-India,Domestic,0.85,355462
V01686,Air,16.28,57.5,1.06,85.1,ISO Class III,None,0,0,0,Ball,4,100,150,Full bore,Socket-weld,ISO 5752,A105,Carbon steel,Nickel Alloy 625,Stellite,Metal seat,0,0,0,0.2,0.1,0.05,0.2,Pneumatic,Fail-close,1,1,1,1,0,0,1,0,0,1,1,1,1,None,0,0,0,Standard,Casting,2,Standard,7,0.65,9,Generic-India,Domestic,0.83,292589
V01687,Natural Gas,36.62,97.4,14.72,282.2,ISO Class V,None,0,0,1,Control,10,250,300,Full bore,Flanged,ASME B16.10,CS/WCB,Carbon steel,Stellite hardfaced,ENP (Electroless Nickel),Elastomer (NBR/EPDM),0,0,0,0.2,0.2,0.1,0.25,Manual,N/A,0,0,0,0,0,0,0,0,0,1,1,0,0,None,1,0,1,Standard,Casting,4,Tight,8,0.7,22,Imported-Standard,Import,0.37,509129
V01688,Water,41.84,57.6,13.15,67.2,ISO Class II,None,0,0,0,Globe,3,80,600,Full bore,Wafer,API 6D,CS/WCB,Carbon steel,Duplex 2205,None,Metal seat,0,0,0,0.2,0.2,0.1,0.25,Pneumatic,Fail-close,1,1,1,1,0,0,1,0,0,1,1,0,1,None,1,0,0,Basic,Casting,2,Tight,12,0.84,5,Imported-Standard,Import,0.55,325496
V01689,Slurry,29.79,94.1,5.34,1028.5,ISO Class IV,None,0,0,0,Butterfly,20,500,300,Full bore,Wafer,ASME B16.10,SS316,Stainless steel,Duplex 2205,None,PTFE,0,1,1,17,12,2.5,0.06,Manual,N/A,0,0,0,0,0,0,0,0,0,1,1,0,0,RT,0,0,0,Basic,Casting,3,Standard,4,0.48,18,Generic-India,Domestic,0.98,411118
V01690,Steam,9.53,186.6,0.43,637.5,ISO Class IV,None,0,0,0,Butterfly,12,300,150,Reduced port,Lug,ASME B16.10,CS/WCB,Carbon steel,SS316,None,PEEK,0,0,0,0.2,0.2,0.1,0.25,Manual,N/A,0,0,0,0,0,0,0,0,0,1,1,0,0,MT,0,0,1,Full (EN10204 3.1 + QAP/ITP),Casting,3,Standard,7,0.95,7,Generic-India,Domestic,0.86,136973
V01691,Water,53.21,53.7,20.04,11.4,ISO Class V,None,0,0,0,Needle,0.5,15,600,Reduced port,Lug,ASME B16.10,A105,Carbon steel,Alloy 20,None,Metal seat,0,0,0,0.2,0.1,0.05,0.2,Pneumatic,Fail-close,1,0,1,1,0,0,1,0,0,1,1,1,1,None,0,0,0,Standard,Forging,3,Tight,7,0.59,17,MidTier-India,Domestic,0.81,75301
V01692,Water,82.23,45.2,35.06,35.7,ISO Class III,None,0,0,0,Globe,1,25,900,Full bore,Butt-weld,ASME B16.10,CS/WCB,Carbon steel,SS316,None,Metal seat,0,0,0,0.2,0.2,0.1,0.25,Manual,N/A,0,1,0,0,0,0,0,0,0,1,1,0,1,RT,0,0,1,Full (EN10204 3.1 + QAP/ITP),Forging,5,Standard,9,0.88,12,Imported-Standard,Import,0.32,167101
V01693,Water,107.38,42.7,9.99,23.3,ISO Class IV,None,0,0,0,Control,1,25,900,Full bore,Flanged,ASME B16.10,Bronze,Copper alloy,Stellite hardfaced,None,PTFE,0,0,0,0.2,0.8,0.1,0.02,Pneumatic,Fail-close,0,1,1,1,0,1,1,1,0,1,1,0,0,UT,1,0,0,Standard,Forging,3,Tight,13,0.81,15,Imported-Standard,Import,0.23,434000
V01694,Water,9.88,77.9,1.04,167.1,ISO Class VI,None,0,0,0,Control,3,80,150,Reduced port,Flanged,ASME B16.10,CS/WCB,Carbon steel,SS316,None,Metal seat,0,0,0,0.2,0.2,0.1,0.25,Pneumatic,Fail-close,1,1,1,1,0,1,1,0,0,1,1,0,1,None,1,0,0,Basic,Casting,3,Tight,4,0.92,30,Generic-India,Domestic,0.71,297074
V01695,Steam,31.78,228.2,0.07,128.6,ISO Class VI,None,0,0,0,Butterfly,12,300,300,Full bore,Lug,ISO 5752,SS316,Stainless steel,SS410,Stellite,Metal seat,0,0,0,17,12,2.5,0.06,Manual,N/A,0,0,0,0,0,0,0,0,0,1,1,0,0,PT+MT,0,0,0,Basic,Casting,2,Tight,13,0.94,13,Generic-India,Domestic,0.56,391098
V01696,Natural Gas,32.08,162.1,0.05,542.5,ISO Class III,None,0,0,0,Check,4,100,300,Reduced port,Threaded,ASME B16.10,A105,Carbon steel,Alloy 20,None,Metal seat,0,0,0,0.2,0.1,0.05,0.2,Pneumatic,Fail-close,1,0,1,1,0,0,1,0,0,1,1,0,0,PT+MT,0,0,0,Standard,Casting,4,Standard,7,0.63,19,Imported-Standard,Import,0.42,245385
V01697,Steam,64.52,213.2,20.02,16.1,ISO Class III,None,0,0,0,Needle,0.5,15,600,Reduced port,Wafer,ASME B16.10,CS/WCB,Carbon steel,SS316,Stellite,Metal seat,0,0,0,0.2,0.2,0.1,0.25,Pneumatic,Fail-close,0,0,1,1,1,0,1,0,0,1,1,1,0,MT,0,0,0,Basic,Forging,3,Standard,9,0.89,6,Premium-India,Domestic,0.59,72699
V01698,Steam,64.05,196.2,28.38,11.9,ISO Class V,None,0,0,0,Globe,0.5,15,900,Full bore,Butt-weld,ASME B16.10,CS/WCB,Carbon steel,SS316,Ceramic coating,Metal seat,0,0,0,0.2,0.2,0.1,0.25,Pneumatic,Fail-open,1,0,1,1,0,0,1,1,0,1,1,0,0,PT,1,0,1,Full (EN10204 3.1 + QAP/ITP),Forging,1,Tight,7,0.73,14,Imported-Premium,Domestic,0.86,178580
V01699,Air,26.78,20.2,4.92,30.2,ISO Class II,None,0,0,0,Needle,1.5,40,300,Full bore,Flanged,ISO 5752,CS/WCB,Carbon steel,Stellite hardfaced,None,PTFE,0,0,0,0.2,0.2,0.1,0.25,Manual,N/A,0,0,0,0,0,0,0,0,0,1,1,0,0,PT+MT,0,1,0,Full (EN10204 3.1 + QAP/ITP),Casting,3,Standard,10,0.77,18,MidTier-India,Domestic,0.67,74275
V01700,Air,12.75,52.8,4.34,118.4,ISO Class IV,None,0,0,0,Globe,6,150,150,Full bore,Flanged,ISO 5752,CS/WCB,Carbon steel,SS316,None,Elastomer (NBR/EPDM),0,0,0,0.2,0.2,0.1,0.25,Pneumatic,Fail-in-place,1,0,1,1,0,0,1,1,0,1,1,0,0,RT,0,0,1,Standard,Casting,1,Standard,6,0.81,14,Generic-India,Domestic,0.72,200330
V01701,Natural Gas,84.13,219.7,18.41,129.1,ISO Class VI,None,0,0,0,Control,6,150,2500,Full bore,Threaded,API 6D,CS/WCB,Carbon steel,SS316,ENP (Electroless Nickel),Metal seat,1,0,0,0.2,0.2,0.1,0.25,Pneumatic,Fail-open,1,1,1,1,1,1,1,1,0,1,1,0,0,None,0,0,0,Standard,Forging,3,Tight,17,0.6,29,MidTier-India,Domestic,0.72,1699057
V01702,Natural Gas,76.06,65.2,0.06,650.1,ISO Class III,None,0,0,0,Butterfly,14,350,900,Full bore,Wafer,API 6D,SS316,Stainless steel,SS410,None,PEEK,0,1,0,17,12,2.5,0.06,Manual,N/A,0,0,0,1,0,0,0,0,0,1,1,0,0,RT,1,0,0,Standard,Casting,3,Standard,10,0.75,17,Premium-India,Domestic,0.34,704552
V01703,Hydrocarbon,66.55,30.8,6.81,70.1,ISO Class III,None,0,0,0,Gate,4,100,600,Full bore,Socket-weld,ISO 5752,Bronze,Copper alloy,SS316,None,Metal seat,0,0,0,0.2,0.8,0.1,0.02,Manual,N/A,0,0,0,0,1,0,0,0,0,1,0,0,0,MT,0,0,0,Basic,Casting,3,Standard,13,0.81,5,MidTier-India,Domestic,0.92,345912
V01704,Steam,18.05,248.5,0.05,955.8,ISO Class IV,None,0,0,0,Butterfly,24,600,150,Full bore,Wafer,ASME B16.10,CS/WCB,Carbon steel,Stellite hardfaced,None,Metal seat,0,0,0,0.2,0.2,0.1,0.25,Manual,N/A,0,0,0,0,0,0,0,0,0,1,1,1,1,None,0,0,0,Standard,Casting,5,Standard,7,0.85,10,MidTier-India,Domestic,0.82,213990
V01705,Natural Gas,38.65,119.6,2.25,54.7,ISO Class VI,None,0,0,0,Butterfly,3,80,600,Full bore,Wafer,ISO 5752,CS/WCB,Carbon steel,SS316,None,Elastomer (NBR/EPDM),0,0,0,0.2,0.2,0.1,0.25,Pneumatic,Fail-in-place,0,0,1,1,0,0,1,0,0,1,1,0,0,PT+MT,1,0,1,Standard,Casting,2,Tight,9,0.71,14,Imported-Standard,Import,0.46,201212
V01706,Steam,40.53,160.6,7.93,648.5,ISO Class III,None,0,0,0,Butterfly,12,300,300,Reduced port,Lug,API 6D,CS/WCB,Carbon steel,Stellite hardfaced,None,Metal seat,0,0,0,0.2,0.2,0.1,0.25,Manual,N/A,0,0,0,0,0,0,0,0,0,1,1,1,0,None,0,0,0,Standard,Casting,3,Tight,7,0.74,17,Generic-India,Domestic,0.97,185999
V01707,Steam,96.2,93,21.49,249.5,ISO Class IV,None,0,0,0,Globe,6,150,900,Reduced port,Butt-weld,ISO 5752,SS316,Stainless steel,SS316,Ceramic coating,Metal seat,0,0,0,17,12,2.5,0.06,Manual,N/A,0,0,0,0,0,0,0,0,0,1,1,0,0,UT,0,0,0,Basic,Forging,1,Tight,3,0.75,21,MidTier-India,Domestic,0.82,447625
V01708,Hydrocarbon,25.2,126.8,0.23,52.2,ISO Class II,None,0,0,0,Ball,1.5,40,600,Reduced port,Flanged,MSS SP-97,A105,Carbon steel,Alloy 20,None,Metal seat,1,0,0,0.2,0.1,0.05,0.2,Gearbox,N/A,0,0,0,0,1,0,0,0,0,1,1,0,0,UT,0,0,0,Standard,Casting,3,Standard,7,0.94,17,Generic-India,Domestic,0.98,138608
V01709,Steam,9.94,208.3,2.04,190.4,ISO Class III,None,0,0,0,Control,6,150,150,Reduced port,Flanged,ASME B16.10,CS/WCB,Carbon steel,Duplex 2205,Stellite,Metal seat,0,0,0,0.2,0.2,0.1,0.25,Pneumatic,Fail-close,0,1,1,1,0,1,1,1,0,1,1,0,0,PT+MT,0,0,1,Standard,Forging,3,Tight,13,0.63,23,MidTier-India,Domestic,0.66,677571
V01710,Slurry,200.16,50.9,8.04,533.8,ISO Class II,None,0,0,0,Gate,16,400,2500,Reduced port,Butt-weld,ASME B16.10,CS/WCB,Carbon steel,SS410,None,Metal seat,0,0,1,0.2,0.2,0.1,0.25,Pneumatic,Fail-close,0,0,1,1,0,0,1,1,0,0,1,0,0,MT,0,0,1,Standard,Casting,3,Standard,10,0.67,17,MidTier-India,Domestic,0.96,1911528
V01711,Water,85.77,41,4.28,65,ISO Class I,None,0,0,0,Gate,3,80,900,Full bore,Lug,ISO 5752,CS/WCB,Carbon steel,Stellite hardfaced,ENP (Electroless Nickel),Metal seat,0,0,0,0.2,0.2,0.1,0.25,Manual,N/A,0,1,0,1,0,0,0,0,0,1,1,0,0,MT,0,1,0,Basic,Forging,1,Tight,6,0.83,12,MidTier-India,Domestic,0.68,201282
V01712,Water,39.48,26.8,11.51,36.6,ISO Class IV,None,0,0,0,Needle,1.5,40,300,Full bore,Butt-weld,API 6D,CS/WCB,Carbon steel,SS410,None,Metal seat,0,0,0,0.2,0.2,0.1,0.25,Gearbox,N/A,0,0,0,0,0,0,0,0,0,1,1,0,0,MT,1,0,0,Basic,Forging,3,Standard,9,0.73,18,Generic-India,Domestic,0.74,92670
V01713,Air,56.92,7.4,19.68,114.7,ISO Class VI,None,0,0,0,Control,4,100,600,Reduced port,Flanged,MSS SP-97,CS/WCB,Carbon steel,SS316,None,Elastomer (NBR/EPDM),0,0,0,0.2,0.2,0.1,0.25,Manual,N/A,0,0,0,0,0,0,0,0,0,1,1,0,1,PT+MT,0,1,1,Full (EN10204 3.1 + QAP/ITP),Forging,4,Tight,7,0.47,10,MidTier-India,Domestic,0.63,353176
V01714,Steam,66.67,157.2,23.45,72.4,ISO Class V,Low-noise trim,0,1,0,Control,3,80,1500,Full bore,Wafer,API 6D,CS/WCB,Carbon steel,Nickel Alloy 625,None,Metal seat,0,0,0,0.2,0.2,0.1,0.25,Manual,N/A,0,0,0,1,0,0,0,0,0,1,0,0,0,PT+MT,0,0,0,Basic,Forging,5,Tight,10,0.7,16,MidTier-India,Domestic,0.98,472640
V01715,Water,92.57,22.4,5.47,305.4,ISO Class I,None,0,0,0,Gate,8,200,1500,Reduced port,Flanged,API 6D,CS/WCB,Carbon steel,SS316,ENP (Electroless Nickel),PTFE,0,0,0,0.2,0.2,0.1,0.25,Manual,N/A,0,0,0,0,0,0,0,0,0,1,1,0,0,UT,1,1,0,Standard,Casting,3,Standard,11,0.71,13,Generic-India,Domestic,0.98,435126
V01716,Hydrocarbon,43.1,221.3,4.75,192.7,ISO Class I,None,0,0,0,Check,14,350,300,Reduced port,Butt-weld,ISO 5752,CS/WCB,Carbon steel,Alloy 20,None,PEEK,0,0,0,0.2,0.2,0.1,0.25,Pneumatic,Fail-open,1,1,1,1,0,0,1,1,1,1,1,0,1,PT+MT,0,0,0,Standard,Casting,3,Standard,6,0.72,9,MidTier-India,Domestic,0.9,858189
V01717,Natural Gas,193.95,93.2,3.19,57.5,ISO Class VI,None,0,0,0,Gate,1.5,40,1500,Full bore,Threaded,ASME B16.10,A105,Carbon steel,Duplex 2205,ENP (Electroless Nickel),PTFE,0,0,0,0.2,0.1,0.05,0.2,Manual,N/A,0,0,0,0,0,0,0,0,0,1,1,0,0,RT,0,0,0,Standard,Forging,5,Tight,11,0.69,11,Imported-Standard,Import,0.45,172341
V01718,Steam,95.26,250.5,28.78,303.9,ISO Class VI,None,0,0,0,Control,10,250,900,Full bore,Butt-weld,API 6D,CS/WCB,Carbon steel,Nickel Alloy 625,Stellite,PEEK,0,0,0,0.2,0.2,0.1,0.25,Pneumatic,Fail-close,1,1,1,1,0,1,1,1,1,1,0,1,0,RT,0,0,0,Basic,Casting,3,Tight,5,0.71,23,Imported-Standard,Domestic,0.65,2800000
V01719,Natural Gas,13.56,203.1,2.23,27.2,ISO Class IV,None,0,0,0,Ball,1.5,40,150,Full bore,Flanged,ASME B16.10,SS304,Stainless steel,SS410,None,Metal seat,0,0,0,18,8,0.3,0.07,Electric,Fail-open,0,0,0,1,0,0,0,0,0,1,1,1,0,None,0,0,0,Standard,Casting,2,Standard,7,0.73,13,MidTier-India,Domestic,0.64,133465
V01720,Oxygen,64.97,0.1,39.08,302.2,ISO Class V,Anti-cavitation trim,1,0,1,Control,12,300,600,Full bore,Butt-weld,ISO 5752,SS316,Stainless steel,Duplex 2205,None,Metal seat,0,0,0,17,12,2.5,0.06,Pneumatic,Fail-close,0,1,1,1,0,1,1,1,0,1,1,0,0,UT,0,0,0,Basic,Casting,5,Tight,6,0.79,21,MidTier-India,Domestic,0.71,2800000
V01721,Slurry,28.71,88.5,2.5,207.1,ISO Class VI,None,0,0,0,Butterfly,10,250,600,Reduced port,Wafer,ASME B16.10,CS/WCB,Carbon steel,SS410,ENP (Electroless Nickel),Metal seat,0,0,1,0.2,0.2,0.1,0.25,Manual,N/A,0,0,0,0,0,0,0,0,0,1,1,0,0,None,1,0,0,Standard,Forging,5,Tight,14,0.47,15,Generic-India,Domestic,0.89,305023
V01722,Air,83.93,82.7,8.05,91.2,ISO Class I,None,0,0,0,Gate,1,25,600,Full bore,Threaded,ISO 5752,CS/WCB,Carbon steel,Stellite hardfaced,None,Metal seat,0,0,0,0.2,0.2,0.1,0.25,Gearbox,N/A,0,0,0,0,0,0,0,0,0,1,1,0,0,None,1,0,0,Standard,Casting,4,Tight,7,0.65,20,Imported-Premium,Domestic,0.59,101840
V01723,Water,51.7,58.9,3.54,72.4,ISO Class I,None,0,0,0,Gate,4,100,600,Reduced port,Flanged,ASME B16.10,SS304,Stainless steel,Stellite hardfaced,None,Metal seat,0,0,0,18,8,0.3,0.07,Electric,Fail-close,1,1,0,1,0,0,0,0,0,1,1,0,1,PT+MT,1,1,0,Standard,Casting,4,Tight,7,0.95,16,Generic-India,Domestic,0.98,699764
V01724,Steam,40.12,254.2,3.78,107.1,ISO Class IV,None,0,0,0,Check,2,50,300,Full bore,Flanged,ASME B16.10,CS/WCB,Carbon steel,SS410,None,Metal seat,0,0,0,0.2,0.2,0.1,0.25,Manual,N/A,0,0,0,0,0,0,0,0,0,0,1,0,0,PT,0,0,0,Standard,Forging,5,Standard,7,0.82,14,Premium-India,Domestic,0.85,100084
V01725,Air,3.07,45,0.43,371.3,ISO Class I,None,0,0,0,Butterfly,16,400,150,Full bore,Lug,ISO 5752,CS/WCB,Carbon steel,Nickel Alloy 625,None,PTFE,0,0,0,0.2,0.2,0.1,0.25,Gearbox,N/A,0,0,0,0,0,0,0,0,0,1,1,0,0,MT,0,1,1,Standard,Casting,4,Standard,9,0.7,19,Premium-India,Domestic,0.89,285830
V01726,Corrosive (Acid),112.13,90.2,0.05,27.6,ISO Class I,None,0,0,0,Ball,1,25,900,Full bore,Flanged,API 6D,Nickel Alloy 625,Nickel alloy,SS410,Tungsten carbide,Metal seat,0,0,0,21.5,60,9,0.02,Pneumatic,Fail-in-place,0,0,1,1,0,0,1,1,0,1,0,1,0,PT,1,0,0,Basic,Forging,2,Standard,12,0.83,19,Premium-India,Domestic,0.85,807586
V01727,Steam,13.58,213.5,0.51,308.7,ISO Class III,Low-noise trim,0,1,0,Globe,14,350,300,Reduced port,Flanged,ASME B16.10,SS316,Stainless steel,SS316,Ceramic coating,PEEK,0,1,0,17,12,2.5,0.06,Pneumatic,Fail-in-place,1,0,1,1,0,0,1,1,1,1,1,0,0,UT+RT,1,0,0,Full (EN10204 3.1 + QAP/ITP),Casting,5,Standard,11,0.8,13,MidTier-India,Domestic,0.55,1617253
V01728,Air,38.25,60.2,0.05,103,ISO Class IV,None,0,0,0,Ball,3,80,300,Full bore,Butt-weld,API 6D,CS/WCB,Carbon steel,Duplex 2205,Stellite,Elastomer (NBR/EPDM),0,0,0,0.2,0.2,0.1,0.25,Manual,N/A,0,0,1,0,0,0,0,0,0,1,1,0,0,PT,0,0,0,Standard,Casting,1,Tight,10,0.64,8,Premium-India,Domestic,0.91,143204
V01729,Corrosive (Acid),251.53,189.6,29.71,147,ISO Class IV,None,0,0,0,Check,6,150,2500,Full bore,Butt-weld,ISO 5752,Duplex 2205,Duplex SS,SS316,ENP (Electroless Nickel),PEEK,0,1,0,22,5.5,3,0.03,Gearbox,N/A,0,0,0,0,0,0,0,0,0,1,1,0,0,None,0,0,0,Standard,Forging,5,Standard,10,0.75,16,Premium-India,Domestic,0.46,1498890
V01730,Hydrocarbon,137.67,48.3,29.84,43.7,ISO Class II,Low-noise trim,0,1,0,Needle,1.5,40,1500,Full bore,Flanged,ASME B16.10,CS/WCB,Carbon steel,SS410,None,Elastomer (NBR/EPDM),1,0,0,0.2,0.2,0.1,0.25,Gearbox,N/A,0,0,0,0,0,0,0,0,0,1,1,0,1,MT,0,0,0,Standard,Forging,3,Standard,6,0.69,12,MidTier-India,Domestic,0.79,172096
V01731,Steam,24.27,193,2.04,37.9,ISO Class IV,None,0,0,0,Ball,0.75,20,300,Full bore,Socket-weld,API 6D,CS/WCB,Carbon steel,SS316,None,Metal seat,0,0,0,0.2,0.2,0.1,0.25,Manual,N/A,0,0,0,0,0,0,0,0,0,1,0,1,0,PT+MT,1,0,0,Standard,Forging,3,Standard,12,0.86,21,Generic-India,Domestic,0.98,51885
V01732,Water,17.46,66.2,2.67,491.7,ISO Class VI,None,0,0,0,Butterfly,8,200,300,Full bore,Wafer,API 6D,CS/WCB,Carbon steel,SS410,None,Metal seat,0,0,0,0.2,0.2,0.1,0.25,Manual,N/A,0,0,0,0,0,0,0,0,0,1,1,0,0,MT,0,0,0,Standard,Forging,2,Tight,10,0.73,23,Imported-Premium,Domestic,0.47,186408
V01733,Natural Gas,4.26,130.1,0.92,32.1,ISO Class VI,None,0,0,0,Ball,1,25,150,Full bore,Threaded,ASME B16.10,A105,Carbon steel,Duplex 2205,None,PTFE,1,0,0,0.2,0.1,0.05,0.2,Manual,N/A,0,0,0,0,0,0,0,0,0,0,1,0,0,None,0,0,0,Basic,Casting,3,Tight,10,0.71,16,MidTier-India,Domestic,0.83,28184
V01734,Water,54.37,68.5,21.17,315.1,ISO Class III,None,0,0,0,Control,8,200,600,Reduced port,Flanged,API 6D,SS304,Stainless steel,Stellite hardfaced,ENP (Electroless Nickel),PTFE,0,0,0,18,8,0.3,0.07,Electric,Fail-in-place,1,0,0,1,0,0,0,0,0,1,1,0,0,None,0,0,0,Basic,Casting,4,Tight,9,0.81,18,MidTier-India,Domestic,0.73,1158545
V01735,Steam,11.84,282.9,0.44,318.7,ISO Class II,None,0,0,0,Gate,8,200,150,Reduced port,Flanged,ASME B16.10,CS/WCB,Carbon steel,SS410,None,PEEK,0,0,0,0.2,0.2,0.1,0.25,Manual,N/A,0,0,0,0,0,0,0,0,0,1,0,0,0,None,1,0,0,Basic,Forging,2,Standard,5,0.95,9,Premium-India,Domestic,0.49,186410
V01736,Steam,11.37,260,6.25,14.3,ISO Class V,None,0,0,0,Needle,0.75,20,150,Reduced port,Lug,ASME B16.10,CS/WCB,Carbon steel,Nickel Alloy 625,Stellite,Metal seat,0,0,0,0.2,0.2,0.1,0.25,Manual,N/A,0,0,0,0,0,0,0,0,0,1,1,0,0,MT,0,0,0,Full (EN10204 3.1 + QAP/ITP),Forging,2,Tight,13,0.83,18,Premium-India,Domestic,0.63,32206
V01737,Hydrocarbon,13.2,133.3,0.59,481,ISO Class III,None,0,0,0,Butterfly,14,350,150,Reduced port,Flanged,ASME B16.10,SS304,Stainless steel,Stellite hardfaced,Stellite,Elastomer (NBR/EPDM),1,0,0,18,8,0.3,0.07,Electric,Fail-close,1,0,0,1,0,0,0,0,0,1,1,0,0,PT+MT,1,0,0,Standard,Casting,5,Standard,5,0.62,11,Generic-India,Domestic,0.67,626841
V01738,Slurry,13.73,73.8,3.56,110.2,ISO Class VI,None,0,0,0,Control,4,100,150,Full bore,Flanged,MSS SP-97,SS316,Stainless steel,SS316,None,Elastomer (NBR/EPDM),0,1,1,17,12,2.5,0.06,Pneumatic,Fail-open,1,1,1,1,1,1,1,0,0,1,1,0,0,None,0,0,1,Basic,Forging,5,Tight,3,0.85,16,Premium-India,Domestic,0.66,732522
V01739,Air,27.36,62.2,7.42,45.2,ISO Class V,None,0,0,0,Control,2,50,300,Full bore,Flanged,API 6D,CS/WCB,Carbon steel,Alloy 20,None,Metal seat,0,0,0,0.2,0.2,0.1,0.25,Pneumatic,Fail-close,0,1,1,1,0,1,1,0,0,1,1,0,0,PT+MT,0,0,0,Basic,Casting,5,Tight,10,0.76,26,Generic-India,Domestic,0.98,257323
V01740,Steam,29.09,202.8,5.86,32,ISO Class IV,None,0,0,0,Control,1.5,40,300,Full bore,Flanged,ASME B16.10,Duplex 2205,Duplex SS,Stellite hardfaced,None,Metal seat,0,1,0,22,5.5,3,0.03,Pneumatic,Fail-open,1,1,1,1,0,1,1,0,0,1,1,0,0,None,0,0,0,Full (EN10204 3.1 + QAP/ITP),Casting,4,Tight,17,0.58,26,MidTier-India,Domestic,0.67,509400
V01741,Steam,53.2,153.9,4.6,188.7,ISO Class IV,None,0,0,0,Globe,6,150,600,Reduced port,Lug,ASME B16.10,CS/WCB,Carbon steel,Stellite hardfaced,None,Metal seat,0,0,0,0.2,0.2,0.1,0.25,Pneumatic,Fail-close,1,0,1,1,0,0,1,1,0,1,1,0,0,MT,1,0,0,Basic,Forging,4,Tight,9,0.67,13,Generic-India,Domestic,0.68,375292
V01742,Steam,85.84,251.3,7.22,145.2,ISO Class IV,None,0,0,0,Gate,2,50,900,Full bore,Socket-weld,ASME B16.10,CS/WCB,Carbon steel,SS410,None,Metal seat,0,0,0,0.2,0.2,0.1,0.25,Manual,N/A,0,0,0,0,1,0,0,0,0,1,1,0,0,None,0,0,0,Standard,Forging,2,Standard,6,0.74,15,MidTier-India,Domestic,0.37,148652
V01743,Steam,60.66,92.8,4.43,227.6,ISO Class V,None,0,0,0,Gate,10,250,600,Reduced port,Flanged,MSS SP-97,CS/WCB,Carbon steel,Duplex 2205,None,Metal seat,0,0,0,0.2,0.2,0.1,0.25,Pneumatic,Fail-close,1,0,1,1,0,0,1,1,1,1,1,0,1,PT+MT,0,0,0,Basic,Casting,2,Tight,4,0.77,23,MidTier-India,Domestic,0.8,611783
V01744,Natural Gas,11.43,106.4,0.97,226.4,ISO Class V,None,0,0,0,Globe,8,200,150,Reduced port,Flanged,ASME B16.10,CS/WCB,Carbon steel,Duplex 2205,None,PTFE,1,0,0,0.2,0.2,0.1,0.25,Pneumatic,Fail-open,1,0,1,1,0,0,1,1,1,1,0,0,1,UT+RT,0,0,0,Standard,Forging,4,Tight,6,0.52,5,Generic-India,Domestic,0.62,370233
V01745,Hydrocarbon,194.28,72.2,22.16,40.3,ISO Class IV,None,0,0,0,Ball,1,25,2500,Full bore,Threaded,ASME B16.10,CS/WCB,Carbon steel,SS316,None,Metal seat,1,0,0,0.2,0.2,0.1,0.25,Manual,N/A,0,1,0,0,0,0,0,0,0,1,1,0,0,PT+MT,0,0,0,Standard,Forging,3,Standard,13,0.64,9,Generic-India,Domestic,0.65,131084
V01746,Steam,9.22,187.3,1.35,187.8,ISO Class V,None,0,0,0,Check,4,100,300,Reduced port,Flanged,ASME B16.10,CS/WCB,Carbon steel,Nickel Alloy 625,Stellite,Metal seat,0,0,0,0.2,0.2,0.1,0.25,Electric,Fail-close,1,1,0,1,0,0,0,0,0,1,1,0,0,UT,1,0,0,Full (EN10204 3.1 + QAP/ITP),Casting,4,Tight,8,0.89,9,Imported-Standard,Import,0.21,417218
V01747,Air,141.52,33.2,16.01,80.7,ISO Class III,None,0,0,0,Butterfly,3,80,1500,Full bore,Lug,ASME B16.10,CS/WCB,Carbon steel,SS316,None,PTFE,0,0,0,0.2,0.2,0.1,0.25,Manual,N/A,0,0,0,0,0,0,0,0,0,0,0,0,0,None,1,0,0,Full (EN10204 3.1 + QAP/ITP),Forging,2,Standard,7,0.74,22,MidTier-India,Domestic,0.69,156172
V01748,Water,82.53,74.6,22.43,43.4,ISO Class IV,None,0,0,0,Control,3,80,600,Full bore,Threaded,ASME B16.10,SS304,Stainless steel,SS316,ENP (Electroless Nickel),PTFE,0,0,0,18,8,0.3,0.07,Pneumatic,Fail-close,0,1,1,1,0,1,1,0,0,1,1,0,0,PT+MT,1,0,0,Standard,Casting,3,Tight,5,0.72,16,MidTier-India,Domestic,0.98,608861
V01749,Water,34.78,56.1,3.87,102.2,ISO Class I,None,0,0,0,Gate,10,250,600,Reduced port,Butt-weld,ASME B16.10,SS316,Stainless steel,SS316,None,PTFE,0,1,0,17,12,2.5,0.06,Gearbox,N/A,0,0,0,0,0,0,0,0,0,1,1,0,0,PT+MT,1,0,0,Basic,Casting,1,Standard,7,0.88,23,MidTier-India,Domestic,0.67,547435
V01750,Steam,40.74,258,19.52,77.6,ISO Class II,Low-noise trim,0,1,1,Control,2,50,600,Full bore,Flanged,ASME B16.10,SS316,Stainless steel,SS410,None,Metal seat,0,1,0,17,12,2.5,0.06,Pneumatic,Fail-open,0,1,1,1,0,1,1,0,0,1,1,0,0,MT,1,0,0,Full (EN10204 3.1 + QAP/ITP),Forging,4,Tight,5,0.72,29,Generic-India,Domestic,0.39,641458
V01751,Corrosive (Acid),76.47,0,7.18,246.7,ISO Class VI,None,0,0,0,Ball,6,150,900,Full bore,Threaded,ASME B16.10,Duplex 2205,Duplex SS,Nickel Alloy 625,Stellite,PTFE,0,1,0,22,5.5,3,0.03,Manual,N/A,0,0,0,0,0,0,0,0,0,1,1,0,0,PT,0,0,0,Basic,Forging,5,Tight,8,0.81,19,Generic-India,Domestic,0.85,575231
V01752,Water,36.55,52.4,3.12,305.5,ISO Class I,None,0,0,0,Butterfly,12,300,600,Full bore,Wafer,MSS SP-97,SS316,Stainless steel,SS316,Ceramic coating,PTFE,0,1,0,17,12,2.5,0.06,Electric,Fail-in-place,1,0,1,1,0,0,0,0,0,1,1,0,0,PT+MT,0,1,0,Full (EN10204 3.1 + QAP/ITP),Casting,5,Standard,7,0.49,13,Imported-Standard,Import,0.42,1330870
V01753,Water,62.24,87.3,0.82,108.3,ISO Class IV,None,0,0,0,Ball,4,100,600,Full bore,Flanged,ASME B16.10,CS/WCB,Carbon steel,Nickel Alloy 625,None,PEEK,0,0,0,0.2,0.2,0.1,0.25,Manual,N/A,0,0,0,0,0,0,0,0,0,1,1,0,0,None,1,0,0,Standard,Casting,5,Standard,2,0.71,20,Premium-India,Domestic,0.98,343235
V01754,Water,68.68,24,31.32,8.2,ISO Class II,None,0,0,0,Needle,0.5,15,600,Reduced port,Lug,ASME B16.10,CS/WCB,Carbon steel,SS316,Stellite,Metal seat,0,0,0,0.2,0.2,0.1,0.25,Pneumatic,Fail-in-place,1,0,1,1,0,0,1,0,0,1,0,0,0,None,0,0,0,Standard,Casting,2,Tight,9,0.66,15,Imported-Standard,Import,0.41,102737
V01755,Steam,32.03,182.9,3.86,22.5,ISO Class IV,None,0,0,0,Gate,1,25,300,Reduced port,Butt-weld,ASME B16.10,Bronze,Copper alloy,Alloy 20,Stellite,Metal seat,0,0,0,0.2,0.8,0.1,0.02,Manual,N/A,0,0,0,0,0,0,0,0,0,1,1,0,0,None,0,1,0,Basic,Casting,4,Standard,8,0.77,5,MidTier-India,Domestic,0.3,60946
V01756,Slurry,16.42,25.6,2.04,18.4,ISO Class I,None,0,0,0,Check,0.75,20,150,Reduced port,Butt-weld,ASME B16.10,SS316,Stainless steel,SS316,None,Metal seat,0,1,0,17,12,2.5,0.06,Manual,N/A,0,0,0,0,0,0,0,0,0,1,1,0,0,PT,1,1,0,Full (EN10204 3.1 + QAP/ITP),Casting,3,Standard,8,0.92,17,Generic-India,Domestic,0.83,43490
V01757,Water,8.28,76.7,1.11,293.3,ISO Class II,None,0,0,0,Ball,6,150,150,Full bore,Socket-weld,ASME B16.10,SS304,Stainless steel,SS316,None,PTFE,0,0,0,18,8,0.3,0.07,Manual,N/A,0,0,0,0,0,0,0,0,0,1,1,0,0,PT+MT,1,0,0,Standard,Casting,3,Standard,7,0.62,10,Generic-India,Domestic,0.57,210606
V01758,Corrosive (Acid),25.95,101.6,8.39,25.9,ISO Class V,None,0,0,0,Needle,1.5,40,300,Reduced port,Flanged,MSS SP-97,SS316,Stainless steel,SS316,ENP (Electroless Nickel),PEEK,0,0,0,17,12,2.5,0.06,Pneumatic,Fail-close,0,0,1,1,1,0,1,0,0,1,1,0,0,UT,1,1,0,Basic,Forging,2,Tight,7,0.63,10,MidTier-India,Domestic,0.98,166697
V01759,Corrosive (Acid),139.87,94.4,19.47,48.4,ISO Class III,None,0,0,0,Gate,1,25,900,Reduced port,Flanged,ASME B16.10,Duplex 2205,Duplex SS,SS316,None,PTFE,0,1,0,22,5.5,3,0.03,Manual,N/A,0,0,0,0,1,0,0,0,0,1,1,0,0,PT,1,0,1,Standard,Forging,5,Tight,18,0.7,10,Generic-India,Domestic,0.41,155894
V01760,Natural Gas,226.2,107.9,45.02,83.7,ISO Class II,None,0,0,0,Ball,1,25,1500,Reduced port,Flanged,MSS SP-97,CS/WCB,Carbon steel,Stellite hardfaced,None,PTFE,0,0,0,0.2,0.2,0.1,0.25,Gearbox,N/A,0,0,0,0,0,0,0,0,0,1,1,0,0,None,0,0,0,Standard,Forging,5,Standard,17,0.95,16,Imported-Premium,Import,0.38,187496
V01761,Water,233.75,53.7,29.25,478,ISO Class V,None,0,0,0,Gate,18,450,2500,Reduced port,Flanged,ASME B16.10,SS316,Stainless steel,SS316,Stellite,Metal seat,0,1,0,17,12,2.5,0.06,Manual,N/A,0,0,0,0,0,0,0,0,0,1,1,1,0,None,1,0,0,Standard,Casting,1,Tight,12,0.65,13,Generic-India,Domestic,0.68,2116375
V01762,Hydrocarbon,9.88,201.2,2.78,72.7,ISO Class VI,Low-noise trim,0,1,0,Globe,3,80,150,Reduced port,Butt-weld,ASME B16.10,CS/WCB,Carbon steel,Stellite hardfaced,None,Metal seat,0,0,0,0.2,0.2,0.1,0.25,Pneumatic,Fail-close,1,0,1,1,0,0,1,0,0,1,1,0,0,None,0,1,0,Basic,Casting,3,Tight,4,0.76,18,Generic-India,Domestic,0.95,126199
V01763,Natural Gas,28.21,82.4,4.6,72.3,ISO Class III,None,0,0,0,Gate,2,50,600,Full bore,Flanged,ASME B16.10,CS/WCB,Carbon steel,SS316,Stellite,Elastomer (NBR/EPDM),0,0,0,0.2,0.2,0.1,0.25,Electric,Fail-close,0,1,0,1,0,0,0,0,0,1,0,0,1,RT,1,0,0,Basic,Forging,2,Standard,4,0.64,10,Generic-India,Domestic,0.94,271146
V01764,Air,6.86,68.8,2.38,99.3,ISO Class VI,None,0,0,0,Control,6,150,150,Reduced port,Threaded,ASME B16.10,CS/WCB,Carbon steel,Nickel Alloy 625,None,PEEK,0,0,0,0.2,0.2,0.1,0.25,Pneumatic,Fail-in-place,1,1,1,1,0,1,1,1,0,1,1,0,1,PT,0,0,0,Basic,Casting,4,Tight,9,0.74,10,Generic-India,Domestic,0.78,450653
V01765,Slurry,42.55,39.9,7.16,34.9,ISO Class VI,None,0,0,0,Control,1.5,40,300,Full bore,Threaded,ASME B16.10,CS/WCB,Carbon steel,Nickel Alloy 625,None,Metal seat,0,0,1,0.2,0.2,0.1,0.25,Gearbox,N/A,0,0,1,0,0,0,0,0,0,1,1,1,1,PT+MT,0,1,1,Standard,Casting,4,Tight,8,0.79,15,Generic-India,Domestic,0.6,126344
V01766,Corrosive (Acid),131.19,10.1,8.3,10,ISO Class IV,None,0,0,0,Check,0.5,15,900,Reduced port,Lug,ASME B16.10,Duplex 2205,Duplex SS,Duplex 2205,None,Metal seat,0,1,0,22,5.5,3,0.03,Manual,N/A,0,1,0,0,0,0,0,0,0,1,1,0,0,MT,1,0,1,Standard,Forging,4,Standard,16,0.74,13,Generic-India,Domestic,0.98,88676
V01767,Hydrocarbon,71.15,170.1,0.05,506.2,ISO Class V,None,0,0,0,Butterfly,16,400,600,Reduced port,Lug,ASME B16.10,SS316,Stainless steel,SS410,Stellite,Metal seat,0,1,0,17,12,2.5,0.06,Manual,N/A,0,0,0,0,0,0,0,0,0,1,1,0,0,PT,0,0,0,Full (EN10204 3.1 + QAP/ITP),Casting,2,Tight,6,0.9,12,MidTier-India,Domestic,0.98,551422
V01768,Water,18.1,69.1,1.08,28.2,ISO Class VI,None,0,0,0,Check,0.75,20,300,Reduced port,Butt-weld,ISO 5752,CS/WCB,Carbon steel,Duplex 2205,Tungsten carbide,PTFE,0,0,0,0.2,0.2,0.1,0.25,Pneumatic,Fail-close,0,0,1,1,0,0,1,0,0,1,1,0,1,MT,1,0,0,Standard,Casting,3,Tight,8,0.68,15,Generic-India,Domestic,0.88,85795
V01769,Water,78.57,40.2,13.49,83.6,ISO Class III,None,0,0,0,Needle,2,50,900,Reduced port,Threaded,ASME B16.10,CS/WCB,Carbon steel,Duplex 2205,None,PTFE,0,0,0,0.2,0.2,0.1,0.25,Pneumatic,Fail-open,0,0,1,1,0,0,1,1,0,1,1,0,1,None,0,0,0,Basic,Forging,4,Standard,2,0.49,10,Generic-India,Domestic,0.8,203127
V01770,Water,12.21,45.6,2,34.8,ISO Class V,None,0,0,0,Check,0.75,20,150,Full bore,Flanged,ASME B16.10,CS/WCB,Carbon steel,SS316,Stellite,Elastomer (NBR/EPDM),0,0,0,0.2,0.2,0.1,0.25,Gearbox,N/A,0,0,0,0,0,0,0,0,0,1,1,0,0,None,0,0,0,Basic,Forging,3,Tight,11,0.52,14,Premium-India,Domestic,0.78,38763
V01771,Water,24.61,43.5,2.56,487.1,ISO Class III,None,0,0,0,Butterfly,12,300,600,Full bore,Lug,ASME B16.10,CS/WCB,Carbon steel,Stellite hardfaced,None,Metal seat,0,0,0,0.2,0.2,0.1,0.25,Gearbox,N/A,0,0,0,0,0,0,0,0,0,1,1,1,0,PT,0,0,0,Standard,Casting,4,Standard,10,0.71,17,Generic-India,Domestic,0.71,401554
V01772,Corrosive (Acid),70.69,77.7,21.51,140,ISO Class V,None,0,0,0,Control,4,100,600,Full bore,Flanged,ISO 5752,Nickel Alloy 625,Nickel alloy,SS316,ENP (Electroless Nickel),PTFE,0,1,0,21.5,60,9,0.02,Pneumatic,Fail-close,1,1,1,1,0,1,1,0,0,0,1,0,0,None,0,1,0,Full (EN10204 3.1 + QAP/ITP),Casting,5,Tight,16,0.8,21,Imported-Premium,Import,0.43,2800000
V01773,Slurry,33.68,104.9,0.05,64.7,ISO Class III,None,0,0,0,Ball,1,25,300,Full bore,Flanged,MSS SP-97,SS316,Stainless steel,SS316,Tungsten carbide,Metal seat,0,1,1,17,12,2.5,0.06,Pneumatic,Fail-close,0,0,1,1,0,0,1,0,0,1,1,0,0,PT+MT,0,0,0,Standard,Forging,5,Standard,10,0.79,13,Premium-India,Domestic,0.75,239677
V01774,Oxygen,33.87,61.6,11.65,17.1,ISO Class V,None,0,0,0,Globe,0.5,15,300,Reduced port,Flanged,ISO 5752,SS304,Stainless steel,Alloy 20,None,PEEK,0,0,0,18,8,0.3,0.07,Manual,N/A,0,0,0,1,0,0,0,0,0,1,0,0,0,PT+MT,1,0,0,Full (EN10204 3.1 + QAP/ITP),Casting,4,Tight,5,0.82,23,Generic-India,Domestic,0.74,70953
V01775,Water,7.31,49.3,1.12,60.8,ISO Class I,None,0,0,0,Globe,1.5,40,150,Full bore,Threaded,ASME B16.10,CS/WCB,Carbon steel,Duplex 2205,Stellite,Metal seat,0,0,0,0.2,0.2,0.1,0.25,Pneumatic,Fail-close,1,0,1,1,0,0,1,0,0,1,1,0,0,None,1,0,0,Full (EN10204 3.1 + QAP/ITP),Casting,5,Standard,8,0.86,22,MidTier-India,Domestic,0.74,102092
V01776,Hydrocarbon,69.57,61,6.03,687.2,ISO Class II,None,0,0,0,Gate,8,200,600,Full bore,Butt-weld,API 6D,CS/WCB,Carbon steel,Stellite hardfaced,None,Elastomer (NBR/EPDM),1,0,0,0.2,0.2,0.1,0.25,Manual,N/A,0,0,0,0,0,0,0,0,0,1,1,0,1,PT+MT,1,1,0,Full (EN10204 3.1 + QAP/ITP),Forging,2,Standard,11,0.78,13,Generic-India,Domestic,0.79,358322
V01777,Steam,66.26,262.6,32.48,135.6,ISO Class I,None,0,0,0,Globe,6,150,600,Reduced port,Butt-weld,API 6D,A105,Carbon steel,Stellite hardfaced,None,Metal seat,0,0,0,0.2,0.1,0.05,0.2,Manual,N/A,0,0,0,0,1,0,0,0,0,1,0,0,0,None,1,0,1,Standard,Casting,2,Standard,13,0.74,18,Imported-Premium,Import,0.24,357739
V01778,Slurry,35.96,61.9,1.48,441.3,ISO Class VI,None,0,0,0,Butterfly,20,500,600,Reduced port,Wafer,ASME B16.10,CS/WCB,Carbon steel,SS316,None,PEEK,0,0,1,0.2,0.2,0.1,0.25,Manual,N/A,0,0,0,1,0,0,0,0,0,1,1,0,0,RT,0,0,0,Full (EN10204 3.1 + QAP/ITP),Casting,3,Tight,2,0.58,18,Imported-Premium,Import,0.4,611554
V01779,Hydrocarbon,66.16,58.5,8.16,373.1,ISO Class IV,None,0,0,0,Gate,12,300,600,Reduced port,Flanged,ISO 5752,SS304,Stainless steel,SS410,None,PTFE,1,0,0,18,8,0.3,0.07,Manual,N/A,0,0,0,0,1,0,0,0,0,1,0,0,0,PT+MT,0,0,0,Basic,Casting,3,Standard,8,0.95,10,Generic-India,Domestic,0.8,703129
V01780,Water,19.22,10.1,0.84,553.1,ISO Class III,None,0,0,0,Ball,12,300,300,Reduced port,Flanged,ISO 5752,SS304,Stainless steel,Alloy 20,None,PEEK,0,0,0,18,8,0.3,0.07,Electric,Fail-close,0,0,0,1,0,0,0,0,0,1,1,1,1,PT+MT,1,0,0,Standard,Forging,3,Standard,7,0.83,10,Generic-India,Domestic,0.73,787299
V01781,Slurry,258.29,66.9,32.99,58.7,ISO Class V,None,0,0,0,Ball,3,80,2500,Reduced port,Socket-weld,ASME B16.10,SS304,Stainless steel,Alloy 20,None,PEEK,0,0,0,18,8,0.3,0.07,Electric,Fail-in-place,0,0,0,1,0,0,0,0,0,1,1,0,1,MT,1,0,1,Standard,Forging,3,Tight,8,0.9,12,MidTier-India,Domestic,0.48,914571
V01782,Slurry,39.78,21.1,13.95,45.2,ISO Class V,Anti-cavitation trim,1,1,1,Control,3,80,900,Full bore,Butt-weld,ASME B16.10,A105,Carbon steel,Stellite hardfaced,None,Metal seat,0,0,1,0.2,0.1,0.05,0.2,Electric,Fail-open,1,0,0,1,0,0,0,0,0,1,0,0,0,None,0,0,0,Basic,Forging,4,Tight,8,0.66,21,Generic-India,Domestic,0.56,600508
V01783,Water,8.06,40.3,0.4,89.3,ISO Class IV,None,0,0,0,Ball,2,50,150,Full bore,Flanged,ASME B16.10,SS316,Stainless steel,Stellite hardfaced,Tungsten carbide,PEEK,0,1,0,17,12,2.5,0.06,Pneumatic,Fail-open,0,0,1,1,0,0,1,0,0,1,0,0,0,RT,0,0,0,Basic,Casting,4,Standard,2,0.75,5,Generic-India,Domestic,0.68,241229
V01784,Steam,124.09,250,15.29,185,ISO Class I,None,0,0,0,Butterfly,8,200,1500,Reduced port,Wafer,ISO 5752,Duplex 2205,Duplex SS,SS316,Stellite,Metal seat,0,0,0,22,5.5,3,0.03,Gearbox,N/A,0,0,0,0,0,0,0,0,0,1,1,0,1,UT,0,0,0,Full (EN10204 3.1 + QAP/ITP),Casting,3,Standard,12,0.66,21,MidTier-India,Domestic,0.45,786538
V01785,Corrosive (Acid),22.61,180.3,3.83,63.4,ISO Class IV,None,0,0,0,Control,3,80,300,Reduced port,Socket-weld,ASME B16.10,SS316,Stainless steel,SS316,Tungsten carbide,Metal seat,0,1,0,17,12,2.5,0.06,Pneumatic,Fail-in-place,0,1,1,1,0,1,1,0,0,1,1,0,0,UT,1,0,0,Standard,Casting,3,Tight,8,0.75,18,Generic-India,Domestic,0.95,615219
V01786,Corrosive (Acid),35.87,63.6,10.28,34.8,ISO Class V,None,0,0,0,Needle,1.5,40,300,Full bore,Butt-weld,ISO 5752,SS316,Stainless steel,Stellite hardfaced,Stellite,Metal seat,0,1,0,17,12,2.5,0.06,Electric,Fail-open,0,0,0,1,0,0,0,0,0,1,1,1,0,PT+MT,1,0,0,Basic,Casting,5,Tight,8,0.72,12,Premium-India,Domestic,0.65,283591
V01787,Slurry,13.25,39.5,1.16,35.6,ISO Class IV,None,0,0,0,Gate,1,25,150,Full bore,Butt-weld,API 6D,CS/WCB,Carbon steel,Nickel Alloy 625,None,Metal seat,0,0,0,0.2,0.2,0.1,0.25,Gearbox,N/A,0,0,1,0,1,0,0,0,0,1,1,1,0,UT+RT,0,0,0,Standard,Casting,3,Tight,3,0.61,7,MidTier-India,Domestic,0.76,49734
V01788,Slurry,23.49,24.2,1.31,79,ISO Class V,None,0,0,0,Gate,4,100,300,Full bore,Threaded,ASME B16.10,SS316,Stainless steel,SS316,None,PTFE,0,1,0,17,12,2.5,0.06,Manual,N/A,0,0,0,0,0,0,0,0,0,1,1,0,0,MT,1,0,0,Basic,Casting,4,Tight,9,0.74,12,Generic-India,Domestic,0.34,170603
V01789,Slurry,7.85,67.4,2.69,224.1,ISO Class VI,None,0,0,0,Control,8,200,150,Reduced port,Butt-weld,ASME B16.10,CS/WCB,Carbon steel,SS316,None,Elastomer (NBR/EPDM),0,0,0,0.2,0.2,0.1,0.25,Electric,Fail-close,1,0,0,1,0,0,0,0,0,1,1,0,0,MT,0,0,1,Standard,Casting,5,Tight,6,0.65,26,Imported-Standard,Import,0.31,688494
V01790,Hydrocarbon,33.35,106.7,1.3,29.7,ISO Class II,None,0,0,0,Ball,0.5,15,300,Full bore,Butt-weld,ASME B16.10,SS316,Stainless steel,SS316,None,Elastomer (NBR/EPDM),0,1,0,17,12,2.5,0.06,Electric,Fail-close,0,0,1,1,0,0,0,0,0,1,1,0,0,PT+MT,0,0,0,Full (EN10204 3.1 + QAP/ITP),Casting,3,Tight,8,0.8,18,MidTier-India,Domestic,0.86,99211
V01791,Hydrocarbon,96.58,158.8,3.49,443.8,ISO Class IV,None,0,0,0,Ball,6,150,900,Reduced port,Butt-weld,ASME B16.10,CS/WCB,Carbon steel,SS316,Stellite,Metal seat,1,0,0,0.2,0.2,0.1,0.25,Manual,N/A,0,0,0,0,0,0,0,0,0,1,1,0,1,MT,1,0,1,Standard,Forging,2,Standard,9,0.56,14,Generic-India,Domestic,0.64,369491
V01792,Water,31.19,26.1,7.66,244.3,ISO Class III,None,0,0,0,Control,6,150,300,Reduced port,Butt-weld,API 6D,A105,Carbon steel,SS316,Ceramic coating,Metal seat,0,0,0,0.2,0.1,0.05,0.2,Electric,Fail-close,0,0,0,1,0,0,0,0,0,1,1,0,1,None,0,0,1,Standard,Casting,2,Tight,5,0.82,23,MidTier-India,Domestic,0.78,680227
V01793,Water,20.76,37,0.86,168,ISO Class III,None,0,0,0,Ball,6,150,300,Full bore,Flanged,ASME B16.10,Bronze,Copper alloy,SS316,Stellite,PTFE,0,0,0,0.2,0.8,0.1,0.02,Manual,N/A,0,0,0,0,0,0,0,0,0,1,1,0,0,RT,1,0,0,Standard,Forging,5,Standard,3,0.58,7,Generic-India,Domestic,0.98,333249
V01794,Water,9.33,9.6,0.6,773.9,ISO Class III,None,0,0,0,Check,16,400,150,Full bore,Flanged,ASME B16.10,SS316,Stainless steel,Stellite hardfaced,None,Metal seat,0,1,0,17,12,2.5,0.06,Manual,N/A,0,1,0,0,0,0,0,0,0,1,1,0,0,PT+MT,0,0,0,Basic,Casting,3,Standard,8,0.53,12,Premium-India,Domestic,0.78,443939
V01795,Air,170.31,72.1,29.07,580.2,ISO Class I,None,0,0,0,Globe,18,450,1500,Full bore,Flanged,ISO 5752,A105,Carbon steel,SS410,None,Metal seat,0,0,0,0.2,0.1,0.05,0.2,Pneumatic,Fail-open,1,0,1,1,0,0,1,1,1,0,1,0,0,UT,0,0,0,Standard,Casting,3,Tight,13,0.59,18,Imported-Standard,Domestic,0.98,2209143
V01796,Steam,113.85,184.8,8.2,55.8,ISO Class I,None,0,0,0,Check,2,50,1500,Full bore,Threaded,API 6D,CS/WCB,Carbon steel,Stellite hardfaced,None,Metal seat,0,0,0,0.2,0.2,0.1,0.25,Manual,N/A,0,0,0,1,0,0,0,0,0,1,1,0,0,PT+MT,1,0,0,Standard,Forging,3,Standard,16,0.49,9,MidTier-India,Domestic,0.88,162519
V01797,Water,55,64,8.78,128.1,ISO Class IV,None,0,0,0,Ball,4,100,900,Full bore,Flanged,API 6D,CS/WCB,Carbon steel,SS316,None,PTFE,0,0,0,0.2,0.2,0.1,0.25,Manual,N/A,0,0,0,0,0,0,0,0,0,1,0,0,0,UT+RT,0,0,0,Basic,Forging,2,Standard,11,0.93,10,MidTier-India,Domestic,0.76,274780
V01798,Hydrocarbon,145.54,-2.3,15.52,126.5,ISO Class V,None,0,0,0,Ball,6,150,1500,Full bore,Socket-weld,MSS SP-97,CS/WCB,Carbon steel,Stellite hardfaced,None,Metal seat,0,0,0,0.2,0.2,0.1,0.25,Electric,Fail-in-place,0,1,0,1,0,0,0,0,0,1,1,0,0,UT+RT,0,1,0,Basic,Forging,1,Tight,5,0.62,16,MidTier-India,Domestic,0.87,882472
V01799,Steam,92.32,242.9,8.15,17.4,ISO Class V,None,0,0,0,Ball,0.75,20,900,Reduced port,Wafer,ASME B16.10,Bronze,Copper alloy,SS410,None,Metal seat,0,0,0,0.2,0.8,0.1,0.02,Pneumatic,Fail-open,0,0,1,1,0,0,1,1,0,1,1,1,0,None,1,0,0,Basic,Forging,2,Tight,8,0.7,16,Generic-India,Domestic,0.97,153477
V01800,Water,171.72,0,5.81,286.1,ISO Class II,None,0,0,0,Butterfly,16,400,2500,Reduced port,Wafer,ASME B16.10,CS/WCB,Carbon steel,SS316,None,PTFE,0,0,0,0.2,0.2,0.1,0.25,Gearbox,N/A,0,0,0,0,0,0,0,0,0,1,0,0,1,RT,0,0,0,Basic,Casting,2,Tight,11,0.73,23,Imported-Standard,Import,0.42,1205377
V01801,Hydrocarbon,34.61,196,2.02,242.3,ISO Class VI,None,0,0,0,Check,12,300,300,Reduced port,Butt-weld,ISO 5752,CS/WCB,Carbon steel,SS316,ENP (Electroless Nickel),PEEK,1,0,0,0.2,0.2,0.1,0.25,Manual,N/A,0,0,0,0,0,0,0,0,0,1,1,0,0,PT+MT,1,0,0,Full (EN10204 3.1 + QAP/ITP),Casting,2,Tight,8,0.64,9,MidTier-India,Domestic,0.83,280177
V01802,Water,5.21,21.9,0.34,21,ISO Class V,None,0,0,0,Ball,1,25,150,Full bore,Flanged,ASME B16.10,SS316,Stainless steel,Stellite hardfaced,None,PTFE,0,0,0,17,12,2.5,0.06,Manual,N/A,0,1,0,0,0,0,0,0,0,1,1,0,0,MT,0,0,0,Full (EN10204 3.1 + QAP/ITP),Casting,3,Tight,10,0.79,11,Generic-India,Domestic,0.49,57311
V01803,Water,68.14,72.2,20.64,76.1,ISO Class II,None,0,0,0,Globe,2,50,600,Full bore,Butt-weld,ISO 5752,CS/WCB,Carbon steel,Stellite hardfaced,ENP (Electroless Nickel),Elastomer (NBR/EPDM),0,0,0,0.2,0.2,0.1,0.25,Manual,N/A,0,0,0,0,0,0,0,0,0,1,1,0,0,None,1,0,0,Full (EN10204 3.1 + QAP/ITP),Casting,5,Standard,7,0.9,13,MidTier-India,Domestic,0.95,148063
V01804,Water,19.8,25.8,0.13,44.1,ISO Class VI,None,0,0,0,Ball,3,80,600,Full bore,Threaded,ISO 5752,CS/WCB,Carbon steel,SS410,Stellite,Metal seat,0,0,0,0.2,0.2,0.1,0.25,Manual,N/A,0,0,0,0,0,0,0,0,0,1,1,0,0,None,1,0,0,Basic,Forging,4,Tight,14,0.69,18,MidTier-India,Domestic,0.98,183594
V01805,Hydrocarbon,83.45,102.8,9.37,24.3,ISO Class IV,None,0,0,0,Ball,0.5,15,900,Full bore,Flanged,API 6D,A105,Carbon steel,SS316,None,PEEK,0,0,0,0.2,0.1,0.05,0.2,Manual,N/A,0,0,0,0,0,0,0,0,0,1,0,1,0,None,0,0,0,Full (EN10204 3.1 + QAP/ITP),Forging,4,Tight,9,0.71,6,Generic-India,Domestic,0.93,53476
V01806,Air,33.74,68.9,0.39,99.6,ISO Class I,None,0,0,0,Ball,4,100,300,Full bore,Threaded,API 6D,CS/WCB,Carbon steel,SS316,Stellite,Metal seat,0,0,0,0.2,0.2,0.1,0.25,Manual,N/A,0,0,0,0,0,0,0,0,0,1,1,0,0,UT+RT,0,0,1,Standard,Casting,5,Standard,8,0.57,18,MidTier-India,Domestic,0.6,131995
V01807,Corrosive (Acid),32.82,34.2,3.26,45.4,ISO Class I,None,0,0,0,Check,2,50,300,Reduced port,Lug,ASME B16.10,Duplex 2205,Duplex SS,Duplex 2205,Stellite,PTFE,0,1,0,22,5.5,3,0.03,Pneumatic,Fail-close,1,1,1,1,0,0,1,0,0,1,1,0,0,UT+RT,1,0,0,Basic,Casting,5,Standard,12,0.77,13,Generic-India,Domestic,0.98,299935
V01808,Natural Gas,34.99,70.3,4.6,74.3,ISO Class III,None,0,0,0,Control,3,80,300,Reduced port,Flanged,ASME B16.10,SS316,Stainless steel,SS316,None,PTFE,0,1,0,17,12,2.5,0.06,Electric,Fail-open,0,0,0,1,0,0,0,0,0,1,1,0,1,None,0,0,1,Standard,Casting,4,Tight,12,0.7,13,Imported-Standard,Import,0.23,620136
V01809,Water,26.51,44.5,3.81,86.8,ISO Class III,None,0,0,0,Ball,4,100,300,Full bore,Threaded,API 6D,CS/WCB,Carbon steel,Alloy 20,None,Metal seat,0,0,0,0.2,0.2,0.1,0.25,Electric,Fail-close,0,0,0,1,0,0,0,0,0,1,1,0,0,PT+MT,0,0,0,Standard,Casting,1,Standard,5,0.75,13,MidTier-India,Domestic,0.44,238282
V01810,Oxygen,29.55,51.7,3.11,219.1,ISO Class V,None,0,0,0,Butterfly,12,300,300,Full bore,Lug,ASME B16.10,SS304,Stainless steel,SS410,None,PTFE,0,0,0,18,8,0.3,0.07,Manual,N/A,0,0,0,0,1,0,0,0,0,1,1,0,0,None,1,0,0,Standard,Casting,3,Tight,11,0.86,18,Generic-India,Domestic,0.85,266581
V01811,Corrosive (Acid),10.4,32.2,4.6,27.8,ISO Class IV,None,0,0,0,Globe,0.75,20,150,Full bore,Threaded,ASME B16.10,SS316,Stainless steel,SS316,None,PTFE,0,0,0,17,12,2.5,0.06,Pneumatic,Fail-close,1,0,1,1,0,0,1,0,0,1,1,0,0,None,0,0,1,Standard,Forging,2,Tight,8,0.75,19,Imported-Standard,Import,0.1,60043
V01812,Water,56.8,0,5.08,128.3,ISO Class VI,None,0,0,0,Ball,3,80,600,Reduced port,Lug,ASME B16.10,SS304,Stainless steel,Stellite hardfaced,None,Elastomer (NBR/EPDM),0,0,0,18,8,0.3,0.07,Manual,N/A,0,0,0,0,0,0,0,0,0,1,1,0,1,UT,1,0,0,Standard,Casting,4,Tight,6,0.74,17,MidTier-India,Domestic,0.51,273921
V01813,Hydrocarbon,152.84,77.6,13.52,246.1,ISO Class VI,None,0,0,0,Check,8,200,1500,Reduced port,Butt-weld,API 6D,SS316,Stainless steel,Stellite hardfaced,None,Elastomer (NBR/EPDM),1,1,0,17,12,2.5,0.06,Gearbox,N/A,0,0,0,0,0,0,0,0,0,1,1,0,1,None,1,0,0,Standard,Casting,4,Tight,12,0.65,9,MidTier-India,Domestic,0.78,732788
V01814,Air,106.2,64.8,3.62,360.6,ISO Class V,None,0,0,0,Butterfly,10,250,900,Full bore,Flanged,API 6D,SS316,Stainless steel,SS316,None,PTFE,0,1,0,17,12,2.5,0.06,Manual,N/A,0,1,0,0,0,0,0,0,0,1,1,0,0,UT,0,0,0,Standard,Forging,2,Tight,3,0.65,14,Imported-Standard,Import,0.43,845810
V01815,Natural Gas,36.38,51.3,7.04,177.8,ISO Class III,None,0,0,0,Control,4,100,300,Reduced port,Threaded,ISO 5752,SS304,Stainless steel,Stellite hardfaced,ENP (Electroless Nickel),PTFE,1,0,0,18,8,0.3,0.07,Electric,Fail-open,1,0,0,1,0,0,0,0,0,1,0,0,0,None,0,0,0,Basic,Forging,2,Tight,7,0.59,21,Generic-India,Domestic,0.66,479444
V01816,Oxygen,30.4,0.8,1.36,327.5,ISO Class VI,None,0,0,0,Gate,10,250,300,Full bore,Flanged,ASME B16.10,SS304,Stainless steel,Nickel Alloy 625,ENP (Electroless Nickel),PTFE,0,0,0,18,8,0.3,0.07,Pneumatic,Fail-open,0,0,1,1,0,0,1,1,0,1,1,0,0,UT,1,0,0,Standard,Casting,4,Tight,15,0.8,9,MidTier-India,Domestic,0.73,930348
V01817,Water,23.28,61.8,0.2,30.3,ISO Class VI,None,0,0,0,Control,1,25,300,Full bore,Flanged,ASME B16.10,CS/WCB,Carbon steel,SS316,None,Elastomer (NBR/EPDM),0,0,0,0.2,0.2,0.1,0.25,Manual,N/A,0,1,0,0,0,0,0,0,0,1,1,0,1,None,0,1,0,Standard,Casting,3,Tight,8,0.9,13,MidTier-India,Domestic,0.91,85187
V01818,Natural Gas,26.46,214.5,5.78,31.2,ISO Class III,None,0,0,0,Control,1.5,40,600,Full bore,Butt-weld,ASME B16.10,SS304,Stainless steel,Nickel Alloy 625,Tungsten carbide,Metal seat,0,0,0,18,8,0.3,0.07,Pneumatic,Fail-close,1,1,1,1,0,1,1,0,0,1,1,0,0,UT+RT,1,0,0,Basic,Casting,4,Tight,7,0.58,23,Generic-India,Domestic,0.63,717825
V01819,Oxygen,12.22,88.8,0.82,136.9,ISO Class IV,None,0,0,0,Check,6,150,150,Reduced port,Threaded,ASME B16.10,SS316,Stainless steel,Alloy 20,ENP (Electroless Nickel),PEEK,0,0,0,17,12,2.5,0.06,Electric,Fail-close,1,0,0,1,0,0,0,0,0,1,1,0,0,UT+RT,1,0,0,Standard,Casting,1,Tight,15,0.8,11,MidTier-India,Domestic,0.98,340196
V01820,Hydrocarbon,15.65,67.3,1.13,30.4,ISO Class V,None,0,0,0,Gate,1.5,40,300,Reduced port,Lug,ASME B16.10,CS/WCB,Carbon steel,Nickel Alloy 625,None,PTFE,0,0,0,0.2,0.2,0.1,0.25,Manual,N/A,0,1,1,0,0,0,0,0,0,1,1,0,1,None,0,0,0,Standard,Casting,3,Tight,10,0.56,15,Generic-India,Domestic,0.98,63615
V01821,Natural Gas,82.07,73.2,30.74,16.6,ISO Class IV,None,0,0,0,Needle,1,25,900,Full bore,Flanged,ASME B16.10,SS304,Stainless steel,SS316,None,Metal seat,0,0,0,18,8,0.3,0.07,Pneumatic,Fail-close,1,0,1,1,0,0,1,1,0,1,1,0,0,PT+MT,1,0,0,Standard,Forging,3,Standard,8,0.86,11,Imported-Premium,Domestic,0.65,298629
V01822,Water,96.19,39.4,11.61,38.2,ISO Class V,None,0,0,0,Control,2,50,900,Full bore,Flanged,ISO 5752,SS304,Stainless steel,SS410,None,Metal seat,0,0,0,18,8,0.3,0.07,Gearbox,N/A,0,0,0,0,0,0,0,0,0,1,1,0,0,None,0,0,0,Basic,Forging,5,Tight,5,0.6,26,MidTier-India,Domestic,0.94,471335
V01823,Slurry,10.45,64.7,1.71,1060.9,ISO Class II,None,0,0,0,Butterfly,18,450,150,Full bore,Lug,ISO 5752,SS316,Stainless steel,SS316,None,PTFE,0,1,1,17,12,2.5,0.06,Manual,N/A,0,0,0,0,0,0,0,0,0,1,1,0,0,PT,0,0,0,Standard,Casting,4,Standard,6,0.6,18,Generic-India,Domestic,0.98,391001
V01824,Natural Gas,56.34,170.9,7.03,35,ISO Class III,None,0,0,0,Check,1,25,600,Full bore,Flanged,MSS SP-97,SS316,Stainless steel,SS316,Tungsten carbide,Elastomer (NBR/EPDM),0,0,0,17,12,2.5,0.06,Pneumatic,Fail-close,0,0,1,1,0,0,1,0,0,1,1,0,0,UT+RT,1,1,1,Standard,Forging,3,Standard,8,0.63,11,Generic-India,Domestic,0.61,154564
V01825,Slurry,88.08,58.8,11.07,115.5,ISO Class II,None,0,0,0,Ball,2,50,900,Full bore,Flanged,ASME B16.10,CS/WCB,Carbon steel,SS316,None,Metal seat,0,0,1,0.2,0.2,0.1,0.25,Manual,N/A,0,0,0,0,0,0,0,0,0,1,1,0,0,PT,1,0,0,Full (EN10204 3.1 + QAP/ITP),Forging,5,Standard,12,0.63,7,Generic-India,Domestic,0.94,204986
V01826,Steam,84.67,249.1,0.2,56.8,ISO Class V,None,0,0,0,Control,2,50,600,Reduced port,Flanged,ISO 5752,A105,Carbon steel,SS316,Stellite,Metal seat,0,0,0,0.2,0.1,0.05,0.2,Pneumatic,Fail-open,1,1,1,1,1,1,1,0,0,1,1,0,0,UT,0,0,0,Basic,Casting,5,Tight,12,0.89,24,Premium-India,Domestic,0.63,487890
V01827,Hydrocarbon,32.95,64.5,5.55,273.7,ISO Class V,None,0,0,0,Butterfly,18,450,300,Full bore,Wafer,ASME B16.10,A105,Carbon steel,SS316,None,PTFE,1,0,0,0.2,0.1,0.05,0.2,Manual,N/A,0,0,0,0,1,0,0,0,0,1,1,1,0,MT,1,0,0,Basic,Casting,4,Tight,9,0.7,9,MidTier-India,Domestic,0.34,315269
V01828,Oxygen,46.67,73.4,1.54,120.5,ISO Class IV,None,0,0,0,Butterfly,3,80,600,Reduced port,Flanged,API 6D,SS304,Stainless steel,Stellite hardfaced,None,PTFE,0,0,0,18,8,0.3,0.07,Pneumatic,Fail-in-place,1,0,1,1,0,0,1,0,0,1,0,0,0,PT,1,0,0,Basic,Forging,1,Tight,9,0.45,24,MidTier-India,Domestic,0.72,216411
V01829,Water,42.92,28.1,6.51,66,ISO Class I,None,0,0,0,Control,3,80,600,Reduced port,Flanged,ASME B16.10,Duplex 2205,Duplex SS,Alloy 20,Ceramic coating,Metal seat,0,0,0,22,5.5,3,0.03,Electric,Fail-in-place,0,0,0,1,0,0,0,0,0,1,1,0,0,MT,1,1,0,Basic,Forging,4,Tight,11,0.82,26,Generic-India,Domestic,0.7,938020
V01830,Water,35.42,51.8,3.32,22.3,ISO Class III,None,0,0,0,Check,0.75,20,600,Full bore,Threaded,API 6D,CS/WCB,Carbon steel,Alloy 20,ENP (Electroless Nickel),PTFE,0,0,0,0.2,0.2,0.1,0.25,Manual,N/A,0,0,0,0,0,0,0,0,0,1,1,0,0,PT,1,0,0,Full (EN10204 3.1 + QAP/ITP),Casting,3,Standard,9,0.59,20,Generic-India,Domestic,0.71,53125
V01831,Natural Gas,265.91,258,40.02,580.4,ISO Class IV,None,0,0,0,Check,16,400,2500,Reduced port,Flanged,ASME B16.10,CS/WCB,Carbon steel,Alloy 20,None,Metal seat,0,0,0,0.2,0.2,0.1,0.25,Pneumatic,Fail-open,0,0,1,1,0,0,1,1,0,1,1,1,0,None,0,1,0,Full (EN10204 3.1 + QAP/ITP),Casting,2,Standard,10,0.74,11,MidTier-India,Domestic,0.92,1670990
V01832,Natural Gas,71.5,51.7,28.6,178.7,ISO Class V,Anti-cavitation trim,1,0,0,Control,6,150,600,Reduced port,Flanged,API 6D,CS/WCB,Carbon steel,SS316,None,PTFE,0,0,0,0.2,0.2,0.1,0.25,Hydraulic,Fail-close,1,0,0,0,0,0,0,0,0,1,1,1,0,PT+MT,0,0,0,Basic,Casting,5,Tight,11,0.71,22,Imported-Standard,Import,0.62,952798
V01833,Water,174.6,40.5,0.05,75.4,ISO Class V,None,0,0,0,Check,4,100,1500,Full bore,Butt-weld,ASME B16.10,CS/WCB,Carbon steel,Stellite hardfaced,Tungsten carbide,PTFE,0,0,0,0.2,0.2,0.1,0.25,Manual,N/A,0,0,0,0,0,0,0,0,0,1,1,0,0,RT,1,0,0,Standard,Forging,3,Tight,15,0.86,16,Premium-India,Domestic,0.59,392530
V01834,Natural Gas,29.61,79.7,3.21,407.3,ISO Class VI,None,0,0,0,Butterfly,12,300,300,Full bore,Wafer,ASME B16.10,CS/WCB,Carbon steel,SS316,None,PTFE,0,0,0,0.2,0.2,0.1,0.25,Manual,N/A,0,0,0,0,0,0,0,0,0,1,1,0,0,None,0,0,0,Full (EN10204 3.1 + QAP/ITP),Casting,2,Tight,7,0.89,21,Generic-India,Domestic,0.79,189052
V01835,Hydrocarbon,14.89,240.4,2.12,34.5,ISO Class IV,None,0,0,0,Ball,0.75,20,300,Full bore,Lug,ISO 5752,Duplex 2205,Duplex SS,SS316,None,Metal seat,1,0,0,22,5.5,3,0.03,Pneumatic,Fail-in-place,0,0,1,1,0,0,1,0,0,1,1,1,0,RT,1,0,0,Basic,Casting,2,Standard,11,0.7,17,Imported-Standard,Import,0.28,155166
V01836,Slurry,12.57,36.8,0.57,26.8,ISO Class I,None,0,0,0,Check,0.75,20,150,Reduced port,Flanged,ISO 5752,SS316,Stainless steel,Stellite hardfaced,Tungsten carbide,Metal seat,0,1,1,17,12,2.5,0.06,Manual,N/A,0,0,1,0,0,0,0,0,0,1,0,0,0,PT,0,0,0,Standard,Casting,5,Standard,10,0.85,14,MidTier-India,Domestic,0.98,39923
V01837,Hydrocarbon,46.61,270.6,5.01,71.4,ISO Class II,None,0,0,0,Check,1.5,40,300,Full bore,Flanged,ASME B16.10,SS316,Stainless steel,Nickel Alloy 625,Tungsten carbide,Metal seat,0,1,0,17,12,2.5,0.06,Manual,N/A,0,0,0,0,0,0,0,0,0,1,0,0,0,None,0,0,0,Full (EN10204 3.1 + QAP/ITP),Casting,3,Standard,7,0.65,14,Generic-India,Domestic,0.86,112793
V01838,Corrosive (Acid),138.86,85,3.7,33.3,ISO Class I,None,0,0,0,Needle,0.75,20,900,Reduced port,Butt-weld,API 6D,Nickel Alloy 625,Nickel alloy,SS316,Stellite,Metal seat,0,0,0,21.5,60,9,0.02,Pneumatic,Fail-open,1,0,1,1,0,0,1,1,0,1,1,0,0,None,0,0,0,Full (EN10204 3.1 + QAP/ITP),Forging,3,Standard,9,0.77,7,Imported-Standard,Import,0.24,398760
V01839,Natural Gas,12.58,202.8,0.08,410.1,ISO Class VI,None,0,0,0,Check,8,200,150,Full bore,Flanged,ASME B16.10,A105,Carbon steel,SS316,Tungsten carbide,Metal seat,0,0,0,0.2,0.1,0.05,0.2,Manual,N/A,0,0,0,0,0,0,0,0,0,1,1,0,0,None,0,0,0,Basic,Casting,4,Tight,6,0.48,9,MidTier-India,Domestic,0.63,250396
V01840,Air,26.96,24.8,7.34,15.9,ISO Class III,None,0,0,0,Control,1,25,300,Reduced port,Butt-weld,API 6D,CS/WCB,Carbon steel,Nickel Alloy 625,Ceramic coating,Elastomer (NBR/EPDM),0,0,0,0.2,0.2,0.1,0.25,Manual,N/A,0,0,0,0,0,0,0,0,0,0,1,0,0,PT+MT,1,0,0,Basic,Casting,5,Tight,5,0.62,25,MidTier-India,Domestic,0.98,127395
V01841,Natural Gas,55.51,78.2,18.17,112.9,ISO Class V,None,0,0,0,Control,3,80,900,Reduced port,Flanged,ISO 5752,SS316,Stainless steel,SS410,None,Elastomer (NBR/EPDM),0,1,0,17,12,2.5,0.06,Pneumatic,Fail-close,1,1,1,1,0,1,1,1,0,1,0,1,0,PT+MT,0,0,0,Full (EN10204 3.1 + QAP/ITP),Forging,2,Tight,8,0.66,10,Generic-India,Domestic,0.64,890889
V01842,Water,37.3,58.9,5.11,99.4,ISO Class II,None,0,0,0,Butterfly,3,80,300,Full bore,Wafer,ISO 5752,Duplex 2205,Duplex SS,SS316,None,PEEK,0,1,0,22,5.5,3,0.03,Manual,N/A,0,0,0,0,0,0,0,0,0,1,1,0,0,MT,1,0,0,Full (EN10204 3.1 + QAP/ITP),Casting,3,Tight,9,0.8,19,Imported-Standard,Domestic,0.72,167666
V01843,Steam,11.6,248.7,1.79,24.1,ISO Class IV,None,0,0,0,Gate,1,25,150,Reduced port,Flanged,ASME B16.10,Duplex 2205,Duplex SS,SS410,None,PEEK,0,1,0,22,5.5,3,0.03,Manual,N/A,0,0,0,0,0,0,0,0,0,1,1,1,0,MT,0,0,0,Basic,Casting,3,Standard,13,0.67,20,Imported-Standard,Import,0.14,106122
V01844,Natural Gas,67.28,180.7,4.94,518,ISO Class V,None,0,0,0,Butterfly,14,350,900,Reduced port,Wafer,ISO 5752,Duplex 2205,Duplex SS,Stellite hardfaced,None,Metal seat,1,1,0,22,5.5,3,0.03,Manual,N/A,0,0,0,0,0,0,0,0,0,1,1,1,0,UT,0,0,0,Basic,Casting,4,Tight,15,0.68,11,Premium-India,Domestic,0.98,971386
V01845,Air,8.14,12.7,1.56,153.3,ISO Class II,None,0,0,0,Check,6,150,150,Full bore,Flanged,ISO 5752,CS/WCB,Carbon steel,Stellite hardfaced,Tungsten carbide,Metal seat,0,0,0,0.2,0.2,0.1,0.25,Pneumatic,Fail-close,0,0,1,1,0,0,1,1,0,1,1,0,0,PT,1,0,0,Standard,Casting,5,Standard,9,0.74,15,Imported-Premium,Import,0.68,297446
V01846,Corrosive (Acid),11.18,66.7,2.44,79,ISO Class III,None,0,0,0,Control,3,80,150,Reduced port,Flanged,API 6D,SS316,Stainless steel,Duplex 2205,ENP (Electroless Nickel),Metal seat,0,0,0,17,12,2.5,0.06,Electric,Fail-open,0,1,0,1,0,0,0,0,0,1,1,0,0,MT,1,0,0,Basic,Casting,4,Tight,9,0.72,14,Generic-India,Domestic,0.89,370586
V01847,Oxygen,16.84,80.1,6.34,200.7,ISO Class IV,Anti-cavitation trim,1,1,0,Control,6,150,150,Reduced port,Flanged,ASME B16.10,SS304,Stainless steel,SS316,None,Metal seat,0,0,0,18,8,0.3,0.07,Electric,Fail-open,0,0,0,1,0,0,0,0,0,1,1,0,0,RT,1,0,0,Standard,Casting,4,Tight,11,0.91,27,Imported-Standard,Import,0.26,689691
V01848,Water,12.41,70.9,0.94,253.8,ISO Class V,None,0,0,0,Butterfly,10,250,150,Reduced port,Flanged,ISO 5752,CS/WCB,Carbon steel,SS316,Ceramic coating,Metal seat,0,0,0,0.2,0.2,0.1,0.25,Hydraulic,Fail-in-place,0,0,1,0,1,0,0,0,0,1,1,0,0,MT,0,0,0,Basic,Casting,5,Tight,5,0.61,7,Generic-India,Domestic,0.56,513615
V01849,Water,79.62,48.1,8.74,97.8,ISO Class I,None,0,0,0,Gate,3,80,600,Reduced port,Socket-weld,ASME B16.10,SS316,Stainless steel,Nickel Alloy 625,None,Metal seat,0,0,0,17,12,2.5,0.06,Manual,N/A,0,0,0,0,0,0,0,0,0,1,1,0,0,MT,1,0,0,Standard,Casting,2,Tight,15,0.88,16,Generic-India,Domestic,0.58,200354
V01850,Natural Gas,21.69,126.8,2.14,112.4,ISO Class IV,None,0,0,0,Ball,4,100,300,Reduced port,Flanged,ISO 5752,SS304,Stainless steel,Alloy 20,ENP (Electroless Nickel),Metal seat,0,0,0,18,8,0.3,0.07,Pneumatic,Fail-in-place,1,0,1,1,0,0,1,0,0,1,1,1,0,RT,0,0,0,Standard,Casting,1,Standard,14,0.75,16,Imported-Standard,Import,0.29,391753
V01851,Natural Gas,27.29,97.4,3.34,73.9,ISO Class IV,None,0,0,0,Check,1.5,40,300,Full bore,Wafer,MSS SP-97,SS316,Stainless steel,SS316,Stellite,Metal seat,0,1,0,17,12,2.5,0.06,Pneumatic,Fail-close,0,0,1,1,0,0,1,0,0,1,1,0,0,MT,0,0,0,Basic,Casting,4,Standard,11,0.94,16,Imported-Premium,Domestic,0.97,232713
V01852,Water,53.04,46.1,1.48,508.8,ISO Class IV,None,0,0,0,Gate,14,350,1500,Full bore,Flanged,ASME B16.10,SS304,Stainless steel,SS316,None,Metal seat,0,0,0,18,8,0.3,0.07,Gearbox,N/A,0,0,1,0,1,0,0,0,0,1,1,0,0,UT+RT,0,0,1,Basic,Casting,2,Standard,14,0.86,22,Generic-India,Domestic,0.41,1271555
V01853,Water,145.35,75.2,13.59,49.8,ISO Class V,None,0,0,0,Ball,1.5,40,900,Reduced port,Flanged,API 6D,SS316,Stainless steel,Duplex 2205,None,Metal seat,0,1,0,17,12,2.5,0.06,Manual,N/A,0,0,0,0,0,0,0,0,0,1,1,1,0,UT,0,0,0,Basic,Forging,3,Tight,2,0.63,13,Generic-India,Domestic,0.61,196892
V01854,Slurry,96.9,52.5,9.37,36.5,ISO Class II,None,0,0,0,Ball,1,25,600,Full bore,Flanged,ASME B16.10,CS/WCB,Carbon steel,Duplex 2205,None,Metal seat,0,0,1,0.2,0.2,0.1,0.25,Manual,N/A,0,0,0,0,0,0,0,0,0,1,1,0,0,MT,0,0,1,Standard,Forging,4,Standard,7,0.87,16,Imported-Standard,Import,0.16,100942
V01855,Corrosive (Acid),52.94,69.1,5.85,43.6,ISO Class III,None,0,0,0,Check,1,25,600,Reduced port,Threaded,MSS SP-97,SS316,Stainless steel,SS316,None,PTFE,0,1,0,17,12,2.5,0.06,Manual,N/A,0,0,0,0,0,0,0,0,0,1,1,0,0,PT+MT,0,1,0,Full (EN10204 3.1 + QAP/ITP),Casting,4,Tight,9,0.73,5,Generic-India,Domestic,0.91,82078
V01856,Steam,57.03,236.8,6.78,332.9,ISO Class IV,None,0,0,0,Butterfly,6,150,900,Full bore,Flanged,ISO 5752,CS/WCB,Carbon steel,SS316,Stellite,Metal seat,0,0,0,0.2,0.2,0.1,0.25,Gearbox,N/A,0,0,0,0,1,0,0,0,0,1,1,0,0,PT,0,1,0,Standard,Forging,4,Tight,9,0.83,12,Generic-India,Domestic,0.83,363915
V01857,Water,114.73,9.8,14.8,198.1,ISO Class V,None,0,0,0,Butterfly,6,150,900,Reduced port,Wafer,ASME B16.10,SS316,Stainless steel,SS316,None,Metal seat,0,1,0,17,12,2.5,0.06,Manual,N/A,0,0,0,0,0,0,0,0,0,1,0,0,0,MT,1,0,0,Basic,Forging,4,Tight,6,0.73,14,MidTier-India,Domestic,0.84,321109
V01858,Slurry,33.89,4.6,1.35,48.6,ISO Class IV,None,0,0,0,Check,3,80,300,Full bore,Butt-weld,ASME B16.10,CS/WCB,Carbon steel,SS316,None,PTFE,0,0,0,0.2,0.2,0.1,0.25,Manual,N/A,0,0,0,0,0,0,0,0,0,1,1,0,0,PT+MT,0,1,0,Standard,Forging,4,Tight,9,0.77,21,MidTier-India,Domestic,0.69,115801
V01859,Corrosive (Acid),10.68,75.7,1.69,167.1,ISO Class V,None,0,0,0,Check,2,50,150,Full bore,Threaded,API 6D,SS316,Stainless steel,Stellite hardfaced,None,PTFE,0,1,0,17,12,2.5,0.06,Gearbox,N/A,0,0,0,0,0,0,0,0,0,1,1,0,0,PT,0,0,0,Standard,Casting,2,Tight,11,0.76,16,Imported-Standard,Import,0.39,84980
V01860,Corrosive (Acid),1,156.7,0.05,235,ISO Class V,None,0,0,0,Butterfly,8,200,300,Full bore,Wafer,ASME B16.10,SS316,Stainless steel,Nickel Alloy 625,ENP (Electroless Nickel),PTFE,0,1,0,17,12,2.5,0.06,Manual,N/A,0,0,0,0,0,0,0,0,0,1,1,0,1,RT,0,0,0,Standard,Forging,3,Tight,6,0.75,14,Generic-India,Domestic,0.61,273244
V01861,Corrosive (Acid),27.75,126.4,1.36,113.2,ISO Class I,None,0,0,0,Globe,6,150,300,Reduced port,Butt-weld,API 6D,SS316,Stainless steel,SS410,Stellite,PTFE,0,1,0,17,12,2.5,0.06,Pneumatic,Fail-in-place,0,0,1,1,0,0,1,1,0,1,1,0,0,RT,0,0,0,Standard,Casting,4,Standard,6,0.61,11,Generic-India,Domestic,0.73,563765
V01862,Natural Gas,217.69,48,79.67,79.5,ISO Class I,Low-noise trim,0,1,0,Control,2,50,2500,Reduced port,Threaded,API 6D,A105,Carbon steel,Stellite hardfaced,None,Elastomer (NBR/EPDM),1,0,0,0.2,0.1,0.05,0.2,Gearbox,N/A,0,1,0,0,0,0,0,0,0,1,0,0,1,None,0,1,0,Standard,Forging,2,Tight,8,0.84,30,Imported-Standard,Import,0.47,522415
V01863,Corrosive (Acid),7.5,159,0.52,301.8,ISO Class II,None,0,0,0,Butterfly,8,200,150,Reduced port,Wafer,ASME B16.10,SS316,Stainless steel,Stellite hardfaced,None,PTFE,0,0,0,17,12,2.5,0.06,Manual,N/A,0,0,0,0,0,0,0,0,0,1,0,0,1,UT+RT,1,0,1,Standard,Casting,2,Tight,11,0.82,23,MidTier-India,Domestic,0.98,163093
V01864,Air,96.9,83.8,10.89,62.7,ISO Class IV,None,0,0,0,Check,3,80,600,Reduced port,Flanged,ASME B16.10,SS316,Stainless steel,SS410,None,Elastomer (NBR/EPDM),0,1,0,17,12,2.5,0.06,Manual,N/A,0,1,0,0,1,0,0,0,0,1,1,0,0,PT+MT,0,0,0,Standard,Casting,1,Standard,4,0.61,21,Generic-India,Domestic,0.85,181044
V01865,Oxygen,9.99,32.3,1.28,176.4,ISO Class VI,None,0,0,0,Ball,8,200,150,Reduced port,Flanged,ASME B16.10,Bronze,Copper alloy,Stellite hardfaced,None,PTFE,0,0,0,0.2,0.8,0.1,0.02,Manual,N/A,0,0,0,0,0,0,0,0,0,1,1,0,0,PT+MT,0,0,0,Standard,Forging,3,Tight,9,0.62,22,Imported-Premium,Import,0.31,275350
V01866,Slurry,107.64,61.6,11.25,10,ISO Class III,None,0,0,0,Check,0.5,15,900,Full bore,Butt-weld,API 6D,CS/WCB,Carbon steel,Stellite hardfaced,None,Metal seat,0,0,0,0.2,0.2,0.1,0.25,Electric,Fail-close,0,0,0,1,0,0,0,0,0,1,0,0,0,MT,1,0,1,Basic,Forging,4,Standard,15,0.57,16,MidTier-India,Domestic,0.59,127898
V01867,Natural Gas,14.69,139.7,0.09,420.3,ISO Class II,None,0,0,0,Butterfly,20,500,150,Reduced port,Wafer,ASME B16.10,SS316,Stainless steel,SS316,None,PTFE,0,0,0,17,12,2.5,0.06,Manual,N/A,0,0,0,0,0,0,0,0,0,1,1,0,0,None,1,0,0,Full (EN10204 3.1 + QAP/ITP),Casting,4,Standard,4,0.56,14,Generic-India,Domestic,0.78,331928
V01868,Water,24.02,73,0.68,347.3,ISO Class III,None,0,0,0,Gate,8,200,300,Full bore,Flanged,ASME B16.10,CS/WCB,Carbon steel,SS410,Stellite,Metal seat,0,0,0,0.2,0.2,0.1,0.25,Manual,N/A,0,0,0,0,0,0,0,0,0,1,0,1,0,PT,1,0,1,Standard,Casting,3,Tight,10,0.86,12,Generic-India,Domestic,0.62,226387
V01869,Water,3.55,45.6,0.83,12.8,ISO Class II,None,0,0,0,Globe,0.75,20,150,Full bore,Butt-weld,ASME B16.10,SS316,Stainless steel,Duplex 2205,Stellite,PTFE,0,1,0,17,12,2.5,0.06,Pneumatic,Fail-close,1,0,1,1,0,0,1,0,0,1,1,0,0,MT,0,0,0,Standard,Casting,2,Tight,13,0.83,8,Generic-India,Domestic,0.66,88506
V01870,Hydrocarbon,44.6,63.4,8.89,73.2,ISO Class III,Low-noise trim,0,1,0,Needle,2,50,600,Full bore,Flanged,API 6D,A105,Carbon steel,Stellite hardfaced,Stellite,Metal seat,0,0,0,0.2,0.1,0.05,0.2,Pneumatic,Fail-close,0,0,1,1,0,0,1,0,0,1,1,0,0,None,1,0,1,Basic,Casting,4,Standard,6,0.78,14,Imported-Standard,Import,0.2,293076
V01871,Natural Gas,16.44,201.4,2.85,272.2,ISO Class I,None,0,0,0,Ball,10,250,300,Reduced port,Flanged,ASME B16.10,Duplex 2205,Duplex SS,Stellite hardfaced,None,Metal seat,1,1,0,22,5.5,3,0.03,Gearbox,N/A,0,0,0,0,0,0,0,0,0,1,0,0,1,UT,1,1,0,Standard,Casting,3,Standard,16,0.87,8,Imported-Premium,Import,0.33,915434
V01872,Water,62.92,59.6,2.39,154.1,ISO Class VI,None,0,0,0,Butterfly,6,150,900,Full bore,Wafer,API 6D,CS/WCB,Carbon steel,SS316,Tungsten carbide,Metal seat,0,0,0,0.2,0.2,0.1,0.25,Gearbox,N/A,0,0,0,0,0,0,0,0,0,1,1,1,0,None,0,0,0,Basic,Forging,3,Tight,4,0.47,19,Imported-Premium,Import,0.24,622579
V01873,Oxygen,17.19,24.8,3.79,149.8,ISO Class VI,None,0,0,0,Check,3,80,150,Full bore,Socket-weld,ASME B16.10,SS316,Stainless steel,Nickel Alloy 625,None,PTFE,0,1,0,17,12,2.5,0.06,Manual,N/A,0,0,0,0,0,0,0,0,0,1,1,0,0,UT,1,1,1,Full (EN10204 3.1 + QAP/ITP),Forging,2,Tight,2,0.8,14,Imported-Standard,Import,0.41,133387
V01874,Hydrocarbon,6.54,90.1,0.8,335.1,ISO Class IV,None,0,0,0,Butterfly,12,300,150,Full bore,Wafer,ASME B16.10,CS/WCB,Carbon steel,Stellite hardfaced,None,PTFE,1,0,0,0.2,0.2,0.1,0.25,Manual,N/A,0,0,0,1,0,0,0,0,0,1,1,0,0,None,0,0,0,Standard,Casting,3,Standard,3,0.73,8,Imported-Premium,Import,0.49,197031
V01875,Air,50.67,104.1,3.12,80.6,ISO Class II,None,0,0,0,Ball,3,80,600,Full bore,Wafer,ISO 5752,A105,Carbon steel,SS410,Ceramic coating,PEEK,0,0,0,0.2,0.1,0.05,0.2,Manual,N/A,0,0,0,0,0,0,0,0,0,1,1,0,0,PT+MT,1,0,1,Full (EN10204 3.1 + QAP/ITP),Forging,4,Standard,3,0.87,19,Generic-India,Domestic,0.85,124951
V01876,Corrosive (Acid),9.56,16.4,1.41,420.7,ISO Class III,None,0,0,0,Gate,8,200,150,Full bore,Flanged,ASME B16.10,Duplex 2205,Duplex SS,Stellite hardfaced,Stellite,PEEK,0,0,0,22,5.5,3,0.03,Manual,N/A,0,1,0,0,0,0,0,0,0,1,1,0,0,None,1,0,0,Standard,Casting,4,Standard,8,0.69,23,MidTier-India,Domestic,0.8,482205
V01877,Water,23.82,85.2,8.13,41.4,ISO Class IV,None,0,0,0,Needle,1,25,300,Reduced port,Threaded,ISO 5752,Bronze,Copper alloy,Nickel Alloy 625,ENP (Electroless Nickel),Elastomer (NBR/EPDM),0,0,0,0.2,0.8,0.1,0.02,Gearbox,N/A,0,0,0,0,0,0,0,0,0,1,1,0,0,UT,0,1,0,Standard,Casting,3,Standard,8,0.79,21,MidTier-India,Domestic,0.95,61276
V01878,Water,22,70.3,0.75,101.2,ISO Class I,None,0,0,0,Control,4,100,600,Full bore,Socket-weld,MSS SP-97,A105,Carbon steel,Alloy 20,None,Metal seat,0,0,0,0.2,0.1,0.05,0.2,Electric,Fail-close,0,0,0,1,0,0,0,0,0,1,0,1,0,None,0,1,0,Basic,Casting,4,Tight,4,0.76,34,MidTier-India,Domestic,0.69,672462
V01879,Air,145.35,71.6,6,27.3,ISO Class VI,None,0,0,0,Ball,0.75,20,900,Full bore,Socket-weld,ASME B16.10,CS/WCB,Carbon steel,SS410,Tungsten carbide,Metal seat,0,0,0,0.2,0.2,0.1,0.25,Manual,N/A,0,0,0,0,0,0,0,0,0,1,0,1,0,MT,0,0,0,Basic,Forging,4,Tight,12,0.87,5,Premium-India,Domestic,0.58,104834
V01880,Slurry,18.73,0,2.64,49.9,ISO Class V,None,0,0,0,Control,2,50,300,Full bore,Butt-weld,ASME B16.10,CS/WCB,Carbon steel,SS410,None,PTFE,0,0,0,0.2,0.2,0.1,0.25,Electric,Fail-open,0,0,0,1,0,0,0,0,0,1,1,0,1,UT,0,0,0,Full (EN10204 3.1 + QAP/ITP),Casting,3,Tight,5,0.72,25,MidTier-India,Domestic,0.98,236482
V01881,Water,7.47,21.9,1.63,73.8,ISO Class III,None,0,0,0,Control,2,50,150,Full bore,Socket-weld,ASME B16.10,Duplex 2205,Duplex SS,SS316,None,PTFE,0,1,0,22,5.5,3,0.03,Hydraulic,Fail-in-place,1,0,0,0,0,0,0,0,0,1,1,0,0,None,0,1,0,Standard,Forging,4,Tight,13,0.73,33,MidTier-India,Domestic,0.61,354523
V01882,Natural Gas,70.24,92.2,0.71,416.8,ISO Class V,None,0,0,0,Butterfly,10,250,600,Reduced port,Wafer,ASME B16.10,CS/WCB,Carbon steel,Nickel Alloy 625,None,Metal seat,1,0,0,0.2,0.2,0.1,0.25,Manual,N/A,0,0,0,0,0,0,0,0,0,1,0,0,1,UT+RT,0,0,0,Standard,Forging,3,Tight,3,0.75,11,Generic-India,Domestic,0.45,279258
V01883,Water,14.84,80.2,2.03,221.8,ISO Class IV,None,0,0,0,Check,6,150,150,Full bore,Flanged,ASME B16.10,CS/WCB,Carbon steel,SS316,Stellite,PTFE,0,0,0,0.2,0.2,0.1,0.25,Manual,N/A,0,0,0,0,0,0,0,0,0,1,1,0,0,MT,1,0,1,Standard,Casting,4,Standard,8,0.59,9,Imported-Premium,Domestic,0.63,238258
V01884,Slurry,75.87,27.6,19.57,86.9,ISO Class IV,None,0,0,0,Globe,4,100,600,Full bore,Socket-weld,ASME B16.10,Duplex 2205,Duplex SS,Nickel Alloy 625,None,PTFE,0,1,0,22,5.5,3,0.03,Manual,N/A,0,0,0,0,0,0,0,0,0,1,0,0,1,UT,1,0,0,Full (EN10204 3.1 + QAP/ITP),Casting,4,Standard,9,0.89,14,Generic-India,Domestic,0.79,378669
V01885,Air,55.85,52.7,22.86,41.9,ISO Class II,None,0,0,0,Needle,1,25,900,Reduced port,Flanged,ASME B16.10,SS304,Stainless steel,SS316,Stellite,Metal seat,0,0,0,18,8,0.3,0.07,Pneumatic,Fail-open,0,0,1,1,0,0,1,1,0,1,1,0,0,PT,1,0,0,Basic,Forging,2,Tight,3,0.73,20,Generic-India,Domestic,0.82,285870
V01886,Natural Gas,15.56,80,0.2,47.6,ISO Class IV,None,0,0,0,Globe,2,50,300,Full bore,Lug,API 6D,CS/WCB,Carbon steel,SS316,Stellite,PEEK,0,0,0,0.2,0.2,0.1,0.25,Manual,N/A,0,0,0,0,0,0,0,0,0,1,1,0,0,RT,1,0,0,Standard,Casting,1,Tight,12,0.91,15,Premium-India,Domestic,0.45,101927
V01887,Corrosive (Acid),16.81,103.8,2.54,421.2,ISO Class V,None,0,0,0,Check,16,400,150,Full bore,Flanged,ASME B16.10,SS316,Stainless steel,Stellite hardfaced,Stellite,Metal seat,0,1,0,17,12,2.5,0.06,Gearbox,N/A,0,0,0,1,0,0,0,0,0,1,1,0,0,MT,0,0,0,Basic,Casting,2,Tight,8,0.49,25,Imported-Standard,Import,0.37,744435
V01888,Oxygen,47.63,-6.3,7.88,118.5,ISO Class V,None,0,0,0,Butterfly,6,150,600,Full bore,Wafer,ASME B16.10,SS316,Stainless steel,Duplex 2205,Tungsten carbide,PTFE,0,1,0,17,12,2.5,0.06,Gearbox,N/A,0,0,0,0,0,0,0,0,0,1,1,1,0,None,0,0,0,Standard,Casting,3,Tight,9,0.73,10,Imported-Standard,Import,0.33,386892
V01889,Water,35.48,64.3,2.79,507.2,ISO Class II,None,0,0,0,Butterfly,20,500,300,Reduced port,Wafer,API 6D,CS/WCB,Carbon steel,SS316,Ceramic coating,PTFE,0,0,0,0.2,0.2,0.1,0.25,Pneumatic,Fail-close,0,0,1,1,0,0,1,1,0,1,1,0,0,None,0,0,0,Standard,Casting,5,Standard,4,0.53,14,Imported-Standard,Import,0.31,934502
V01890,Air,169.91,50.7,55.23,296,ISO Class II,None,0,0,0,Globe,10,250,1500,Full bore,Butt-weld,ISO 5752,CS/WCB,Carbon steel,Stellite hardfaced,ENP (Electroless Nickel),PEEK,0,0,0,0.2,0.2,0.1,0.25,Electric,Fail-close,0,0,0,1,0,0,0,0,0,0,1,0,0,MT,1,0,0,Standard,Casting,5,Standard,14,0.74,5,Imported-Premium,Import,0.35,2176443
V01891,Water,67.16,57.5,7.99,107.6,ISO Class III,None,0,0,0,Gate,2,50,600,Full bore,Socket-weld,ISO 5752,SS316,Stainless steel,Nickel Alloy 625,None,Elastomer (NBR/EPDM),0,0,0,17,12,2.5,0.06,Gearbox,N/A,0,0,0,0,0,0,0,0,0,1,1,0,0,None,1,1,0,Basic,Forging,5,Standard,9,0.68,5,Imported-Premium,Import,0.5,295723
V01892,Water,10.97,32.8,1.51,43.8,ISO Class VI,None,0,0,0,Check,1.5,40,150,Reduced port,Flanged,ISO 5752,CS/WCB,Carbon steel,SS316,None,Metal seat,0,0,0,0.2,0.2,0.1,0.25,Manual,N/A,0,0,0,1,0,0,0,0,0,1,1,0,0,RT,1,0,0,Standard,Casting,3,Tight,8,0.77,8,Generic-India,Domestic,0.86,41239
V01893,Water,21.75,72.1,0.44,877.3,ISO Class I,None,0,0,0,Ball,18,450,300,Full bore,Flanged,ASME B16.10,CS/WCB,Carbon steel,Stellite hardfaced,Ceramic coating,PTFE,0,0,0,0.2,0.2,0.1,0.25,Manual,N/A,0,0,0,0,0,0,0,0,0,1,1,0,0,PT+MT,0,0,0,Standard,Casting,3,Tight,3,0.88,16,Imported-Standard,Domestic,0.83,812110
V01894,Air,83.63,55,9.79,154.8,ISO Class V,None,0,0,0,Gate,4,100,600,Reduced port,Flanged,ISO 5752,SS304,Stainless steel,SS316,None,PTFE,0,0,0,18,8,0.3,0.07,Manual,N/A,0,0,0,0,0,0,0,0,0,1,1,0,0,None,1,0,1,Standard,Forging,3,Tight,3,0.75,21,MidTier-India,Domestic,0.87,271022
V01895,Steam,114.38,201.4,0.2,71.4,ISO Class VI,None,0,0,0,Control,2,50,900,Reduced port,Threaded,API 6D,CS/WCB,Carbon steel,Stellite hardfaced,Stellite,Metal seat,0,0,0,0.2,0.2,0.1,0.25,Pneumatic,Fail-close,0,1,1,1,0,1,1,1,0,1,0,0,0,RT,0,0,0,Full (EN10204 3.1 + QAP/ITP),Forging,3,Tight,13,0.86,20,Generic-India,Domestic,0.84,579804
V01896,Natural Gas,74.46,136.7,50.88,104.2,ISO Class VI,Anti-cavitation trim,1,1,1,Control,4,100,600,Reduced port,Butt-weld,API 6D,CS/WCB,Carbon steel,Alloy 20,None,Elastomer (NBR/EPDM),0,0,0,0.2,0.2,0.1,0.25,Pneumatic,Fail-in-place,1,1,1,1,0,1,1,0,0,1,1,0,0,UT,1,0,0,Standard,Casting,5,Tight,5,0.52,18,Imported-Standard,Import,0.4,671756
V01897,Corrosive (Acid),12.71,38.5,4.34,26,ISO Class III,None,0,0,0,Needle,0.75,20,150,Full bore,Flanged,ASME B16.10,SS316,Stainless steel,Stellite hardfaced,None,PEEK,0,1,0,17,12,2.5,0.06,Pneumatic,Fail-close,1,0,1,1,1,0,1,0,0,1,1,0,0,UT+RT,0,0,0,Basic,Casting,3,Standard,5,0.91,18,Generic-India,Domestic,0.78,112487
V01898,Natural Gas,10.73,76.6,0.21,124.8,ISO Class I,None,0,0,0,Butterfly,4,100,150,Reduced port,Wafer,API 6D,CS/WCB,Carbon steel,Duplex 2205,Ceramic coating,Elastomer (NBR/EPDM),0,0,0,0.2,0.2,0.1,0.25,Gearbox,N/A,0,0,0,1,0,0,0,0,0,1,1,0,0,MT,1,0,0,Full (EN10204 3.1 + QAP/ITP),Casting,4,Standard,12,0.72,20,MidTier-India,Domestic,0.71,76230
V01899,Water,32.12,37.3,0.12,242.7,ISO Class III,None,0,0,0,Gate,3,80,600,Reduced port,Wafer,ISO 5752,CS/WCB,Carbon steel,SS316,None,PTFE,0,0,0,0.2,0.2,0.1,0.25,Manual,N/A,0,0,0,0,0,0,0,0,0,1,0,0,0,RT,1,0,0,Full (EN10204 3.1 + QAP/ITP),Casting,4,Standard,8,0.93,7,Generic-India,Domestic,0.72,155194
V01900,Hydrocarbon,80.18,291.3,10.19,44.2,ISO Class I,None,0,0,0,Ball,0.75,20,900,Reduced port,Wafer,ASME B16.10,CS/WCB,Carbon steel,Stellite hardfaced,None,Metal seat,0,0,0,0.2,0.2,0.1,0.25,Electric,Fail-open,1,0,0,1,0,0,0,0,0,1,1,1,1,MT,1,0,0,Basic,Forging,5,Standard,8,0.66,13,Generic-India,Domestic,0.55,114405
V01901,Steam,56.02,321.4,6.48,569,ISO Class VI,None,0,0,0,Ball,6,150,600,Full bore,Flanged,API 6D,CS/WCB,Carbon steel,Stellite hardfaced,Stellite,Metal seat,0,0,0,0.2,0.2,0.1,0.25,Gearbox,N/A,0,0,0,0,0,0,0,0,0,1,1,0,1,PT+MT,1,0,0,Basic,Casting,1,Tight,4,0.68,21,Generic-India,Domestic,0.73,319927
V01902,Hydrocarbon,129,36.2,5.28,100.6,ISO Class VI,None,0,0,0,Control,2,50,1500,Reduced port,Threaded,ASME B16.10,A105,Carbon steel,Nickel Alloy 625,None,Metal seat,0,0,0,0.2,0.1,0.05,0.2,Manual,N/A,0,0,0,0,0,0,0,0,0,1,1,0,0,None,0,0,1,Standard,Forging,4,Tight,12,0.71,21,MidTier-India,Domestic,0.69,254479
V01903,Natural Gas,205.37,186.3,1.41,102.2,ISO Class IV,None,0,0,0,Ball,2,50,1500,Full bore,Flanged,MSS SP-97,CS/WCB,Carbon steel,Nickel Alloy 625,Stellite,Metal seat,1,0,0,0.2,0.2,0.1,0.25,Electric,Fail-close,1,0,0,1,0,0,0,0,0,1,1,1,0,PT+MT,0,0,0,Basic,Forging,4,Standard,8,0.74,17,Premium-India,Domestic,0.76,555543
V01904,Air,40.26,99.8,0.05,424.7,ISO Class VI,None,0,0,0,Check,10,250,600,Full bore,Flanged,ASME B16.10,A105,Carbon steel,SS410,Tungsten carbide,Elastomer (NBR/EPDM),0,0,0,0.2,0.1,0.05,0.2,Gearbox,N/A,0,0,1,0,0,0,0,0,0,1,0,0,0,RT,0,0,0,Standard,Forging,3,Tight,10,0.63,20,MidTier-India,Domestic,0.73,414554
V01905,Slurry,6.71,63.7,0.05,73.6,ISO Class IV,None,0,0,0,Ball,1,25,150,Reduced port,Wafer,API 6D,Bronze,Copper alloy,Duplex 2205,None,Metal seat,0,0,1,0.2,0.8,0.1,0.02,Manual,N/A,0,1,1,0,0,0,0,0,0,1,1,0,0,UT+RT,0,0,0,Full (EN10204 3.1 + QAP/ITP),Forging,4,Tight,13,0.93,12,MidTier-India,Domestic,0.58,37518
V01906,Water,48.64,94.1,6.12,11.6,ISO Class V,None,0,0,0,Globe,0.5,15,600,Full bore,Socket-weld,ASME B16.10,CS/WCB,Carbon steel,SS316,Tungsten carbide,Metal seat,0,0,0,0.2,0.2,0.1,0.25,Electric,Fail-open,0,0,0,1,0,0,0,0,0,1,1,0,0,None,0,0,0,Standard,Casting,2,Tight,9,0.87,6,Generic-India,Domestic,0.48,95126
V01907,Slurry,34.78,52.2,17.6,7.8,ISO Class II,None,0,0,0,Needle,0.5,15,300,Reduced port,Flanged,API 6D,CS/WCB,Carbon steel,SS316,Ceramic coating,Metal seat,0,0,0,0.2,0.2,0.1,0.25,Electric,Fail-in-place,0,0,0,1,0,0,0,0,0,1,1,0,0,None,1,0,0,Basic,Casting,4,Standard,8,0.79,5,MidTier-India,Domestic,0.7,65088
V01908,Hydrocarbon,137.34,207.9,21.06,255.3,ISO Class VI,None,0,0,0,Butterfly,12,300,1500,Reduced port,Flanged,ASME B16.10,CS/WCB,Carbon steel,Nickel Alloy 625,Stellite,Metal seat,0,0,0,0.2,0.2,0.1,0.25,Gearbox,N/A,0,0,0,0,1,0,0,0,0,1,1,0,0,None,0,0,0,Basic,Casting,4,Tight,10,0.8,10,MidTier-India,Domestic,0.91,750160
V01909,Water,113.6,67.7,14.15,110,ISO Class II,None,0,0,0,Control,6,150,1500,Reduced port,Socket-weld,ISO 5752,CS/WCB,Carbon steel,Stellite hardfaced,Tungsten carbide,Elastomer (NBR/EPDM),0,0,0,0.2,0.2,0.1,0.25,Electric,Fail-in-place,0,0,0,1,0,0,0,0,0,1,1,0,0,None,0,0,0,Standard,Forging,5,Tight,11,0.55,23,MidTier-India,Domestic,0.47,797431
V01910,Water,302.86,28.5,19.21,250.2,ISO Class I,None,0,0,0,Control,8,200,2500,Full bore,Flanged,ASME B16.10,CS/WCB,Carbon steel,Nickel Alloy 625,ENP (Electroless Nickel),Metal seat,0,0,0,0.2,0.2,0.1,0.25,Electric,Fail-close,0,0,0,1,0,0,0,0,0,1,1,0,1,MT,0,0,1,Full (EN10204 3.1 + QAP/ITP),Casting,5,Tight,9,0.83,32,Generic-India,Domestic,0.98,2387136
V01911,Steam,8.93,216.6,2.82,32.2,ISO Class II,None,0,0,0,Control,2,50,150,Reduced port,Socket-weld,ASME B16.10,A105,Carbon steel,Stellite hardfaced,ENP (Electroless Nickel),Metal seat,0,0,0,0.2,0.1,0.05,0.2,Pneumatic,Fail-open,1,1,1,1,0,1,1,0,0,1,1,0,1,UT,1,0,1,Basic,Casting,3,Tight,4,0.75,23,Generic-India,Domestic,0.62,251560
V01912,Natural Gas,92.3,71.7,33.88,415.2,ISO Class V,None,0,0,0,Control,12,300,1500,Reduced port,Flanged,ISO 5752,SS316,Stainless steel,SS410,Stellite,PTFE,0,1,0,17,12,2.5,0.06,Pneumatic,Fail-in-place,0,1,1,1,0,1,1,1,0,1,1,0,0,PT+MT,0,0,0,Basic,Casting,3,Tight,13,0.7,23,Generic-India,Domestic,0.86,2800000
V01913,Corrosive (Acid),11.38,26.1,1.18,587.5,ISO Class VI,None,0,0,0,Butterfly,14,350,150,Reduced port,Flanged,ASME B16.10,Nickel Alloy 625,Nickel alloy,Duplex 2205,ENP (Electroless Nickel),PTFE,0,1,0,21.5,60,9,0.02,Manual,N/A,0,0,1,0,0,0,0,0,0,1,1,1,0,UT,0,0,0,Standard,Casting,5,Tight,8,0.56,12,MidTier-India,Domestic,0.69,695277
V01914,Steam,25.38,233.3,0.2,87.1,ISO Class VI,None,0,0,0,Control,4,100,300,Full bore,Threaded,ASME B16.10,SS316,Stainless steel,SS410,ENP (Electroless Nickel),PEEK,0,0,0,17,12,2.5,0.06,Pneumatic,Fail-open,1,1,1,1,1,1,1,0,0,1,1,0,0,PT,1,0,0,Basic,Casting,2,Tight,14,0.75,21,Imported-Premium,Import,0.38,1047232
V01915,Natural Gas,74.06,10.6,33.07,58,ISO Class VI,Anti-cavitation trim,1,0,0,Control,1.5,40,600,Full bore,Butt-weld,API 6D,Bronze,Copper alloy,SS316,Stellite,Elastomer (NBR/EPDM),1,0,0,0.2,0.8,0.1,0.02,Pneumatic,Fail-in-place,1,1,1,1,0,1,1,0,0,1,1,1,1,PT,0,0,0,Standard,Casting,4,Tight,8,0.35,15,MidTier-India,Domestic,0.98,618425
V01916,Natural Gas,27.35,254.8,3.84,82.3,ISO Class VI,None,0,0,0,Ball,3,80,300,Full bore,Threaded,ISO 5752,SS316,Stainless steel,SS316,Tungsten carbide,PEEK,1,1,0,17,12,2.5,0.06,Manual,N/A,0,0,0,0,0,0,0,0,0,1,1,0,0,RT,1,1,0,Basic,Forging,5,Tight,5,0.54,12,Imported-Premium,Import,0.24,330813
V01917,Natural Gas,106.13,117.6,26.4,153.1,ISO Class VI,None,0,0,0,Control,6,150,900,Full bore,Flanged,ASME B16.10,A105,Carbon steel,Stellite hardfaced,None,Metal seat,0,0,0,0.2,0.1,0.05,0.2,Pneumatic,Fail-open,1,1,1,1,1,1,1,1,0,0,0,0,0,None,0,0,0,Standard,Forging,2,Tight,3,0.67,16,Imported-Standard,Domestic,0.7,1801058
V01918,Steam,54.73,140.7,1.77,141.4,ISO Class III,None,0,0,0,Gate,2,50,600,Reduced port,Threaded,ASME B16.10,SS316,Stainless steel,SS410,None,Metal seat,0,1,0,17,12,2.5,0.06,Manual,N/A,0,1,0,0,0,0,0,0,0,1,1,0,0,PT+MT,1,0,1,Basic,Forging,5,Standard,10,0.53,16,Generic-India,Domestic,0.83,176234
V01919,Water,114.09,40.9,17.57,67,ISO Class III,None,0,0,0,Control,4,100,1500,Reduced port,Flanged,ASME B16.10,A105,Carbon steel,Alloy 20,ENP (Electroless Nickel),Metal seat,0,0,0,0.2,0.1,0.05,0.2,Pneumatic,Fail-open,1,1,1,1,0,1,1,1,0,1,1,0,0,PT,1,0,1,Full (EN10204 3.1 + QAP/ITP),Forging,5,Tight,15,0.76,25,Generic-India,Domestic,0.98,1426768
V01920,Slurry,35.71,61.1,6.6,324.5,ISO Class IV,None,0,0,0,Globe,8,200,300,Reduced port,Flanged,ASME B16.10,A105,Carbon steel,Nickel Alloy 625,Stellite,Metal seat,0,0,1,0.2,0.1,0.05,0.2,Gearbox,N/A,0,0,0,0,0,0,0,0,0,1,0,0,1,MT,0,0,0,Basic,Forging,4,Standard,6,0.77,18,Generic-India,Domestic,0.33,287104
V01921,Slurry,31.38,2.3,0.05,695.9,ISO Class IV,None,0,0,0,Butterfly,24,600,300,Full bore,Wafer,ASME B16.10,SS316,Stainless steel,Stellite hardfaced,ENP (Electroless Nickel),Metal seat,0,0,0,17,12,2.5,0.06,Manual,N/A,0,0,0,0,0,0,0,0,0,1,0,0,0,None,1,0,0,Basic,Casting,4,Standard,10,0.91,14,Premium-India,Domestic,0.68,575384
V01922,Oxygen,24.52,61.2,8.9,219.4,ISO Class VI,Anti-cavitation trim,1,0,0,Control,8,200,300,Reduced port,Flanged,ASME B16.10,SS316,Stainless steel,Stellite hardfaced,None,PTFE,0,1,0,17,12,2.5,0.06,Gearbox,N/A,0,0,0,0,0,0,0,0,0,0,0,0,0,UT,0,0,0,Standard,Casting,5,Tight,12,0.73,27,MidTier-India,Domestic,0.74,619456
V01923,Steam,70.65,159.1,4.29,85.1,ISO Class II,None,0,0,0,Ball,6,150,600,Full bore,Flanged,API 6D,A105,Carbon steel,Nickel Alloy 625,None,Metal seat,0,0,0,0.2,0.1,0.05,0.2,Manual,N/A,0,0,0,0,0,0,0,0,0,1,0,0,0,None,0,0,0,Standard,Forging,4,Standard,12,0.83,18,Imported-Standard,Domestic,0.92,389380
V01924,Natural Gas,67.38,167.5,2.74,119.7,ISO Class III,None,0,0,0,Ball,4,100,600,Full bore,Butt-weld,ASME B16.10,SS316,Stainless steel,Alloy 20,None,PTFE,1,1,0,17,12,2.5,0.06,Manual,N/A,0,0,0,0,0,0,0,0,0,1,1,0,0,UT,0,0,1,Basic,Casting,3,Standard,7,0.53,8,MidTier-India,Domestic,0.8,382694
V01925,Corrosive (Acid),10.48,218.2,0.26,240.1,ISO Class V,None,0,0,0,Butterfly,6,150,150,Reduced port,Wafer,ASME B16.10,SS316,Stainless steel,SS316,None,Metal seat,0,0,0,17,12,2.5,0.06,Electric,Fail-in-place,0,0,0,1,0,0,0,0,0,1,1,0,0,PT+MT,0,0,0,Basic,Casting,5,Tight,11,0.8,19,MidTier-India,Domestic,0.76,329559
V01926,Water,39.83,28.7,3.95,49,ISO Class IV,None,0,0,0,Ball,3,80,300,Full bore,Wafer,ASME B16.10,SS304,Stainless steel,Stellite hardfaced,Tungsten carbide,Metal seat,0,0,0,18,8,0.3,0.07,Manual,N/A,0,1,0,0,0,0,0,0,0,1,0,0,1,None,1,0,0,Basic,Casting,5,Standard,9,0.88,13,MidTier-India,Domestic,0.38,330319
V01927,Hydrocarbon,58.51,50,8.7,491.2,ISO Class II,None,0,0,0,Ball,6,150,600,Reduced port,Flanged,ASME B16.10,CS/WCB,Carbon steel,Stellite hardfaced,Tungsten carbide,Metal seat,1,0,0,0.2,0.2,0.1,0.25,Manual,N/A,0,0,0,0,0,0,0,0,0,1,0,1,1,MT,0,0,0,Standard,Casting,3,Standard,8,0.75,8,MidTier-India,Domestic,0.61,451443
V01928,Hydrocarbon,134.18,61.4,24.45,54.6,ISO Class IV,None,0,0,0,Control,1.5,40,1500,Full bore,Flanged,ISO 5752,CS/WCB,Carbon steel,SS410,None,Metal seat,0,0,0,0.2,0.2,0.1,0.25,Electric,Fail-close,0,0,0,1,0,0,0,0,0,1,1,0,0,PT,0,0,0,Basic,Forging,2,Tight,12,0.95,32,Imported-Standard,Import,0.55,556333
V01929,Air,10.02,73.1,1.88,37.1,ISO Class IV,None,0,0,0,Gate,2,50,150,Full bore,Flanged,ASME B16.10,CS/WCB,Carbon steel,SS316,ENP (Electroless Nickel),PTFE,0,0,0,0.2,0.2,0.1,0.25,Gearbox,N/A,0,0,0,0,0,0,0,0,0,1,1,0,0,UT,0,0,1,Standard,Casting,4,Standard,9,0.73,14,Generic-India,Domestic,0.8,77450
V01930,Natural Gas,191.59,153.4,13.28,359.1,ISO Class IV,None,0,0,0,Check,16,400,1500,Full bore,Flanged,ASME B16.10,CS/WCB,Carbon steel,SS316,None,Metal seat,1,0,0,0.2,0.2,0.1,0.25,Hydraulic,Fail-open,0,0,0,0,0,0,0,0,0,1,0,0,0,PT+MT,1,1,0,Basic,Casting,2,Standard,13,0.64,19,Imported-Premium,Import,0.41,2327112
V01931,Water,22.19,29.2,9.33,104.7,ISO Class VI,Anti-cavitation trim,1,0,1,Control,4,100,300,Reduced port,Threaded,ASME B16.10,A105,Carbon steel,Nickel Alloy 625,ENP (Electroless Nickel),Elastomer (NBR/EPDM),0,0,0,0.2,0.1,0.05,0.2,Pneumatic,Fail-open,1,1,1,1,0,1,1,0,0,1,1,0,1,UT,0,0,0,Standard,Casting,4,Tight,10,0.8,17,MidTier-India,Domestic,0.67,510623
V01932,Oxygen,15.81,49.5,1.09,40.4,ISO Class IV,None,0,0,0,Ball,3,80,300,Full bore,Threaded,ASME B16.10,SS316,Stainless steel,Duplex 2205,Ceramic coating,PEEK,0,0,0,17,12,2.5,0.06,Pneumatic,Fail-open,0,1,1,1,0,0,1,0,0,1,1,0,0,UT+RT,0,0,1,Standard,Casting,4,Standard,2,0.68,20,Imported-Standard,Import,0.27,501649
V01933,Natural Gas,35.4,102.5,6.7,117.2,ISO Class IV,None,0,0,0,Control,3,80,300,Full bore,Flanged,API 6D,CS/WCB,Carbon steel,Stellite hardfaced,Tungsten carbide,Elastomer (NBR/EPDM),1,0,0,0.2,0.2,0.1,0.25,Electric,Fail-open,0,0,0,1,0,0,0,0,0,1,1,0,1,UT,0,0,0,Basic,Forging,3,Tight,7,0.82,15,MidTier-India,Domestic,0.98,352693
V01934,Steam,180.39,272.3,12.78,19.8,ISO Class IV,None,0,0,0,Ball,0.75,20,1500,Reduced port,Butt-weld,MSS SP-97,A105,Carbon steel,Nickel Alloy 625,None,Metal seat,0,0,0,0.2,0.1,0.05,0.2,Manual,N/A,0,0,0,0,0,0,0,0,0,1,1,0,0,PT,0,0,0,Basic,Forging,3,Standard,15,0.58,21,Imported-Standard,Import,0.24,108190
V01935,Air,78.58,46.1,13.03,15.8,ISO Class V,None,0,0,0,Check,0.5,15,900,Full bore,Wafer,ASME B16.10,Duplex 2205,Duplex SS,SS316,None,PTFE,0,1,0,22,5.5,3,0.03,Manual,N/A,0,0,0,0,0,0,0,0,0,1,1,0,0,None,1,0,0,Basic,Forging,4,Tight,12,0.66,11,Imported-Premium,Domestic,0.65,125639
V01936,Steam,69.16,199.3,27.47,114.8,ISO Class II,Anti-cavitation trim,1,0,0,Control,8,200,600,Reduced port,Butt-weld,ASME B16.10,SS316,Stainless steel,Stellite hardfaced,Stellite,Metal seat,0,1,0,17,12,2.5,0.06,Pneumatic,Fail-close,1,1,1,1,0,1,1,1,1,1,1,0,1,UT,0,0,0,Standard,Casting,5,Tight,12,0.95,24,Generic-India,Domestic,0.98,1974310
V01937,Steam,48.84,216.1,22.24,37.1,ISO Class VI,Low-noise trim,0,1,1,Control,2,50,600,Reduced port,Flanged,API 6D,A105,Carbon steel,SS316,ENP (Electroless Nickel),Metal seat,0,0,0,0.2,0.1,0.05,0.2,Electric,Fail-in-place,1,0,0,1,0,0,0,0,0,1,1,0,0,PT+MT,1,0,0,Standard,Casting,3,Tight,9,0.81,17,MidTier-India,Domestic,0.88,414565
V01938,Slurry,14.56,70.6,1.09,858.2,ISO Class I,None,0,0,0,Butterfly,12,300,150,Reduced port,Wafer,ASME B16.10,CS/WCB,Carbon steel,SS316,ENP (Electroless Nickel),PTFE,0,0,0,0.2,0.2,0.1,0.25,Pneumatic,Fail-close,1,0,1,1,0,0,1,1,1,1,1,0,0,MT,0,0,0,Full (EN10204 3.1 + QAP/ITP),Casting,3,Standard,11,0.95,18,MidTier-India,Domestic,0.55,234194
V01939,Water,50.64,67.7,5.4,530.5,ISO Class V,None,0,0,0,Check,6,150,600,Full bore,Flanged,ASME B16.10,CS/WCB,Carbon steel,Stellite hardfaced,None,Elastomer (NBR/EPDM),0,0,0,0.2,0.2,0.1,0.25,Manual,N/A,0,0,0,0,0,0,0,0,0,1,1,0,0,None,1,0,0,Basic,Casting,4,Tight,7,0.58,20,Generic-India,Domestic,0.75,194017
V01940,Natural Gas,235.45,50.3,43.83,100.2,ISO Class IV,None,0,0,0,Control,4,100,2500,Reduced port,Wafer,ASME B16.10,CS/WCB,Carbon steel,SS316,Ceramic coating,Elastomer (NBR/EPDM),0,0,0,0.2,0.2,0.1,0.25,Pneumatic,Fail-close,1,1,1,1,0,1,1,1,0,1,1,1,1,RT,0,0,0,Standard,Forging,3,Tight,11,0.63,14,Imported-Standard,Import,0.28,1295826
V01941,Hydrocarbon,167.17,134.1,71.75,145.2,ISO Class IV,None,0,0,0,Globe,3,80,1500,Reduced port,Wafer,ASME B16.10,Bronze,Copper alloy,Stellite hardfaced,None,Elastomer (NBR/EPDM),1,0,0,0.2,0.8,0.1,0.02,Pneumatic,Fail-open,1,0,1,1,0,0,1,1,0,1,1,0,1,None,1,0,0,Basic,Forging,4,Standard,13,0.78,14,Premium-India,Domestic,0.74,517689
V01942,Corrosive (Acid),35.75,78.4,5.97,148.3,ISO Class II,None,0,0,0,Butterfly,3,80,300,Reduced port,Wafer,ISO 5752,Duplex 2205,Duplex SS,SS410,None,PEEK,0,0,0,22,5.5,3,0.03,Gearbox,N/A,0,0,0,0,0,0,0,0,0,1,0,0,0,MT,1,0,0,Standard,Casting,3,Standard,15,0.41,24,Generic-India,Domestic,0.48,167327
V01943,Hydrocarbon,63.95,198.7,3.85,124.7,ISO Class III,None,0,0,0,Butterfly,10,250,600,Reduced port,Wafer,API 6D,A105,Carbon steel,SS410,None,Elastomer (NBR/EPDM),0,0,0,0.2,0.1,0.05,0.2,Manual,N/A,0,0,0,0,0,0,0,0,0,1,1,0,0,UT,1,0,0,Full (EN10204 3.1 + QAP/ITP),Casting,3,Standard,7,0.47,14,Premium-India,Domestic,0.53,278559
V01944,Natural Gas,51.58,257.3,10.91,174.4,ISO Class II,None,0,0,0,Control,6,150,600,Reduced port,Butt-weld,ASME B16.10,SS316,Stainless steel,Stellite hardfaced,None,Metal seat,0,0,0,17,12,2.5,0.06,Hydraulic,Fail-close,0,0,0,0,0,0,0,0,0,1,1,0,0,None,0,0,1,Full (EN10204 3.1 + QAP/ITP),Forging,4,Tight,3,0.7,27,Generic-India,Domestic,0.69,1009114
V01945,Natural Gas,101.9,149.4,38.37,22.7,ISO Class IV,None,0,0,0,Globe,1,25,900,Full bore,Butt-weld,ASME B16.10,CS/WCB,Carbon steel,Nickel Alloy 625,Stellite,Elastomer (NBR/EPDM),0,0,0,0.2,0.2,0.1,0.25,Manual,N/A,0,0,1,0,0,0,0,0,0,1,1,0,0,None,1,0,0,Standard,Forging,1,Standard,10,0.72,21,Generic-India,Domestic,0.76,76423
V01946,Steam,159.4,184.2,6.58,94,ISO Class I,None,0,0,0,Gate,3,80,1500,Full bore,Flanged,API 6D,CS/WCB,Carbon steel,Nickel Alloy 625,None,Metal seat,0,0,0,0.2,0.2,0.1,0.25,Manual,N/A,0,0,1,0,0,0,0,0,0,1,1,0,0,MT,1,0,0,Basic,Forging,2,Tight,12,0.95,19,Imported-Standard,Domestic,0.81,395029
V01947,Steam,40.95,369.4,2.14,121,ISO Class I,None,0,0,0,Ball,1.5,40,600,Full bore,Wafer,MSS SP-97,Alloy Steel F11,Alloy steel,SS316,None,Metal seat,0,0,0,1.2,0.4,0.5,0.12,Manual,N/A,0,0,0,0,0,0,0,0,0,1,1,0,0,None,0,1,0,Standard,Forging,5,Standard,3,0.9,13,MidTier-India,Domestic,0.64,145050
V01948,Water,18.8,62.5,0.44,53.2,ISO Class IV,None,0,0,0,Ball,1.5,40,300,Full bore,Flanged,ASME B16.10,Duplex 2205,Duplex SS,Stellite hardfaced,None,PTFE,0,1,0,22,5.5,3,0.03,Electric,Fail-open,1,0,0,1,0,0,0,0,0,1,1,0,1,MT,1,1,0,Standard,Forging,5,Standard,14,0.78,7,Generic-India,Domestic,0.58,234454
V01949,Hydrocarbon,35.27,148.4,3.95,388.2,ISO Class II,None,0,0,0,Gate,12,300,300,Full bore,Flanged,ASME B16.10,Bronze,Copper alloy,Alloy 20,None,Metal seat,0,0,0,0.2,0.8,0.1,0.02,Manual,N/A,0,0,0,0,0,0,0,0,0,1,1,0,0,RT,0,0,0,Basic,Casting,2,Standard,12,0.64,16,Generic-India,Domestic,0.73,433691
V01950,Steam,8.38,283.2,1.36,409.3,ISO Class III,None,0,0,0,Butterfly,8,200,150,Reduced port,Wafer,API 6D,CS/WCB,Carbon steel,SS316,None,PEEK,0,0,0,0.2,0.2,0.1,0.25,Manual,N/A,0,0,0,0,0,0,0,0,0,1,1,0,0,MT,1,0,1,Standard,Casting,3,Standard,7,0.95,9,Generic-India,Domestic,0.93,115422
V01951,Steam,27.48,231.1,1.36,396.9,ISO Class II,None,0,0,0,Check,10,250,300,Reduced port,Flanged,ASME B16.10,SS304,Stainless steel,SS316,None,PEEK,0,0,0,18,8,0.3,0.07,Manual,N/A,0,0,0,0,0,0,0,0,0,1,1,0,0,UT+RT,1,1,0,Standard,Forging,3,Standard,16,0.85,17,Generic-India,Domestic,0.87,490145
V01952,Hydrocarbon,19.14,107.2,0.05,336.9,ISO Class IV,None,0,0,0,Gate,8,200,300,Reduced port,Butt-weld,ISO 5752,CS/WCB,Carbon steel,Stellite hardfaced,None,PTFE,1,0,0,0.2,0.2,0.1,0.25,Manual,N/A,0,1,0,0,0,0,0,0,0,1,1,0,0,None,0,0,0,Standard,Casting,4,Standard,5,0.89,10,MidTier-India,Domestic,0.68,257471
V01953,Water,85.37,28.5,8.32,185.6,ISO Class VI,None,0,0,0,Ball,4,100,600,Full bore,Flanged,ASME B16.10,A105,Carbon steel,SS410,None,PTFE,0,0,0,0.2,0.1,0.05,0.2,Manual,N/A,0,0,1,0,0,0,0,0,0,1,1,1,0,UT,0,1,0,Basic,Forging,4,Tight,10,0.81,11,Generic-India,Domestic,0.98,230390
V01954,Water,129.06,83.7,5.44,113.5,ISO Class V,None,0,0,0,Ball,3,80,1500,Full bore,Butt-weld,ASME B16.10,CS/WCB,Carbon steel,Duplex 2205,None,Metal seat,0,0,0,0.2,0.2,0.1,0.25,Gearbox,N/A,0,0,1,0,0,0,0,0,0,1,1,1,1,UT,1,0,1,Basic,Forging,2,Tight,18,0.95,13,Generic-India,Domestic,0.85,356453
V01955,Steam,24.85,227.2,1.93,198.2,ISO Class II,None,0,0,0,Butterfly,12,300,300,Reduced port,Lug,ASME B16.10,A105,Carbon steel,SS410,Tungsten carbide,Metal seat,0,0,0,0.2,0.1,0.05,0.2,Manual,N/A,0,0,0,0,0,0,0,0,0,1,1,1,0,None,1,1,0,Standard,Casting,3,Standard,8,0.76,14,Generic-India,Domestic,0.68,276649
V01956,Corrosive (Acid),32.94,149.8,3.61,179.8,ISO Class III,None,0,0,0,Ball,6,150,300,Full bore,Flanged,API 6D,SS316,Stainless steel,Duplex 2205,ENP (Electroless Nickel),PTFE,0,1,0,17,12,2.5,0.06,Manual,N/A,0,0,1,0,0,0,0,0,0,1,1,0,0,PT+MT,0,0,0,Standard,Casting,4,Tight,2,0.95,15,Imported-Standard,Import,0.68,444837
V01957,Water,6.63,59.1,0.67,228.8,ISO Class VI,None,0,0,0,Check,6,150,150,Reduced port,Threaded,MSS SP-97,Duplex 2205,Duplex SS,SS316,None,Metal seat,0,0,0,22,5.5,3,0.03,Hydraulic,Fail-open,0,0,0,0,1,0,0,0,0,1,0,0,0,None,1,0,1,Basic,Casting,4,Tight,10,0.75,8,Imported-Standard,Domestic,0.47,439399
V01958,Air,11.92,99.7,1.65,124.8,ISO Class III,None,0,0,0,Check,2,50,150,Full bore,Butt-weld,API 6D,A105,Carbon steel,SS316,None,Metal seat,0,0,0,0.2,0.1,0.05,0.2,Manual,N/A,0,0,0,0,0,0,0,0,0,1,0,0,0,None,1,0,0,Full (EN10204 3.1 + QAP/ITP),Forging,4,Standard,9,0.95,7,Imported-Premium,Domestic,0.67,72692
V01959,Oxygen,72.51,10.6,26.43,30.6,ISO Class V,Anti-cavitation trim,1,0,1,Control,1,25,600,Reduced port,Socket-weld,API 6D,SS316,Stainless steel,SS316,ENP (Electroless Nickel),PTFE,0,1,0,17,12,2.5,0.06,Electric,Fail-close,1,0,0,1,1,0,0,0,0,1,1,1,0,UT,0,0,0,Standard,Casting,5,Tight,10,0.9,23,Generic-India,Domestic,0.86,274703
V01960,Water,7.15,94.1,0.22,437.1,ISO Class II,None,0,0,0,Butterfly,10,250,150,Full bore,Wafer,API 6D,CS/WCB,Carbon steel,SS316,None,Metal seat,0,0,0,0.2,0.2,0.1,0.25,Electric,Fail-close,0,0,0,1,0,0,0,0,0,1,0,1,1,None,0,1,0,Full (EN10204 3.1 + QAP/ITP),Casting,4,Standard,12,0.52,18,Generic-India,Domestic,0.74,216944
V01961,Natural Gas,25.75,192.6,3.19,92.8,ISO Class III,None,0,0,0,Gate,3,80,300,Reduced port,Butt-weld,ASME B16.10,CS/WCB,Carbon steel,SS316,None,PTFE,0,0,0,0.2,0.2,0.1,0.25,Manual,N/A,0,0,0,0,0,0,0,0,0,1,1,1,1,None,0,0,0,Standard,Casting,2,Standard,5,0.81,8,Imported-Premium,Import,0.33,195868
V01962,Oxygen,12.02,62.3,1.09,16.3,ISO Class VI,None,0,0,0,Control,1,25,150,Full bore,Flanged,ASME B16.10,Bronze,Copper alloy,SS410,None,PTFE,0,0,0,0.2,0.8,0.1,0.02,Pneumatic,Fail-in-place,0,1,1,1,0,1,1,0,0,1,1,0,0,PT+MT,0,0,0,Basic,Casting,5,Tight,7,0.86,24,MidTier-India,Domestic,0.66,191633
V01963,Hydrocarbon,103.8,199.2,34.37,295.9,ISO Class II,Low-noise trim,0,1,0,Globe,16,400,1500,Reduced port,Flanged,API 6D,CS/WCB,Carbon steel,SS316,None,Metal seat,1,0,0,0.2,0.2,0.1,0.25,Manual,N/A,0,0,0,0,1,0,0,0,0,1,1,0,0,PT+MT,0,0,0,Full (EN10204 3.1 + QAP/ITP),Casting,3,Tight,17,0.88,7,Generic-India,Domestic,0.68,1200909
V01964,Water,54.87,57.1,8.1,188.1,ISO Class VI,None,0,0,0,Check,10,250,600,Full bore,Flanged,MSS SP-97,CS/WCB,Carbon steel,SS410,None,Metal seat,0,0,0,0.2,0.2,0.1,0.25,Electric,Fail-close,1,0,0,1,0,0,0,0,0,1,1,0,0,None,0,0,0,Standard,Casting,2,Tight,7,0.88,20,Imported-Standard,Domestic,0.91,736100
V01965,Air,39.34,48.7,4.75,51.6,ISO Class II,None,0,0,0,Check,1,25,300,Reduced port,Threaded,ISO 5752,A105,Carbon steel,Duplex 2205,ENP (Electroless Nickel),Elastomer (NBR/EPDM),0,0,0,0.2,0.1,0.05,0.2,Manual,N/A,0,0,0,0,0,0,0,0,0,1,1,0,0,None,0,0,0,Standard,Forging,5,Standard,8,0.69,21,Imported-Standard,Import,0.57,41877
V01966,Hydrocarbon,18.82,212.3,0.05,223.9,ISO Class III,None,0,0,0,Ball,14,350,300,Full bore,Flanged,ASME B16.10,SS316,Stainless steel,SS316,ENP (Electroless Nickel),Metal seat,1,1,0,17,12,2.5,0.06,Manual,N/A,0,0,0,0,0,0,0,0,0,1,1,0,0,MT,1,0,0,Basic,Forging,3,Tight,8,0.59,15,MidTier-India,Domestic,0.8,694674
V01967,Corrosive (Acid),46.72,101.5,6.9,170.1,ISO Class IV,None,0,0,0,Check,10,250,300,Reduced port,Butt-weld,ASME B16.10,Duplex 2205,Duplex SS,SS410,None,PEEK,0,1,0,22,5.5,3,0.03,Manual,N/A,0,0,0,0,0,0,0,0,0,1,1,0,0,PT+MT,0,0,0,Basic,Casting,2,Standard,11,0.6,15,MidTier-India,Domestic,0.5,385534
V01968,Water,29.82,37.7,0.05,252.2,ISO Class III,None,0,0,0,Butterfly,14,350,300,Full bore,Wafer,ASME B16.10,A105,Carbon steel,Nickel Alloy 625,ENP (Electroless Nickel),Metal seat,0,0,0,0.2,0.1,0.05,0.2,Pneumatic,Fail-close,0,0,1,1,0,0,1,1,0,1,0,0,0,MT,0,0,0,Standard,Casting,1,Standard,9,0.79,17,Imported-Standard,Domestic,0.57,563192
V01969,Water,103.61,50.2,7.31,391.3,ISO Class II,None,0,0,0,Butterfly,16,400,900,Reduced port,Wafer,MSS SP-97,Duplex 2205,Duplex SS,Stellite hardfaced,Stellite,PTFE,0,0,0,22,5.5,3,0.03,Gearbox,N/A,0,0,0,0,1,0,0,0,0,1,1,1,1,RT,1,0,0,Standard,Forging,4,Standard,18,0.86,13,Generic-India,Domestic,0.86,955499
V01970,Water,104.26,29.2,12.66,1245.8,ISO Class IV,None,0,0,0,Gate,10,250,900,Full bore,Flanged,ISO 5752,CS/WCB,Carbon steel,Stellite hardfaced,None,Elastomer (NBR/EPDM),0,0,0,0.2,0.2,0.1,0.25,Manual,N/A,0,1,0,0,0,0,0,0,0,1,1,0,1,UT,0,0,1,Full (EN10204 3.1 + QAP/ITP),Forging,2,Standard,17,0.78,10,Premium-India,Domestic,0.59,741346
V01971,Steam,65.15,186,4.42,79.5,ISO Class III,None,0,0,0,Ball,2,50,600,Reduced port,Flanged,API 6D,SS304,Stainless steel,Alloy 20,Stellite,Metal seat,0,0,0,18,8,0.3,0.07,Manual,N/A,0,0,1,0,0,0,0,0,0,1,1,1,0,UT,1,0,0,Basic,Casting,3,Standard,9,0.93,8,Generic-India,Domestic,0.88,221841
V01972,Steam,70.41,284.3,0.05,203.2,ISO Class III,None,0,0,0,Gate,18,450,900,Reduced port,Flanged,ISO 5752,CS/WCB,Carbon steel,Alloy 20,Stellite,PEEK,0,0,0,0.2,0.2,0.1,0.25,Manual,N/A,0,0,0,0,0,0,0,0,0,1,0,0,0,None,0,0,0,Standard,Forging,3,Standard,8,0.56,5,Imported-Premium,Import,0.64,1154202
V01973,Natural Gas,141.15,273.7,19.95,435.6,ISO Class IV,None,0,0,0,Butterfly,6,150,1500,Reduced port,Wafer,ASME B16.10,SS304,Stainless steel,Stellite hardfaced,Stellite,Metal seat,0,0,0,18,8,0.3,0.07,Manual,N/A,0,0,0,0,0,0,0,0,0,1,1,0,1,MT,1,0,0,Standard,Forging,2,Tight,8,0.77,20,Premium-India,Domestic,0.42,592279
V01974,Natural Gas,13.83,185.5,0.77,496.3,ISO Class II,None,0,0,0,Ball,12,300,150,Full bore,Butt-weld,API 6D,CS/WCB,Carbon steel,SS316,None,PTFE,0,0,0,0.2,0.2,0.1,0.25,Pneumatic,Fail-close,1,1,1,1,0,0,1,1,1,1,1,0,0,MT,1,0,0,Basic,Casting,2,Standard,7,0.59,10,Generic-India,Domestic,0.7,434872
V01975,Hydrocarbon,42.17,29,8.34,366,ISO Class III,None,0,0,0,Butterfly,14,350,600,Reduced port,Flanged,API 6D,CS/WCB,Carbon steel,SS316,Stellite,Metal seat,1,0,0,0.2,0.2,0.1,0.25,Gearbox,N/A,0,0,0,0,0,0,0,0,0,1,1,0,0,UT+RT,0,0,0,Standard,Forging,3,Tight,3,0.88,15,MidTier-India,Domestic,0.66,598283
V01976,Water,72.06,0,2.2,23.3,ISO Class II,None,0,0,0,Check,0.75,20,600,Reduced port,Wafer,MSS SP-97,Duplex 2205,Duplex SS,Alloy 20,None,Metal seat,0,1,0,22,5.5,3,0.03,Gearbox,N/A,0,0,0,0,0,0,0,0,0,1,1,0,0,UT+RT,0,0,0,Basic,Forging,4,Standard,20,0.68,19,Generic-India,Domestic,0.98,98580
V01977,Water,65.59,17.9,8.18,686.6,ISO Class III,None,0,0,0,Check,10,250,900,Reduced port,Flanged,API 6D,CS/WCB,Carbon steel,Stellite hardfaced,None,Elastomer (NBR/EPDM),0,0,0,0.2,0.2,0.1,0.25,Gearbox,N/A,0,0,0,0,0,0,0,0,0,1,1,0,0,UT,0,0,0,Standard,Casting,4,Standard,12,0.95,18,MidTier-India,Domestic,0.53,453263
V01978,Hydrocarbon,40.63,102.6,6.92,190.7,ISO Class III,None,0,0,0,Butterfly,6,150,300,Reduced port,Lug,ASME B16.10,CS/WCB,Carbon steel,Stellite hardfaced,None,Metal seat,1,0,0,0.2,0.2,0.1,0.25,Manual,N/A,0,1,0,0,0,0,0,0,0,1,1,0,0,UT+RT,0,0,0,Standard,Casting,3,Standard,7,0.74,15,Imported-Standard,Import,0.11,175401
V01979,Natural Gas,16.73,91.5,2.19,35.6,ISO Class I,None,0,0,0,Needle,1,25,300,Reduced port,Wafer,MSS SP-97,CS/WCB,Carbon steel,Stellite hardfaced,None,Elastomer (NBR/EPDM),0,0,0,0.2,0.2,0.1,0.25,Hydraulic,Fail-in-place,1,0,0,0,0,0,0,0,0,1,1,0,0,None,0,0,0,Full (EN10204 3.1 + QAP/ITP),Casting,4,Standard,10,0.57,14,MidTier-India,Domestic,0.48,62613
V01980,Steam,169.97,279.5,18.42,173.1,ISO Class II,None,0,0,0,Check,3,80,1500,Reduced port,Butt-weld,ISO 5752,CS/WCB,Carbon steel,Stellite hardfaced,None,Metal seat,0,0,0,0.2,0.2,0.1,0.25,Manual,N/A,0,1,0,0,0,0,0,0,0,1,0,1,1,MT,0,0,0,Basic,Forging,3,Standard,12,0.83,11,MidTier-India,Domestic,0.83,236200
V01981,Natural Gas,48.06,150.8,0.11,303.7,ISO Class V,None,0,0,0,Gate,8,200,1500,Reduced port,Flanged,ISO 5752,A105,Carbon steel,SS316,None,Metal seat,0,0,0,0.2,0.1,0.05,0.2,Gearbox,N/A,0,0,0,0,0,0,0,0,0,1,1,0,0,PT,0,1,1,Basic,Casting,1,Tight,11,0.67,20,Generic-India,Domestic,0.64,446238
V01982,Water,31.39,44.6,11.57,17.5,ISO Class IV,None,0,0,0,Needle,1,25,300,Full bore,Threaded,ISO 5752,A105,Carbon steel,Nickel Alloy 625,None,Metal seat,0,0,0,0.2,0.1,0.05,0.2,Manual,N/A,0,0,0,0,0,0,0,0,0,0,1,0,0,UT,1,0,0,Standard,Casting,3,Standard,15,0.69,15,MidTier-India,Domestic,0.42,35887
V01983,Natural Gas,268.92,96.9,92.01,58,ISO Class V,None,0,0,0,Globe,2,50,2500,Reduced port,Lug,ASME B16.10,SS316,Stainless steel,Alloy 20,None,PTFE,0,0,0,17,12,2.5,0.06,Electric,Fail-open,0,1,1,1,0,0,0,0,0,1,1,0,0,PT+MT,0,0,0,Basic,Forging,1,Tight,13,0.63,15,Imported-Standard,Import,0.59,566324
V01984,Natural Gas,147.03,130.9,51.25,227,ISO Class IV,None,0,0,0,Globe,6,150,1500,Reduced port,Flanged,ASME B16.10,SS316,Stainless steel,SS316,None,Metal seat,0,1,0,17,12,2.5,0.06,Pneumatic,Fail-in-place,0,1,1,1,0,0,1,1,0,1,1,0,1,MT,1,0,1,Basic,Forging,3,Standard,14,0.88,23,Premium-India,Domestic,0.85,1570622
V01985,Natural Gas,71.08,17.9,4.5,275.6,ISO Class III,None,0,0,0,Gate,8,200,900,Reduced port,Butt-weld,ASME B16.10,CS/WCB,Carbon steel,Stellite hardfaced,Stellite,PTFE,1,0,0,0.2,0.2,0.1,0.25,Manual,N/A,0,0,0,0,0,0,0,0,0,1,1,0,0,PT,0,0,0,Standard,Casting,3,Standard,10,0.55,13,MidTier-India,Domestic,0.98,448800
V01986,Oxygen,67.41,51.7,3.91,238,ISO Class IV,None,0,0,0,Butterfly,16,400,600,Reduced port,Wafer,ASME B16.10,SS304,Stainless steel,Stellite hardfaced,ENP (Electroless Nickel),Metal seat,0,0,0,18,8,0.3,0.07,Manual,N/A,0,0,0,0,0,0,0,0,0,1,1,0,0,None,1,0,0,Standard,Casting,4,Standard,2,0.68,14,Generic-India,Domestic,0.66,859076
V01987,Hydrocarbon,373.31,192.3,9.14,466.5,ISO Class IV,None,0,0,0,Check,6,150,2500,Reduced port,Flanged,API 6D,SS304,Stainless steel,SS316,None,PTFE,1,0,0,18,8,0.3,0.07,Pneumatic,Fail-open,1,1,1,1,0,0,1,1,0,1,1,1,0,UT,1,0,1,Standard,Forging,4,Standard,7,0.84,11,MidTier-India,Domestic,0.78,1865300
V01988,Slurry,53.83,51.9,0.99,72.6,ISO Class VI,None,0,0,0,Ball,1.5,40,900,Reduced port,Flanged,ASME B16.10,CS/WCB,Carbon steel,SS410,Stellite,PEEK,0,0,0,0.2,0.2,0.1,0.25,Pneumatic,Fail-in-place,1,0,1,1,0,0,1,1,0,1,0,1,1,None,0,0,1,Standard,Forging,2,Tight,9,0.55,8,Imported-Standard,Import,0.17,331522
V01989,Hydrocarbon,89.12,145.5,0.05,91.1,ISO Class IV,None,0,0,0,Ball,3,80,900,Full bore,Flanged,ASME B16.10,CS/WCB,Carbon steel,Alloy 20,Stellite,PTFE,0,0,0,0.2,0.2,0.1,0.25,Pneumatic,Fail-close,0,0,1,1,0,0,1,1,0,1,1,0,0,PT+MT,0,0,0,Standard,Forging,2,Standard,10,0.69,14,Imported-Premium,Import,0.24,657292
V01990,Steam,81.33,196,7.03,234,ISO Class IV,None,0,0,0,Butterfly,8,200,1500,Reduced port,Lug,ASME B16.10,CS/WCB,Carbon steel,SS316,None,Metal seat,0,0,0,0.2,0.2,0.1,0.25,Manual,N/A,0,0,0,0,0,0,0,0,0,1,1,1,0,PT+MT,0,0,0,Full (EN10204 3.1 + QAP/ITP),Casting,2,Standard,6,0.64,9,Generic-India,Domestic,0.98,468606
V01991,Water,27.58,14.9,3.43,84.2,ISO Class V,None,0,0,0,Ball,4,100,300,Reduced port,Socket-weld,ASME B16.10,CS/WCB,Carbon steel,SS316,None,PTFE,0,0,0,0.2,0.2,0.1,0.25,Pneumatic,Fail-in-place,1,0,1,1,0,0,1,0,0,1,0,0,0,None,1,0,0,Basic,Forging,2,Tight,6,0.66,12,Generic-India,Domestic,0.49,210222
V01992,Water,187.07,49.2,16.37,24,ISO Class IV,None,0,0,0,Ball,2,50,1500,Full bore,Socket-weld,ISO 5752,SS316,Stainless steel,Stellite hardfaced,None,Metal seat,0,1,0,17,12,2.5,0.06,Manual,N/A,0,0,0,0,0,0,0,0,0,1,1,0,0,None,1,1,0,Standard,Forging,4,Standard,9,0.74,11,Imported-Standard,Import,0.1,502235
V01993,Air,70.85,71.6,13.4,217.3,ISO Class IV,None,0,0,0,Gate,6,150,600,Reduced port,Flanged,MSS SP-97,SS316,Stainless steel,SS316,None,Metal seat,0,0,0,17,12,2.5,0.06,Manual,N/A,0,0,0,0,0,0,0,0,0,1,1,0,0,None,0,0,0,Standard,Casting,5,Tight,7,0.81,11,MidTier-India,Domestic,0.65,465839
V01994,Water,16.42,58.2,1.01,20.1,ISO Class V,None,0,0,0,Check,1.5,40,300,Full bore,Flanged,API 6D,SS316,Stainless steel,SS316,ENP (Electroless Nickel),PTFE,0,0,0,17,12,2.5,0.06,Manual,N/A,0,0,0,0,0,0,0,0,0,1,1,0,1,PT,0,0,1,Standard,Forging,2,Tight,7,0.82,15,Premium-India,Domestic,0.98,127081
V01995,Slurry,8.56,58.2,1.69,118.6,ISO Class V,None,0,0,0,Control,4,100,150,Full bore,Flanged,ASME B16.10,Bronze,Copper alloy,SS316,Ceramic coating,PEEK,0,0,0,0.2,0.8,0.1,0.02,Pneumatic,Fail-close,1,1,1,1,0,1,1,0,0,1,0,0,1,PT+MT,1,0,0,Basic,Casting,4,Tight,6,0.72,23,Generic-India,Domestic,0.55,719594
V01996,Hydrocarbon,13.56,197.4,4.46,265.3,ISO Class IV,None,0,0,0,Control,6,150,300,Full bore,Threaded,ASME B16.10,CS/WCB,Carbon steel,SS410,None,PTFE,0,0,0,0.2,0.2,0.1,0.25,Electric,Fail-in-place,0,0,1,1,0,0,0,0,0,1,0,0,1,None,0,0,0,Basic,Casting,3,Tight,11,0.83,18,Imported-Premium,Import,0.19,480233
V01997,Hydrocarbon,21.15,32.1,3.72,50,ISO Class VI,None,0,0,0,Butterfly,3,80,300,Reduced port,Flanged,ASME B16.10,SS316,Stainless steel,Stellite hardfaced,None,Elastomer (NBR/EPDM),0,1,0,17,12,2.5,0.06,Manual,N/A,0,0,0,0,0,0,0,0,0,1,1,0,0,UT,0,0,0,Basic,Casting,3,Tight,9,0.76,16,MidTier-India,Domestic,0.94,121107
V01998,Natural Gas,28.85,99.5,12.85,104.3,ISO Class V,None,0,0,0,Needle,2,50,300,Reduced port,Threaded,API 6D,CS/WCB,Carbon steel,Nickel Alloy 625,ENP (Electroless Nickel),PTFE,0,0,0,0.2,0.2,0.1,0.25,Manual,N/A,0,0,0,1,0,0,0,0,0,1,1,1,0,PT+MT,0,0,0,Standard,Forging,2,Tight,2,0.79,19,MidTier-India,Domestic,0.98,83412
V01999,Corrosive (Acid),15.22,163,2.56,146.1,ISO Class III,None,0,0,0,Check,3,80,150,Full bore,Butt-weld,ASME B16.10,SS316,Stainless steel,SS316,Tungsten carbide,PEEK,0,1,0,17,12,2.5,0.06,Manual,N/A,0,1,0,0,0,0,0,0,0,1,1,0,0,MT,1,0,0,Full (EN10204 3.1 + QAP/ITP),Casting,1,Standard,8,0.76,14,Imported-Standard,Domestic,0.74,200980
V02000,Steam,7.86,267.9,2.34,74.1,ISO Class IV,None,0,0,0,Control,4,100,150,Reduced port,Flanged,ISO 5752,SS304,Stainless steel,Stellite hardfaced,None,Metal seat,0,0,0,18,8,0.3,0.07,Electric,Fail-open,0,0,0,1,0,0,0,0,0,1,1,0,1,UT+RT,0,0,0,Basic,Casting,3,Tight,3,0.78,20,MidTier-India,Domestic,0.58,360021
